/*
Navicat MySQL Data Transfer

Source Server         : local
Source Server Version : 50703
Source Host           : localhost:3306
Source Database       : filmsdata

Target Server Type    : MYSQL
Target Server Version : 50703
File Encoding         : 65001

Date: 2018-05-21 10:01:24
*/

SET FOREIGN_KEY_CHECKS=0;

-- ----------------------------
-- Table structure for `arrange`
-- ----------------------------
DROP TABLE IF EXISTS `arrange`;
CREATE TABLE `arrange` (
  `arrangeId` bigint(20) NOT NULL AUTO_INCREMENT,
  `filmId` bigint(20) DEFAULT NULL,
  `roomId` int(11) DEFAULT NULL,
  `date` date DEFAULT NULL,
  `start` time DEFAULT NULL,
  `end` time DEFAULT NULL,
  `price` decimal(10,2) DEFAULT NULL,
  `createdAt` datetime DEFAULT NULL,
  `updatedAt` datetime DEFAULT NULL,
  `deletedAt` datetime DEFAULT NULL,
  PRIMARY KEY (`arrangeId`),
  KEY `filmId` (`filmId`),
  KEY `roomId` (`roomId`),
  CONSTRAINT `arrange_ibfk_1` FOREIGN KEY (`filmId`) REFERENCES `film` (`filmId`),
  CONSTRAINT `arrange_ibfk_2` FOREIGN KEY (`roomId`) REFERENCES `filmroom` (`roomId`)
) ENGINE=InnoDB AUTO_INCREMENT=2158 DEFAULT CHARSET=utf8;

-- ----------------------------
-- Records of arrange
-- ----------------------------
INSERT INTO `arrange` VALUES ('57', '35', '10', '2018-02-21', '20:48:18', '21:48:18', '12.00', '2018-02-22 18:19:42', '2018-02-22 18:19:42', '2018-02-22 20:15:07');
INSERT INTO `arrange` VALUES ('58', '35', '10', '2018-02-22', '20:48:18', '21:48:18', '12.00', '2018-02-22 18:19:42', '2018-02-22 18:19:42', '2018-02-22 20:16:05');
INSERT INTO `arrange` VALUES ('59', '35', '10', '2018-02-23', '20:48:18', '21:48:18', '12.00', '2018-02-22 18:19:42', '2018-02-22 18:19:42', null);
INSERT INTO `arrange` VALUES ('60', '35', '10', '2018-02-24', '20:48:18', '21:48:18', '12.00', '2018-02-22 18:19:42', '2018-02-22 21:57:47', null);
INSERT INTO `arrange` VALUES ('61', '35', '10', '2018-02-25', '20:48:18', '21:48:18', '12.00', '2018-02-22 18:19:42', '2018-02-23 09:18:10', null);
INSERT INTO `arrange` VALUES ('62', '35', '10', '2018-02-26', '20:48:18', '21:48:18', '12.00', '2018-02-22 18:19:42', '2018-02-22 18:19:42', null);
INSERT INTO `arrange` VALUES ('63', '35', '10', '2018-02-27', '20:48:18', '21:48:18', '12.00', '2018-02-22 18:19:42', '2018-02-22 18:19:42', null);
INSERT INTO `arrange` VALUES ('64', '35', '10', '2018-02-28', '20:48:18', '21:48:18', '12.00', '2018-02-22 18:19:42', '2018-02-22 18:19:42', null);
INSERT INTO `arrange` VALUES ('65', '35', '10', '2018-03-01', '20:48:18', '21:48:18', '12.00', '2018-02-22 18:19:42', '2018-02-22 18:19:42', null);
INSERT INTO `arrange` VALUES ('66', '35', '10', '2018-03-02', '20:48:18', '21:48:18', '12.00', '2018-02-22 18:19:42', '2018-02-22 18:19:42', null);
INSERT INTO `arrange` VALUES ('67', '35', '10', '2018-03-03', '20:48:18', '21:48:18', '12.00', '2018-02-22 18:19:42', '2018-02-22 18:19:42', null);
INSERT INTO `arrange` VALUES ('68', '35', '10', '2018-03-04', '20:48:18', '21:48:18', '12.00', '2018-02-22 18:19:42', '2018-02-22 18:19:42', null);
INSERT INTO `arrange` VALUES ('69', '35', '10', '2018-03-05', '20:48:18', '21:48:18', '12.00', '2018-02-22 18:19:42', '2018-02-22 18:19:42', null);
INSERT INTO `arrange` VALUES ('70', '35', '10', '2018-03-06', '20:48:18', '21:48:18', '12.00', '2018-02-22 18:19:42', '2018-02-22 18:19:42', null);
INSERT INTO `arrange` VALUES ('71', '35', '10', '2018-03-07', '20:48:18', '21:48:18', '12.00', '2018-02-22 18:19:42', '2018-02-22 18:19:42', null);
INSERT INTO `arrange` VALUES ('72', '35', '10', '2018-03-08', '20:48:18', '21:48:18', '12.00', '2018-02-22 18:19:42', '2018-02-22 18:19:42', null);
INSERT INTO `arrange` VALUES ('73', '35', '10', '2018-03-09', '20:48:18', '21:48:18', '12.00', '2018-02-22 18:19:42', '2018-02-22 18:19:42', null);
INSERT INTO `arrange` VALUES ('74', '35', '10', '2018-03-10', '20:48:18', '21:48:18', '12.00', '2018-02-22 18:19:42', '2018-02-22 18:19:42', null);
INSERT INTO `arrange` VALUES ('75', '35', '10', '2018-03-11', '20:48:18', '21:48:18', '12.00', '2018-02-22 18:19:42', '2018-02-22 18:19:42', null);
INSERT INTO `arrange` VALUES ('76', '35', '10', '2018-03-12', '20:48:18', '21:48:18', '12.00', '2018-02-22 18:19:42', '2018-02-22 18:19:42', null);
INSERT INTO `arrange` VALUES ('77', '35', '10', '2018-03-13', '20:48:18', '21:48:18', '12.00', '2018-02-22 18:19:42', '2018-02-22 18:19:42', null);
INSERT INTO `arrange` VALUES ('78', '35', '10', '2018-03-14', '20:48:18', '21:48:18', '12.00', '2018-02-22 18:19:42', '2018-02-22 18:19:42', null);
INSERT INTO `arrange` VALUES ('79', '35', '10', '2018-03-15', '20:48:18', '21:48:18', '12.00', '2018-02-22 18:19:42', '2018-02-22 18:19:42', null);
INSERT INTO `arrange` VALUES ('80', '35', '10', '2018-03-16', '20:48:18', '21:48:18', '12.00', '2018-02-22 18:19:42', '2018-02-22 18:19:42', null);
INSERT INTO `arrange` VALUES ('81', '35', '10', '2018-03-17', '20:48:18', '21:48:18', '12.00', '2018-02-22 18:19:42', '2018-02-22 18:19:42', null);
INSERT INTO `arrange` VALUES ('82', '35', '10', '2018-03-18', '20:48:18', '21:48:18', '12.00', '2018-02-22 18:19:42', '2018-02-22 18:19:42', null);
INSERT INTO `arrange` VALUES ('83', '35', '10', '2018-03-19', '20:48:18', '21:48:18', '12.00', '2018-02-22 18:19:42', '2018-02-22 18:19:42', null);
INSERT INTO `arrange` VALUES ('84', '35', '10', '2018-03-20', '20:48:18', '21:48:18', '12.00', '2018-02-22 18:19:42', '2018-02-22 18:19:42', null);
INSERT INTO `arrange` VALUES ('85', '35', '10', '2018-02-15', '18:27:07', '19:27:07', '123.00', '2018-02-22 18:24:39', '2018-02-22 18:24:39', null);
INSERT INTO `arrange` VALUES ('86', '35', '10', '2018-02-16', '18:27:07', '19:27:07', '123.00', '2018-02-22 18:24:39', '2018-02-22 18:24:39', null);
INSERT INTO `arrange` VALUES ('87', '35', '10', '2018-02-17', '18:27:07', '19:27:07', '123.00', '2018-02-22 18:24:39', '2018-02-22 18:24:39', null);
INSERT INTO `arrange` VALUES ('88', '35', '10', '2018-02-18', '18:27:07', '19:27:07', '123.00', '2018-02-22 18:24:39', '2018-02-22 18:24:39', null);
INSERT INTO `arrange` VALUES ('89', '35', '10', '2018-02-19', '18:27:07', '19:27:07', '123.00', '2018-02-22 18:24:39', '2018-02-22 18:24:39', null);
INSERT INTO `arrange` VALUES ('90', '35', '10', '2018-02-20', '18:27:07', '19:27:07', '123.00', '2018-02-22 18:24:39', '2018-02-22 18:24:39', null);
INSERT INTO `arrange` VALUES ('91', '35', '10', '2018-02-21', '18:27:07', '19:27:07', '123.00', '2018-02-22 18:24:39', '2018-02-22 18:24:39', null);
INSERT INTO `arrange` VALUES ('92', '36', '10', '2018-02-22', '20:25:51', '21:25:51', '45.00', '2018-02-22 18:26:12', '2018-02-22 18:26:12', null);
INSERT INTO `arrange` VALUES ('93', '35', '9', '2018-03-13', '12:25:18', '13:25:18', '30.00', '2018-03-20 11:28:12', '2018-03-20 11:28:12', null);
INSERT INTO `arrange` VALUES ('94', '35', '10', '2018-03-13', '12:25:18', '13:25:18', '30.00', '2018-03-20 11:28:12', '2018-03-20 11:28:12', null);
INSERT INTO `arrange` VALUES ('95', '35', '9', '2018-03-14', '12:25:18', '13:25:18', '30.00', '2018-03-20 11:28:12', '2018-03-20 11:28:12', null);
INSERT INTO `arrange` VALUES ('96', '35', '10', '2018-03-14', '12:25:18', '13:25:18', '30.00', '2018-03-20 11:28:12', '2018-03-20 11:28:12', null);
INSERT INTO `arrange` VALUES ('97', '35', '9', '2018-03-15', '12:25:18', '13:25:18', '30.00', '2018-03-20 11:28:12', '2018-03-20 11:28:12', null);
INSERT INTO `arrange` VALUES ('98', '35', '10', '2018-03-15', '12:25:18', '13:25:18', '30.00', '2018-03-20 11:28:12', '2018-03-20 11:28:12', null);
INSERT INTO `arrange` VALUES ('99', '35', '9', '2018-03-16', '12:25:18', '13:25:18', '30.00', '2018-03-20 11:28:12', '2018-03-20 11:28:12', null);
INSERT INTO `arrange` VALUES ('100', '35', '10', '2018-03-16', '12:25:18', '13:25:18', '30.00', '2018-03-20 11:28:12', '2018-03-20 11:28:12', null);
INSERT INTO `arrange` VALUES ('101', '35', '9', '2018-03-17', '12:25:18', '13:25:18', '30.00', '2018-03-20 11:28:12', '2018-03-20 11:28:12', null);
INSERT INTO `arrange` VALUES ('102', '35', '10', '2018-03-17', '12:25:18', '13:25:18', '30.00', '2018-03-20 11:28:12', '2018-03-20 11:28:12', null);
INSERT INTO `arrange` VALUES ('103', '35', '9', '2018-03-18', '12:25:18', '13:25:18', '30.00', '2018-03-20 11:28:12', '2018-03-20 11:28:12', null);
INSERT INTO `arrange` VALUES ('104', '35', '10', '2018-03-18', '12:25:18', '13:25:18', '30.00', '2018-03-20 11:28:12', '2018-03-20 11:28:12', null);
INSERT INTO `arrange` VALUES ('105', '35', '9', '2018-03-19', '12:25:18', '13:25:18', '30.00', '2018-03-20 11:28:12', '2018-03-20 11:28:12', null);
INSERT INTO `arrange` VALUES ('106', '35', '10', '2018-03-19', '12:25:18', '13:25:18', '30.00', '2018-03-20 11:28:12', '2018-03-20 11:28:12', null);
INSERT INTO `arrange` VALUES ('107', '35', '9', '2018-03-20', '12:25:18', '13:25:18', '30.00', '2018-03-20 11:28:12', '2018-03-20 11:28:12', null);
INSERT INTO `arrange` VALUES ('108', '35', '10', '2018-03-20', '12:25:18', '13:25:18', '30.00', '2018-03-20 11:28:12', '2018-03-20 11:28:12', null);
INSERT INTO `arrange` VALUES ('109', '35', '9', '2018-03-13', '17:28:18', '18:28:18', '30.00', '2018-03-20 14:54:00', '2018-03-20 14:54:00', null);
INSERT INTO `arrange` VALUES ('110', '35', '10', '2018-03-13', '17:28:18', '18:28:18', '30.00', '2018-03-20 14:54:00', '2018-03-20 14:54:00', null);
INSERT INTO `arrange` VALUES ('111', '35', '19', '2018-03-13', '17:28:18', '18:28:18', '30.00', '2018-03-20 14:54:00', '2018-03-20 14:54:00', null);
INSERT INTO `arrange` VALUES ('112', '35', '20', '2018-03-13', '17:28:18', '18:28:18', '30.00', '2018-03-20 14:54:00', '2018-03-20 14:54:00', null);
INSERT INTO `arrange` VALUES ('113', '35', '9', '2018-03-14', '17:28:18', '18:28:18', '30.00', '2018-03-20 14:54:00', '2018-03-20 14:54:00', null);
INSERT INTO `arrange` VALUES ('114', '35', '10', '2018-03-14', '17:28:18', '18:28:18', '30.00', '2018-03-20 14:54:00', '2018-03-20 14:54:00', null);
INSERT INTO `arrange` VALUES ('115', '35', '19', '2018-03-14', '17:28:18', '18:28:18', '30.00', '2018-03-20 14:54:00', '2018-03-20 14:54:00', null);
INSERT INTO `arrange` VALUES ('116', '35', '20', '2018-03-14', '17:28:18', '18:28:18', '30.00', '2018-03-20 14:54:00', '2018-03-20 14:54:00', null);
INSERT INTO `arrange` VALUES ('117', '35', '9', '2018-03-15', '17:28:18', '18:28:18', '30.00', '2018-03-20 14:54:00', '2018-03-20 14:54:00', null);
INSERT INTO `arrange` VALUES ('118', '35', '10', '2018-03-15', '17:28:18', '18:28:18', '30.00', '2018-03-20 14:54:00', '2018-03-20 14:54:00', null);
INSERT INTO `arrange` VALUES ('119', '35', '19', '2018-03-15', '17:28:18', '18:28:18', '30.00', '2018-03-20 14:54:00', '2018-03-20 14:54:00', null);
INSERT INTO `arrange` VALUES ('120', '35', '20', '2018-03-15', '17:28:18', '18:28:18', '30.00', '2018-03-20 14:54:00', '2018-03-20 14:54:00', null);
INSERT INTO `arrange` VALUES ('121', '35', '9', '2018-03-16', '17:28:18', '18:28:18', '30.00', '2018-03-20 14:54:00', '2018-03-20 14:54:00', null);
INSERT INTO `arrange` VALUES ('122', '35', '10', '2018-03-16', '17:28:18', '18:28:18', '30.00', '2018-03-20 14:54:00', '2018-03-20 14:54:00', null);
INSERT INTO `arrange` VALUES ('123', '35', '19', '2018-03-16', '17:28:18', '18:28:18', '30.00', '2018-03-20 14:54:00', '2018-03-20 14:54:00', null);
INSERT INTO `arrange` VALUES ('124', '35', '20', '2018-03-16', '17:28:18', '18:28:18', '30.00', '2018-03-20 14:54:00', '2018-03-20 14:54:00', null);
INSERT INTO `arrange` VALUES ('125', '35', '9', '2018-03-17', '17:28:18', '18:28:18', '30.00', '2018-03-20 14:54:00', '2018-03-20 14:54:00', null);
INSERT INTO `arrange` VALUES ('126', '35', '10', '2018-03-17', '17:28:18', '18:28:18', '30.00', '2018-03-20 14:54:00', '2018-03-20 14:54:00', null);
INSERT INTO `arrange` VALUES ('127', '35', '19', '2018-03-17', '17:28:18', '18:28:18', '30.00', '2018-03-20 14:54:00', '2018-03-20 14:54:00', null);
INSERT INTO `arrange` VALUES ('128', '35', '20', '2018-03-17', '17:28:18', '18:28:18', '30.00', '2018-03-20 14:54:00', '2018-03-20 14:54:00', null);
INSERT INTO `arrange` VALUES ('129', '35', '9', '2018-03-18', '17:28:18', '18:28:18', '30.00', '2018-03-20 14:54:00', '2018-03-20 14:54:00', null);
INSERT INTO `arrange` VALUES ('130', '35', '10', '2018-03-18', '17:28:18', '18:28:18', '30.00', '2018-03-20 14:54:00', '2018-03-20 14:54:00', null);
INSERT INTO `arrange` VALUES ('131', '35', '19', '2018-03-18', '17:28:18', '18:28:18', '30.00', '2018-03-20 14:54:00', '2018-03-20 14:54:00', null);
INSERT INTO `arrange` VALUES ('132', '35', '20', '2018-03-18', '17:28:18', '18:28:18', '30.00', '2018-03-20 14:54:00', '2018-03-20 14:54:00', null);
INSERT INTO `arrange` VALUES ('133', '35', '9', '2018-03-19', '17:28:18', '18:28:18', '30.00', '2018-03-20 14:54:00', '2018-03-20 14:54:00', null);
INSERT INTO `arrange` VALUES ('134', '35', '10', '2018-03-19', '17:28:18', '18:28:18', '30.00', '2018-03-20 14:54:00', '2018-03-20 14:54:00', null);
INSERT INTO `arrange` VALUES ('135', '35', '19', '2018-03-19', '17:28:18', '18:28:18', '30.00', '2018-03-20 14:54:00', '2018-03-20 14:54:00', null);
INSERT INTO `arrange` VALUES ('136', '35', '20', '2018-03-19', '17:28:18', '18:28:18', '30.00', '2018-03-20 14:54:00', '2018-03-20 14:54:00', null);
INSERT INTO `arrange` VALUES ('137', '35', '9', '2018-03-20', '17:28:18', '18:28:18', '30.00', '2018-03-20 14:54:00', '2018-03-20 14:54:00', null);
INSERT INTO `arrange` VALUES ('138', '35', '10', '2018-03-20', '17:28:18', '18:28:18', '30.00', '2018-03-20 14:54:00', '2018-03-20 14:54:00', null);
INSERT INTO `arrange` VALUES ('139', '35', '19', '2018-03-20', '17:28:18', '18:28:18', '30.00', '2018-03-20 14:54:00', '2018-03-20 14:54:00', null);
INSERT INTO `arrange` VALUES ('140', '35', '20', '2018-03-20', '17:28:18', '18:28:18', '30.00', '2018-03-20 14:54:00', '2018-03-20 14:54:00', null);
INSERT INTO `arrange` VALUES ('141', '35', '9', '2018-03-21', '11:09:02', '12:09:02', '35.20', '2018-03-21 09:07:53', '2018-03-21 09:07:53', null);
INSERT INTO `arrange` VALUES ('142', '35', '19', '2018-03-21', '11:09:02', '12:09:02', '35.20', '2018-03-21 09:07:53', '2018-03-21 09:07:53', null);
INSERT INTO `arrange` VALUES ('143', '35', '9', '2018-03-22', '11:09:02', '12:09:02', '35.20', '2018-03-21 09:07:53', '2018-03-21 09:07:53', null);
INSERT INTO `arrange` VALUES ('144', '35', '19', '2018-03-22', '11:09:02', '12:09:02', '35.20', '2018-03-21 09:07:53', '2018-03-21 09:07:53', null);
INSERT INTO `arrange` VALUES ('145', '35', '9', '2018-03-23', '11:09:02', '12:09:02', '35.20', '2018-03-21 09:07:53', '2018-03-21 09:07:53', null);
INSERT INTO `arrange` VALUES ('146', '35', '19', '2018-03-23', '11:09:02', '12:09:02', '35.20', '2018-03-21 09:07:53', '2018-03-21 09:07:53', null);
INSERT INTO `arrange` VALUES ('147', '35', '9', '2018-03-24', '11:09:02', '12:09:02', '35.20', '2018-03-21 09:07:53', '2018-03-21 09:07:53', null);
INSERT INTO `arrange` VALUES ('148', '35', '19', '2018-03-24', '11:09:02', '12:09:02', '35.20', '2018-03-21 09:07:53', '2018-03-21 09:07:53', null);
INSERT INTO `arrange` VALUES ('149', '35', '9', '2018-03-25', '11:09:02', '12:09:02', '35.20', '2018-03-21 09:07:53', '2018-03-21 09:07:53', null);
INSERT INTO `arrange` VALUES ('150', '35', '19', '2018-03-25', '11:09:02', '12:09:02', '35.20', '2018-03-21 09:07:53', '2018-03-21 09:07:53', null);
INSERT INTO `arrange` VALUES ('151', '35', '9', '2018-03-26', '11:09:02', '12:09:02', '35.20', '2018-03-21 09:07:53', '2018-03-21 09:07:53', null);
INSERT INTO `arrange` VALUES ('152', '35', '19', '2018-03-26', '11:09:02', '12:09:02', '35.20', '2018-03-21 09:07:53', '2018-03-21 09:07:53', null);
INSERT INTO `arrange` VALUES ('153', '35', '9', '2018-03-27', '11:09:02', '12:09:02', '35.20', '2018-03-21 09:07:53', '2018-03-21 09:07:53', null);
INSERT INTO `arrange` VALUES ('154', '35', '19', '2018-03-27', '11:09:02', '12:09:02', '35.20', '2018-03-21 09:07:53', '2018-03-21 09:07:53', null);
INSERT INTO `arrange` VALUES ('155', '35', '9', '2018-03-28', '11:09:02', '12:09:02', '35.20', '2018-03-21 09:07:53', '2018-03-21 09:07:53', null);
INSERT INTO `arrange` VALUES ('156', '35', '19', '2018-03-28', '11:09:02', '12:09:02', '35.20', '2018-03-21 09:07:53', '2018-03-21 09:07:53', null);
INSERT INTO `arrange` VALUES ('157', '35', '9', '2018-03-29', '11:09:02', '12:09:02', '35.20', '2018-03-21 09:07:53', '2018-03-21 09:07:53', null);
INSERT INTO `arrange` VALUES ('158', '35', '19', '2018-03-29', '11:09:02', '12:09:02', '35.20', '2018-03-21 09:07:53', '2018-03-21 09:07:53', null);
INSERT INTO `arrange` VALUES ('159', '35', '9', '2018-03-30', '11:09:02', '12:09:02', '35.20', '2018-03-21 09:07:53', '2018-03-21 09:07:53', null);
INSERT INTO `arrange` VALUES ('160', '35', '19', '2018-03-30', '11:09:02', '12:09:02', '35.20', '2018-03-21 09:07:53', '2018-03-21 09:07:53', null);
INSERT INTO `arrange` VALUES ('161', '35', '9', '2018-03-31', '11:09:02', '12:09:02', '35.20', '2018-03-21 09:07:53', '2018-03-21 09:07:53', null);
INSERT INTO `arrange` VALUES ('162', '35', '19', '2018-03-31', '11:09:02', '12:09:02', '35.20', '2018-03-21 09:07:53', '2018-03-21 09:07:53', null);
INSERT INTO `arrange` VALUES ('163', '35', '9', '2018-04-01', '11:09:02', '12:09:02', '35.20', '2018-03-21 09:07:53', '2018-03-21 09:07:53', null);
INSERT INTO `arrange` VALUES ('164', '35', '19', '2018-04-01', '11:09:02', '12:09:02', '35.20', '2018-03-21 09:07:53', '2018-03-21 09:07:53', null);
INSERT INTO `arrange` VALUES ('165', '35', '9', '2018-04-02', '11:09:02', '12:09:02', '35.20', '2018-03-21 09:07:53', '2018-03-21 09:07:53', null);
INSERT INTO `arrange` VALUES ('166', '35', '19', '2018-04-02', '11:09:02', '12:09:02', '35.20', '2018-03-21 09:07:53', '2018-03-21 09:07:53', null);
INSERT INTO `arrange` VALUES ('167', '35', '9', '2018-04-03', '11:09:02', '12:09:02', '35.20', '2018-03-21 09:07:53', '2018-03-21 09:07:53', null);
INSERT INTO `arrange` VALUES ('168', '35', '19', '2018-04-03', '11:09:02', '12:09:02', '35.20', '2018-03-21 09:07:53', '2018-03-21 09:07:53', null);
INSERT INTO `arrange` VALUES ('169', '35', '9', '2018-04-04', '11:09:02', '12:09:02', '35.20', '2018-03-21 09:07:53', '2018-03-21 09:07:53', null);
INSERT INTO `arrange` VALUES ('170', '35', '19', '2018-04-04', '11:09:02', '12:09:02', '35.20', '2018-03-21 09:07:53', '2018-03-21 09:07:53', null);
INSERT INTO `arrange` VALUES ('171', '35', '9', '2018-04-05', '11:09:02', '12:09:02', '35.20', '2018-03-21 09:07:53', '2018-03-21 09:07:53', null);
INSERT INTO `arrange` VALUES ('172', '35', '19', '2018-04-05', '11:09:02', '12:09:02', '35.20', '2018-03-21 09:07:53', '2018-03-21 09:07:53', null);
INSERT INTO `arrange` VALUES ('173', '35', '9', '2018-04-06', '11:09:02', '12:09:02', '35.20', '2018-03-21 09:07:53', '2018-03-21 09:07:53', null);
INSERT INTO `arrange` VALUES ('174', '35', '19', '2018-04-06', '11:09:02', '12:09:02', '35.20', '2018-03-21 09:07:53', '2018-03-21 09:07:53', null);
INSERT INTO `arrange` VALUES ('175', '35', '9', '2018-04-07', '11:09:02', '12:09:02', '35.20', '2018-03-21 09:07:53', '2018-03-21 09:07:53', null);
INSERT INTO `arrange` VALUES ('176', '35', '19', '2018-04-07', '11:09:02', '12:09:02', '35.20', '2018-03-21 09:07:53', '2018-03-21 09:07:53', null);
INSERT INTO `arrange` VALUES ('177', '35', '9', '2018-04-08', '11:09:02', '12:09:02', '35.20', '2018-03-21 09:07:53', '2018-03-21 09:07:53', null);
INSERT INTO `arrange` VALUES ('178', '35', '19', '2018-04-08', '11:09:02', '12:09:02', '35.20', '2018-03-21 09:07:53', '2018-03-21 09:07:53', null);
INSERT INTO `arrange` VALUES ('179', '35', '9', '2018-04-09', '11:09:02', '12:09:02', '35.20', '2018-03-21 09:07:53', '2018-03-21 09:07:53', null);
INSERT INTO `arrange` VALUES ('180', '35', '19', '2018-04-09', '11:09:02', '12:09:02', '35.20', '2018-03-21 09:07:53', '2018-03-21 09:07:53', null);
INSERT INTO `arrange` VALUES ('181', '35', '9', '2018-04-10', '11:09:02', '12:09:02', '35.20', '2018-03-21 09:07:53', '2018-03-21 09:07:53', null);
INSERT INTO `arrange` VALUES ('182', '35', '19', '2018-04-10', '11:09:02', '12:09:02', '35.20', '2018-03-21 09:07:53', '2018-03-21 09:07:53', null);
INSERT INTO `arrange` VALUES ('183', '35', '9', '2018-04-11', '11:09:02', '12:09:02', '35.20', '2018-03-21 09:07:53', '2018-03-21 09:07:53', null);
INSERT INTO `arrange` VALUES ('184', '35', '19', '2018-04-11', '11:09:02', '12:09:02', '35.20', '2018-03-21 09:07:53', '2018-03-21 09:07:53', null);
INSERT INTO `arrange` VALUES ('185', '35', '9', '2018-04-12', '11:09:02', '12:09:02', '35.20', '2018-03-21 09:07:53', '2018-03-21 09:07:53', null);
INSERT INTO `arrange` VALUES ('186', '35', '19', '2018-04-12', '11:09:02', '12:09:02', '35.20', '2018-03-21 09:07:53', '2018-03-21 09:07:53', null);
INSERT INTO `arrange` VALUES ('187', '35', '9', '2018-04-13', '11:09:02', '12:09:02', '35.20', '2018-03-21 09:07:53', '2018-03-21 09:07:53', null);
INSERT INTO `arrange` VALUES ('188', '35', '19', '2018-04-13', '11:09:02', '12:09:02', '35.20', '2018-03-21 09:07:53', '2018-03-21 09:07:53', null);
INSERT INTO `arrange` VALUES ('189', '35', '9', '2018-04-14', '11:09:02', '12:09:02', '35.20', '2018-03-21 09:07:53', '2018-03-21 09:07:53', null);
INSERT INTO `arrange` VALUES ('190', '35', '19', '2018-04-14', '11:09:02', '12:09:02', '35.20', '2018-03-21 09:07:53', '2018-03-21 09:07:53', null);
INSERT INTO `arrange` VALUES ('191', '35', '9', '2018-04-15', '11:09:02', '12:09:02', '35.20', '2018-03-21 09:07:53', '2018-03-21 09:07:53', null);
INSERT INTO `arrange` VALUES ('192', '35', '19', '2018-04-15', '11:09:02', '12:09:02', '35.20', '2018-03-21 09:07:53', '2018-03-21 09:07:53', null);
INSERT INTO `arrange` VALUES ('193', '35', '9', '2018-04-16', '11:09:02', '12:09:02', '35.20', '2018-03-21 09:07:53', '2018-03-21 09:07:53', null);
INSERT INTO `arrange` VALUES ('194', '35', '19', '2018-04-16', '11:09:02', '12:09:02', '35.20', '2018-03-21 09:07:53', '2018-03-21 09:07:53', null);
INSERT INTO `arrange` VALUES ('195', '35', '9', '2018-04-17', '11:09:02', '12:09:02', '35.20', '2018-03-21 09:07:53', '2018-03-21 09:07:53', null);
INSERT INTO `arrange` VALUES ('196', '35', '19', '2018-04-17', '11:09:02', '12:09:02', '35.20', '2018-03-21 09:07:53', '2018-03-21 09:07:53', null);
INSERT INTO `arrange` VALUES ('197', '35', '9', '2018-04-18', '11:09:02', '12:09:02', '35.20', '2018-03-21 09:07:53', '2018-03-21 09:07:53', null);
INSERT INTO `arrange` VALUES ('198', '35', '19', '2018-04-18', '11:09:02', '12:09:02', '35.20', '2018-03-21 09:07:53', '2018-03-21 09:07:53', null);
INSERT INTO `arrange` VALUES ('199', '35', '9', '2018-04-19', '11:09:02', '12:09:02', '35.20', '2018-03-21 09:07:53', '2018-03-21 09:07:53', null);
INSERT INTO `arrange` VALUES ('200', '35', '19', '2018-04-19', '11:09:02', '12:09:02', '35.20', '2018-03-21 09:07:53', '2018-03-21 09:07:53', null);
INSERT INTO `arrange` VALUES ('201', '35', '9', '2018-04-20', '11:09:02', '12:09:02', '35.20', '2018-03-21 09:07:53', '2018-03-21 09:07:53', null);
INSERT INTO `arrange` VALUES ('202', '35', '19', '2018-04-20', '11:09:02', '12:09:02', '35.20', '2018-03-21 09:07:53', '2018-03-21 09:07:53', null);
INSERT INTO `arrange` VALUES ('203', '35', '9', '2018-04-21', '11:09:02', '12:09:02', '35.20', '2018-03-21 09:07:53', '2018-03-21 09:07:53', null);
INSERT INTO `arrange` VALUES ('204', '35', '19', '2018-04-21', '11:09:02', '12:09:02', '35.20', '2018-03-21 09:07:53', '2018-03-21 09:07:53', null);
INSERT INTO `arrange` VALUES ('205', '35', '9', '2018-04-22', '11:09:02', '12:09:02', '35.20', '2018-03-21 09:07:53', '2018-03-21 09:07:53', null);
INSERT INTO `arrange` VALUES ('206', '35', '19', '2018-04-22', '11:09:02', '12:09:02', '35.20', '2018-03-21 09:07:53', '2018-03-21 09:07:53', null);
INSERT INTO `arrange` VALUES ('207', '35', '9', '2018-04-23', '11:09:02', '12:09:02', '35.20', '2018-03-21 09:07:53', '2018-03-21 09:07:53', null);
INSERT INTO `arrange` VALUES ('208', '35', '19', '2018-04-23', '11:09:02', '12:09:02', '35.20', '2018-03-21 09:07:53', '2018-03-21 09:07:53', null);
INSERT INTO `arrange` VALUES ('209', '35', '9', '2018-04-24', '11:09:02', '12:09:02', '35.20', '2018-03-21 09:07:53', '2018-03-21 09:07:53', null);
INSERT INTO `arrange` VALUES ('210', '35', '19', '2018-04-24', '11:09:02', '12:09:02', '35.20', '2018-03-21 09:07:53', '2018-03-21 09:07:53', null);
INSERT INTO `arrange` VALUES ('211', '35', '9', '2018-04-25', '11:09:02', '12:09:02', '35.20', '2018-03-21 09:07:53', '2018-03-21 09:07:53', null);
INSERT INTO `arrange` VALUES ('212', '35', '19', '2018-04-25', '11:09:02', '12:09:02', '35.20', '2018-03-21 09:07:53', '2018-03-21 09:07:53', null);
INSERT INTO `arrange` VALUES ('213', '35', '9', '2018-04-26', '11:09:02', '12:09:02', '35.20', '2018-03-21 09:07:53', '2018-03-21 09:07:53', null);
INSERT INTO `arrange` VALUES ('214', '35', '19', '2018-04-26', '11:09:02', '12:09:02', '35.20', '2018-03-21 09:07:53', '2018-03-21 09:07:53', null);
INSERT INTO `arrange` VALUES ('215', '35', '9', '2018-04-27', '11:09:02', '12:09:02', '35.20', '2018-03-21 09:07:53', '2018-03-21 09:07:53', null);
INSERT INTO `arrange` VALUES ('216', '35', '19', '2018-04-27', '11:09:02', '12:09:02', '35.20', '2018-03-21 09:07:53', '2018-03-21 09:07:53', null);
INSERT INTO `arrange` VALUES ('217', '35', '9', '2018-04-28', '11:09:02', '12:09:02', '35.20', '2018-03-21 09:07:53', '2018-03-21 09:07:53', null);
INSERT INTO `arrange` VALUES ('218', '35', '19', '2018-04-28', '11:09:02', '12:09:02', '35.20', '2018-03-21 09:07:53', '2018-03-21 09:07:53', null);
INSERT INTO `arrange` VALUES ('219', '35', '9', '2018-04-29', '11:09:02', '12:09:02', '35.20', '2018-03-21 09:07:53', '2018-03-21 09:07:53', null);
INSERT INTO `arrange` VALUES ('220', '35', '19', '2018-04-29', '11:09:02', '12:09:02', '35.20', '2018-03-21 09:07:53', '2018-03-21 09:07:53', null);
INSERT INTO `arrange` VALUES ('221', '35', '9', '2018-04-30', '11:09:02', '12:09:02', '35.20', '2018-03-21 09:07:53', '2018-03-21 09:07:53', null);
INSERT INTO `arrange` VALUES ('222', '35', '19', '2018-04-30', '11:09:02', '12:09:02', '35.20', '2018-03-21 09:07:53', '2018-03-21 09:07:53', null);
INSERT INTO `arrange` VALUES ('223', '69', '9', '2018-03-31', '21:23:31', '22:23:31', '32.00', '2018-03-31 20:24:44', '2018-03-31 20:24:44', null);
INSERT INTO `arrange` VALUES ('224', '69', '9', '2018-04-01', '21:23:31', '22:23:31', '32.00', '2018-03-31 20:24:44', '2018-03-31 20:24:44', null);
INSERT INTO `arrange` VALUES ('225', '69', '9', '2018-04-02', '21:23:31', '22:23:31', '32.00', '2018-03-31 20:24:44', '2018-03-31 20:24:44', null);
INSERT INTO `arrange` VALUES ('226', '69', '9', '2018-04-03', '21:23:31', '22:23:31', '32.00', '2018-03-31 20:24:44', '2018-03-31 20:24:44', null);
INSERT INTO `arrange` VALUES ('227', '69', '9', '2018-04-04', '21:23:31', '22:23:31', '32.00', '2018-03-31 20:24:44', '2018-03-31 20:24:44', null);
INSERT INTO `arrange` VALUES ('228', '69', '9', '2018-04-05', '21:23:31', '22:23:31', '32.00', '2018-03-31 20:24:44', '2018-03-31 20:24:44', null);
INSERT INTO `arrange` VALUES ('229', '69', '9', '2018-04-06', '21:23:31', '22:23:31', '32.00', '2018-03-31 20:24:44', '2018-03-31 20:24:44', null);
INSERT INTO `arrange` VALUES ('230', '69', '9', '2018-04-07', '21:23:31', '22:23:31', '32.00', '2018-03-31 20:24:44', '2018-03-31 20:24:44', null);
INSERT INTO `arrange` VALUES ('231', '69', '9', '2018-04-08', '21:23:31', '22:23:31', '32.00', '2018-03-31 20:24:44', '2018-03-31 20:24:44', null);
INSERT INTO `arrange` VALUES ('232', '69', '9', '2018-04-09', '21:23:31', '22:23:31', '32.00', '2018-03-31 20:24:44', '2018-03-31 20:24:44', null);
INSERT INTO `arrange` VALUES ('233', '69', '9', '2018-04-10', '21:23:31', '22:23:31', '32.00', '2018-03-31 20:24:44', '2018-03-31 20:24:44', null);
INSERT INTO `arrange` VALUES ('234', '69', '9', '2018-04-11', '21:23:31', '22:23:31', '32.00', '2018-03-31 20:24:44', '2018-03-31 20:24:44', null);
INSERT INTO `arrange` VALUES ('235', '69', '9', '2018-04-12', '21:23:31', '22:23:31', '32.00', '2018-03-31 20:24:44', '2018-03-31 20:24:44', null);
INSERT INTO `arrange` VALUES ('236', '69', '9', '2018-04-13', '21:23:31', '22:23:31', '32.00', '2018-03-31 20:24:44', '2018-03-31 20:24:44', null);
INSERT INTO `arrange` VALUES ('237', '69', '9', '2018-04-14', '21:23:31', '22:23:31', '32.00', '2018-03-31 20:24:44', '2018-03-31 20:24:44', null);
INSERT INTO `arrange` VALUES ('238', '69', '9', '2018-04-15', '21:23:31', '22:23:31', '32.00', '2018-03-31 20:24:44', '2018-03-31 20:24:44', null);
INSERT INTO `arrange` VALUES ('239', '69', '9', '2018-04-16', '21:23:31', '22:23:31', '32.00', '2018-03-31 20:24:44', '2018-03-31 20:24:44', null);
INSERT INTO `arrange` VALUES ('240', '69', '9', '2018-04-17', '21:23:31', '22:23:31', '32.00', '2018-03-31 20:24:44', '2018-03-31 20:24:44', null);
INSERT INTO `arrange` VALUES ('241', '69', '9', '2018-04-18', '21:23:31', '22:23:31', '32.00', '2018-03-31 20:24:44', '2018-03-31 20:24:44', null);
INSERT INTO `arrange` VALUES ('242', '69', '9', '2018-04-19', '21:23:31', '22:23:31', '32.00', '2018-03-31 20:24:44', '2018-03-31 20:24:44', null);
INSERT INTO `arrange` VALUES ('243', '69', '9', '2018-04-20', '21:23:31', '22:23:31', '32.00', '2018-03-31 20:24:44', '2018-03-31 20:24:44', null);
INSERT INTO `arrange` VALUES ('244', '69', '9', '2018-04-21', '21:23:31', '22:23:31', '32.00', '2018-03-31 20:24:44', '2018-03-31 20:24:44', null);
INSERT INTO `arrange` VALUES ('245', '69', '9', '2018-04-22', '21:23:31', '22:23:31', '32.00', '2018-03-31 20:24:44', '2018-03-31 20:24:44', null);
INSERT INTO `arrange` VALUES ('246', '69', '9', '2018-04-23', '21:23:31', '22:23:31', '32.00', '2018-03-31 20:24:44', '2018-03-31 20:24:44', null);
INSERT INTO `arrange` VALUES ('247', '69', '9', '2018-04-24', '21:23:31', '22:23:31', '32.00', '2018-03-31 20:24:44', '2018-03-31 20:24:44', null);
INSERT INTO `arrange` VALUES ('248', '69', '9', '2018-04-25', '21:23:31', '22:23:31', '32.00', '2018-03-31 20:24:44', '2018-03-31 20:24:44', null);
INSERT INTO `arrange` VALUES ('249', '38', '9', '2018-03-31', '21:23:31', '22:23:31', '32.00', '2018-03-31 20:25:10', '2018-03-31 20:25:10', null);
INSERT INTO `arrange` VALUES ('250', '38', '9', '2018-04-01', '21:23:31', '22:23:31', '32.00', '2018-03-31 20:25:10', '2018-03-31 20:25:10', null);
INSERT INTO `arrange` VALUES ('251', '38', '9', '2018-04-02', '21:23:31', '22:23:31', '32.00', '2018-03-31 20:25:10', '2018-03-31 20:25:10', null);
INSERT INTO `arrange` VALUES ('252', '38', '9', '2018-04-03', '21:23:31', '22:23:31', '32.00', '2018-03-31 20:25:10', '2018-03-31 20:25:10', null);
INSERT INTO `arrange` VALUES ('253', '38', '9', '2018-04-04', '21:23:31', '22:23:31', '32.00', '2018-03-31 20:25:10', '2018-03-31 20:25:10', null);
INSERT INTO `arrange` VALUES ('254', '38', '9', '2018-04-05', '21:23:31', '22:23:31', '32.00', '2018-03-31 20:25:10', '2018-03-31 20:25:10', null);
INSERT INTO `arrange` VALUES ('255', '38', '9', '2018-04-06', '21:23:31', '22:23:31', '32.00', '2018-03-31 20:25:10', '2018-03-31 20:25:10', null);
INSERT INTO `arrange` VALUES ('256', '38', '9', '2018-04-07', '21:23:31', '22:23:31', '32.00', '2018-03-31 20:25:10', '2018-03-31 20:25:10', null);
INSERT INTO `arrange` VALUES ('257', '38', '9', '2018-04-08', '21:23:31', '22:23:31', '32.00', '2018-03-31 20:25:10', '2018-03-31 20:25:10', null);
INSERT INTO `arrange` VALUES ('258', '38', '9', '2018-04-09', '21:23:31', '22:23:31', '32.00', '2018-03-31 20:25:10', '2018-03-31 20:25:10', null);
INSERT INTO `arrange` VALUES ('259', '38', '9', '2018-04-10', '21:23:31', '22:23:31', '32.00', '2018-03-31 20:25:10', '2018-03-31 20:25:10', null);
INSERT INTO `arrange` VALUES ('260', '38', '9', '2018-04-11', '21:23:31', '22:23:31', '32.00', '2018-03-31 20:25:10', '2018-03-31 20:25:10', null);
INSERT INTO `arrange` VALUES ('261', '38', '9', '2018-04-12', '21:23:31', '22:23:31', '32.00', '2018-03-31 20:25:10', '2018-03-31 20:25:10', null);
INSERT INTO `arrange` VALUES ('262', '38', '9', '2018-04-13', '21:23:31', '22:23:31', '32.00', '2018-03-31 20:25:10', '2018-03-31 20:25:10', null);
INSERT INTO `arrange` VALUES ('263', '38', '9', '2018-04-14', '21:23:31', '22:23:31', '32.00', '2018-03-31 20:25:10', '2018-03-31 20:25:10', null);
INSERT INTO `arrange` VALUES ('264', '38', '9', '2018-04-15', '21:23:31', '22:23:31', '32.00', '2018-03-31 20:25:10', '2018-03-31 20:25:10', null);
INSERT INTO `arrange` VALUES ('265', '38', '9', '2018-04-16', '21:23:31', '22:23:31', '32.00', '2018-03-31 20:25:10', '2018-03-31 20:25:10', null);
INSERT INTO `arrange` VALUES ('266', '38', '9', '2018-04-17', '21:23:31', '22:23:31', '32.00', '2018-03-31 20:25:10', '2018-03-31 20:25:10', null);
INSERT INTO `arrange` VALUES ('267', '38', '9', '2018-04-18', '21:23:31', '22:23:31', '32.00', '2018-03-31 20:25:10', '2018-03-31 20:25:10', null);
INSERT INTO `arrange` VALUES ('268', '38', '9', '2018-04-19', '21:23:31', '22:23:31', '32.00', '2018-03-31 20:25:10', '2018-03-31 20:25:10', null);
INSERT INTO `arrange` VALUES ('269', '38', '9', '2018-04-20', '21:23:31', '22:23:31', '32.00', '2018-03-31 20:25:10', '2018-03-31 20:25:10', null);
INSERT INTO `arrange` VALUES ('270', '38', '9', '2018-04-21', '21:23:31', '22:23:31', '32.00', '2018-03-31 20:25:10', '2018-03-31 20:25:10', null);
INSERT INTO `arrange` VALUES ('271', '38', '9', '2018-04-22', '21:23:31', '22:23:31', '32.00', '2018-03-31 20:25:10', '2018-03-31 20:25:10', null);
INSERT INTO `arrange` VALUES ('272', '38', '9', '2018-04-23', '21:23:31', '22:23:31', '32.00', '2018-03-31 20:25:10', '2018-03-31 20:25:10', null);
INSERT INTO `arrange` VALUES ('273', '38', '9', '2018-04-24', '21:23:31', '22:23:31', '32.00', '2018-03-31 20:25:10', '2018-03-31 20:25:10', null);
INSERT INTO `arrange` VALUES ('274', '38', '9', '2018-04-25', '21:23:31', '22:23:31', '32.00', '2018-03-31 20:25:10', '2018-03-31 20:25:10', null);
INSERT INTO `arrange` VALUES ('275', '35', '10', '2018-04-04', '14:50:03', '15:50:03', '23.00', '2018-04-04 13:50:19', '2018-04-04 13:50:19', null);
INSERT INTO `arrange` VALUES ('276', '35', '10', '2018-04-05', '14:50:03', '15:50:03', '23.00', '2018-04-04 13:50:19', '2018-04-04 13:50:19', null);
INSERT INTO `arrange` VALUES ('277', '35', '10', '2018-04-06', '14:50:03', '15:50:03', '23.00', '2018-04-04 13:50:19', '2018-04-04 13:50:19', null);
INSERT INTO `arrange` VALUES ('278', '35', '10', '2018-04-07', '14:50:03', '15:50:03', '23.00', '2018-04-04 13:50:19', '2018-04-04 13:50:19', null);
INSERT INTO `arrange` VALUES ('279', '35', '10', '2018-04-08', '14:50:03', '15:50:03', '23.00', '2018-04-04 13:50:19', '2018-04-04 13:50:19', null);
INSERT INTO `arrange` VALUES ('280', '35', '10', '2018-04-09', '14:50:03', '15:50:03', '23.00', '2018-04-04 13:50:19', '2018-04-04 13:50:19', null);
INSERT INTO `arrange` VALUES ('281', '35', '10', '2018-04-10', '14:50:03', '15:50:03', '23.00', '2018-04-04 13:50:19', '2018-04-04 13:50:19', null);
INSERT INTO `arrange` VALUES ('282', '35', '10', '2018-04-11', '14:50:03', '15:50:03', '23.00', '2018-04-04 13:50:19', '2018-04-04 13:50:19', null);
INSERT INTO `arrange` VALUES ('283', '35', '10', '2018-04-12', '14:50:03', '15:50:03', '23.00', '2018-04-04 13:50:19', '2018-04-04 13:50:19', null);
INSERT INTO `arrange` VALUES ('284', '35', '10', '2018-04-13', '14:50:03', '15:50:03', '23.00', '2018-04-04 13:50:19', '2018-04-04 13:50:19', null);
INSERT INTO `arrange` VALUES ('285', '35', '10', '2018-04-14', '14:50:03', '15:50:03', '23.00', '2018-04-04 13:50:19', '2018-04-04 13:50:19', null);
INSERT INTO `arrange` VALUES ('286', '35', '10', '2018-04-15', '14:50:03', '15:50:03', '23.00', '2018-04-04 13:50:19', '2018-04-04 13:50:19', null);
INSERT INTO `arrange` VALUES ('287', '35', '10', '2018-04-16', '14:50:03', '15:50:03', '23.00', '2018-04-04 13:50:19', '2018-04-04 13:50:19', null);
INSERT INTO `arrange` VALUES ('288', '35', '10', '2018-04-17', '14:50:03', '15:50:03', '23.00', '2018-04-04 13:50:19', '2018-04-04 13:50:19', null);
INSERT INTO `arrange` VALUES ('289', '35', '10', '2018-04-18', '14:50:03', '15:50:03', '23.00', '2018-04-04 13:50:19', '2018-04-04 13:50:19', null);
INSERT INTO `arrange` VALUES ('290', '35', '10', '2018-04-19', '14:50:03', '15:50:03', '23.00', '2018-04-04 13:50:19', '2018-04-04 13:50:19', null);
INSERT INTO `arrange` VALUES ('291', '35', '10', '2018-04-20', '14:50:03', '15:50:03', '23.00', '2018-04-04 13:50:19', '2018-04-04 13:50:19', null);
INSERT INTO `arrange` VALUES ('292', '35', '10', '2018-04-21', '14:50:03', '15:50:03', '23.00', '2018-04-04 13:50:19', '2018-04-04 13:50:19', null);
INSERT INTO `arrange` VALUES ('293', '35', '10', '2018-04-22', '14:50:03', '15:50:03', '23.00', '2018-04-04 13:50:19', '2018-04-04 13:50:19', null);
INSERT INTO `arrange` VALUES ('294', '35', '10', '2018-04-23', '14:50:03', '15:50:03', '23.00', '2018-04-04 13:50:19', '2018-04-04 13:50:19', null);
INSERT INTO `arrange` VALUES ('295', '35', '10', '2018-04-24', '14:50:03', '15:50:03', '23.00', '2018-04-04 13:50:19', '2018-04-04 13:50:19', null);
INSERT INTO `arrange` VALUES ('296', '35', '10', '2018-04-25', '14:50:03', '15:50:03', '23.00', '2018-04-04 13:50:19', '2018-04-04 13:50:19', null);
INSERT INTO `arrange` VALUES ('297', '35', '10', '2018-04-26', '14:50:03', '15:50:03', '23.00', '2018-04-04 13:50:19', '2018-04-04 13:50:19', null);
INSERT INTO `arrange` VALUES ('298', '35', '10', '2018-04-27', '14:50:03', '15:50:03', '23.00', '2018-04-04 13:50:19', '2018-04-04 13:50:19', null);
INSERT INTO `arrange` VALUES ('299', '35', '10', '2018-04-28', '14:50:03', '15:50:03', '23.00', '2018-04-04 13:50:19', '2018-04-04 13:50:19', null);
INSERT INTO `arrange` VALUES ('300', '35', '10', '2018-04-29', '14:50:03', '15:50:03', '23.00', '2018-04-04 13:50:19', '2018-04-04 13:50:19', null);
INSERT INTO `arrange` VALUES ('301', '35', '10', '2018-04-30', '14:50:03', '15:50:03', '23.00', '2018-04-04 13:50:19', '2018-04-04 13:50:19', null);
INSERT INTO `arrange` VALUES ('302', '35', '10', '2018-05-01', '14:50:03', '15:50:03', '23.00', '2018-04-04 13:50:19', '2018-04-04 13:50:19', null);
INSERT INTO `arrange` VALUES ('303', '35', '10', '2018-05-02', '14:50:03', '15:50:03', '23.00', '2018-04-04 13:50:19', '2018-04-04 13:50:19', null);
INSERT INTO `arrange` VALUES ('304', '35', '10', '2018-05-03', '14:50:03', '15:50:03', '23.00', '2018-04-04 13:50:19', '2018-04-04 13:50:19', null);
INSERT INTO `arrange` VALUES ('305', '35', '10', '2018-05-04', '14:50:03', '15:50:03', '23.00', '2018-04-04 13:50:19', '2018-04-04 13:50:19', null);
INSERT INTO `arrange` VALUES ('306', '35', '10', '2018-05-05', '14:50:03', '15:50:03', '23.00', '2018-04-04 13:50:19', '2018-04-04 13:50:19', null);
INSERT INTO `arrange` VALUES ('307', '35', '10', '2018-05-06', '14:50:03', '15:50:03', '23.00', '2018-04-04 13:50:19', '2018-04-04 13:50:19', null);
INSERT INTO `arrange` VALUES ('308', '35', '10', '2018-05-07', '14:50:03', '15:50:03', '23.00', '2018-04-04 13:50:19', '2018-04-04 13:50:19', null);
INSERT INTO `arrange` VALUES ('309', '35', '10', '2018-05-08', '14:50:03', '15:50:03', '23.00', '2018-04-04 13:50:19', '2018-04-04 13:50:19', null);
INSERT INTO `arrange` VALUES ('310', '35', '10', '2018-05-09', '14:50:03', '15:50:03', '23.00', '2018-04-04 13:50:19', '2018-04-04 13:50:19', null);
INSERT INTO `arrange` VALUES ('311', '35', '10', '2018-05-10', '14:50:03', '15:50:03', '23.00', '2018-04-04 13:50:19', '2018-04-04 13:50:19', null);
INSERT INTO `arrange` VALUES ('312', '35', '10', '2018-05-11', '14:50:03', '15:50:03', '23.00', '2018-04-04 13:50:19', '2018-04-04 13:50:19', null);
INSERT INTO `arrange` VALUES ('313', '35', '10', '2018-05-12', '14:50:03', '15:50:03', '23.00', '2018-04-04 13:50:19', '2018-04-04 13:50:19', null);
INSERT INTO `arrange` VALUES ('314', '35', '10', '2018-05-13', '14:50:03', '15:50:03', '23.00', '2018-04-04 13:50:19', '2018-04-04 13:50:19', null);
INSERT INTO `arrange` VALUES ('315', '35', '10', '2018-05-14', '14:50:03', '15:50:03', '23.00', '2018-04-04 13:50:19', '2018-04-04 13:50:19', null);
INSERT INTO `arrange` VALUES ('316', '35', '10', '2018-05-15', '14:50:03', '15:50:03', '23.00', '2018-04-04 13:50:19', '2018-04-04 13:50:19', null);
INSERT INTO `arrange` VALUES ('317', '35', '10', '2018-05-16', '14:50:03', '15:50:03', '23.00', '2018-04-04 13:50:19', '2018-04-04 13:50:19', null);
INSERT INTO `arrange` VALUES ('318', '35', '10', '2018-05-17', '14:50:03', '15:50:03', '23.00', '2018-04-04 13:50:19', '2018-04-04 13:50:19', null);
INSERT INTO `arrange` VALUES ('319', '35', '10', '2018-05-18', '14:50:03', '15:50:03', '23.00', '2018-04-04 13:50:19', '2018-04-04 13:50:19', null);
INSERT INTO `arrange` VALUES ('320', '35', '10', '2018-05-19', '14:50:03', '15:50:03', '23.00', '2018-04-04 13:50:19', '2018-04-04 13:50:19', null);
INSERT INTO `arrange` VALUES ('321', '35', '10', '2018-05-20', '14:50:03', '15:50:03', '23.00', '2018-04-04 13:50:19', '2018-04-04 13:50:19', null);
INSERT INTO `arrange` VALUES ('322', '35', '10', '2018-05-21', '14:50:03', '15:50:03', '23.00', '2018-04-04 13:50:19', '2018-04-04 13:50:19', null);
INSERT INTO `arrange` VALUES ('323', '35', '10', '2018-05-22', '14:50:03', '15:50:03', '23.00', '2018-04-04 13:50:19', '2018-04-04 13:50:19', null);
INSERT INTO `arrange` VALUES ('324', '35', '10', '2018-05-23', '14:50:03', '15:50:03', '23.00', '2018-04-04 13:50:19', '2018-04-04 13:50:19', null);
INSERT INTO `arrange` VALUES ('325', '35', '10', '2018-05-24', '14:50:03', '15:50:03', '23.00', '2018-04-04 13:50:19', '2018-04-04 13:50:19', null);
INSERT INTO `arrange` VALUES ('326', '35', '10', '2018-05-25', '14:50:03', '15:50:03', '23.00', '2018-04-04 13:50:19', '2018-04-04 13:50:19', null);
INSERT INTO `arrange` VALUES ('327', '70', '9', '2018-05-25', '21:33:05', '23:21:05', '35.00', '2018-04-23 20:34:37', '2018-04-23 20:34:37', null);
INSERT INTO `arrange` VALUES ('328', '71', '14', '2018-04-24', '08:54:43', '11:14:43', '46.00', '2018-04-23 21:53:12', '2018-04-23 21:53:12', null);
INSERT INTO `arrange` VALUES ('329', '71', '14', '2018-04-25', '08:54:43', '11:14:43', '46.00', '2018-04-23 21:53:12', '2018-04-23 21:53:12', null);
INSERT INTO `arrange` VALUES ('330', '71', '14', '2018-04-26', '08:54:43', '11:14:43', '46.00', '2018-04-23 21:53:12', '2018-04-23 21:53:12', null);
INSERT INTO `arrange` VALUES ('331', '71', '14', '2018-04-27', '08:54:43', '11:14:43', '46.00', '2018-04-23 21:53:12', '2018-04-23 21:53:12', null);
INSERT INTO `arrange` VALUES ('332', '71', '14', '2018-04-28', '08:54:43', '11:14:43', '46.00', '2018-04-23 21:53:12', '2018-04-23 21:53:12', null);
INSERT INTO `arrange` VALUES ('333', '71', '14', '2018-04-29', '08:54:43', '11:14:43', '46.00', '2018-04-23 21:53:12', '2018-04-23 21:53:12', null);
INSERT INTO `arrange` VALUES ('334', '71', '14', '2018-04-30', '08:54:43', '11:14:43', '46.00', '2018-04-23 21:53:12', '2018-04-23 21:53:12', null);
INSERT INTO `arrange` VALUES ('335', '71', '14', '2018-05-01', '08:54:43', '11:14:43', '46.00', '2018-04-23 21:53:12', '2018-04-23 21:53:12', null);
INSERT INTO `arrange` VALUES ('336', '71', '14', '2018-05-02', '08:54:43', '11:14:43', '46.00', '2018-04-23 21:53:12', '2018-04-23 21:53:12', null);
INSERT INTO `arrange` VALUES ('337', '71', '14', '2018-05-03', '08:54:43', '11:14:43', '46.00', '2018-04-23 21:53:12', '2018-04-23 21:53:12', null);
INSERT INTO `arrange` VALUES ('338', '71', '14', '2018-05-04', '08:54:43', '11:14:43', '46.00', '2018-04-23 21:53:12', '2018-04-23 21:53:12', null);
INSERT INTO `arrange` VALUES ('339', '71', '14', '2018-05-05', '08:54:43', '11:14:43', '46.00', '2018-04-23 21:53:12', '2018-04-23 21:53:12', null);
INSERT INTO `arrange` VALUES ('340', '71', '14', '2018-05-06', '08:54:43', '11:14:43', '46.00', '2018-04-23 21:53:12', '2018-04-23 21:53:12', null);
INSERT INTO `arrange` VALUES ('341', '71', '14', '2018-05-07', '08:54:43', '11:14:43', '46.00', '2018-04-23 21:53:12', '2018-04-23 21:53:12', null);
INSERT INTO `arrange` VALUES ('342', '71', '14', '2018-05-08', '08:54:43', '11:14:43', '46.00', '2018-04-23 21:53:12', '2018-04-23 21:53:12', null);
INSERT INTO `arrange` VALUES ('343', '71', '14', '2018-05-09', '08:54:43', '11:14:43', '46.00', '2018-04-23 21:53:12', '2018-04-23 21:53:12', null);
INSERT INTO `arrange` VALUES ('344', '71', '14', '2018-05-10', '08:54:43', '11:14:43', '46.00', '2018-04-23 21:53:12', '2018-04-23 21:53:12', null);
INSERT INTO `arrange` VALUES ('345', '71', '14', '2018-05-11', '08:54:43', '11:14:43', '46.00', '2018-04-23 21:53:12', '2018-04-23 21:53:12', null);
INSERT INTO `arrange` VALUES ('346', '71', '14', '2018-05-12', '08:54:43', '11:14:43', '46.00', '2018-04-23 21:53:12', '2018-04-23 21:53:12', null);
INSERT INTO `arrange` VALUES ('347', '71', '14', '2018-05-13', '08:54:43', '11:14:43', '46.00', '2018-04-23 21:53:12', '2018-04-23 21:53:12', null);
INSERT INTO `arrange` VALUES ('348', '71', '14', '2018-05-14', '08:54:43', '11:14:43', '46.00', '2018-04-23 21:53:12', '2018-04-23 21:53:12', null);
INSERT INTO `arrange` VALUES ('349', '71', '14', '2018-05-15', '08:54:43', '11:14:43', '46.00', '2018-04-23 21:53:12', '2018-04-23 21:53:12', null);
INSERT INTO `arrange` VALUES ('350', '71', '14', '2018-05-16', '08:54:43', '11:14:43', '46.00', '2018-04-23 21:53:12', '2018-04-23 21:53:12', null);
INSERT INTO `arrange` VALUES ('351', '71', '14', '2018-05-17', '08:54:43', '11:14:43', '46.00', '2018-04-23 21:53:12', '2018-04-23 21:53:12', null);
INSERT INTO `arrange` VALUES ('352', '71', '14', '2018-05-18', '08:54:43', '11:14:43', '46.00', '2018-04-23 21:53:12', '2018-04-23 21:53:12', null);
INSERT INTO `arrange` VALUES ('353', '71', '14', '2018-05-19', '08:54:43', '11:14:43', '46.00', '2018-04-23 21:53:12', '2018-04-23 21:53:12', null);
INSERT INTO `arrange` VALUES ('354', '71', '14', '2018-05-20', '08:54:43', '11:14:43', '46.00', '2018-04-23 21:53:12', '2018-04-23 21:53:12', null);
INSERT INTO `arrange` VALUES ('355', '71', '14', '2018-05-21', '08:54:43', '11:14:43', '46.00', '2018-04-23 21:53:12', '2018-04-23 21:53:12', null);
INSERT INTO `arrange` VALUES ('356', '71', '14', '2018-05-22', '08:54:43', '11:14:43', '46.00', '2018-04-23 21:53:12', '2018-04-23 21:53:12', null);
INSERT INTO `arrange` VALUES ('357', '71', '14', '2018-05-23', '08:54:43', '11:14:43', '46.00', '2018-04-23 21:53:12', '2018-04-23 21:53:12', null);
INSERT INTO `arrange` VALUES ('358', '71', '14', '2018-05-24', '08:54:43', '11:14:43', '46.00', '2018-04-23 21:53:12', '2018-04-23 21:53:12', null);
INSERT INTO `arrange` VALUES ('359', '71', '14', '2018-05-25', '08:54:43', '11:14:43', '46.00', '2018-04-23 21:53:12', '2018-04-23 21:53:12', null);
INSERT INTO `arrange` VALUES ('360', '71', '14', '2018-05-26', '08:54:43', '11:14:43', '46.00', '2018-04-23 21:53:12', '2018-04-23 21:53:12', null);
INSERT INTO `arrange` VALUES ('361', '71', '14', '2018-05-27', '08:54:43', '11:14:43', '46.00', '2018-04-23 21:53:12', '2018-04-23 21:53:12', null);
INSERT INTO `arrange` VALUES ('362', '71', '14', '2018-05-28', '08:54:43', '11:14:43', '46.00', '2018-04-23 21:53:12', '2018-04-23 21:53:12', null);
INSERT INTO `arrange` VALUES ('363', '71', '14', '2018-05-29', '08:54:43', '11:14:43', '46.00', '2018-04-23 21:53:12', '2018-04-23 21:53:12', null);
INSERT INTO `arrange` VALUES ('364', '71', '14', '2018-05-30', '08:54:43', '11:14:43', '46.00', '2018-04-23 21:53:12', '2018-04-23 21:53:12', null);
INSERT INTO `arrange` VALUES ('365', '71', '14', '2018-05-31', '08:54:43', '11:14:43', '46.00', '2018-04-23 21:53:12', '2018-04-23 21:53:12', null);
INSERT INTO `arrange` VALUES ('366', '72', '10', '2018-04-24', '22:57:28', '00:57:28', '23.00', '2018-04-23 21:55:52', '2018-04-23 21:55:52', null);
INSERT INTO `arrange` VALUES ('367', '73', '20', '2018-04-24', '22:56:17', '00:32:17', '23.00', '2018-04-23 21:56:40', '2018-04-23 21:56:40', null);
INSERT INTO `arrange` VALUES ('368', '71', '9', '2018-05-02', '14:02:47', '16:22:47', '35.00', '2018-05-09 10:03:43', '2018-05-09 10:03:43', null);
INSERT INTO `arrange` VALUES ('369', '71', '9', '2018-05-03', '14:02:47', '16:22:47', '35.00', '2018-05-09 10:03:43', '2018-05-09 10:03:43', null);
INSERT INTO `arrange` VALUES ('370', '71', '9', '2018-05-04', '14:02:47', '16:22:47', '35.00', '2018-05-09 10:03:43', '2018-05-09 10:03:43', null);
INSERT INTO `arrange` VALUES ('371', '71', '9', '2018-05-05', '14:02:47', '16:22:47', '35.00', '2018-05-09 10:03:43', '2018-05-09 10:03:43', null);
INSERT INTO `arrange` VALUES ('372', '71', '9', '2018-05-06', '14:02:47', '16:22:47', '35.00', '2018-05-09 10:03:43', '2018-05-09 10:03:43', null);
INSERT INTO `arrange` VALUES ('373', '71', '9', '2018-05-07', '14:02:47', '16:22:47', '35.00', '2018-05-09 10:03:43', '2018-05-09 10:03:43', null);
INSERT INTO `arrange` VALUES ('374', '71', '9', '2018-05-08', '14:02:47', '16:22:47', '35.00', '2018-05-09 10:03:43', '2018-05-09 10:03:43', null);
INSERT INTO `arrange` VALUES ('375', '71', '9', '2018-05-09', '14:02:47', '16:22:47', '35.00', '2018-05-09 10:03:43', '2018-05-09 10:03:43', null);
INSERT INTO `arrange` VALUES ('376', '71', '9', '2018-05-10', '14:02:47', '16:22:47', '35.00', '2018-05-09 10:03:43', '2018-05-09 10:03:43', null);
INSERT INTO `arrange` VALUES ('377', '71', '9', '2018-05-11', '14:02:47', '16:22:47', '35.00', '2018-05-09 10:03:43', '2018-05-09 10:03:43', null);
INSERT INTO `arrange` VALUES ('378', '71', '9', '2018-05-12', '14:02:47', '16:22:47', '35.00', '2018-05-09 10:03:43', '2018-05-09 10:03:43', null);
INSERT INTO `arrange` VALUES ('379', '71', '9', '2018-05-13', '14:02:47', '16:22:47', '35.00', '2018-05-09 10:03:43', '2018-05-09 10:03:43', null);
INSERT INTO `arrange` VALUES ('380', '71', '9', '2018-05-14', '14:02:47', '16:22:47', '35.00', '2018-05-09 10:03:43', '2018-05-09 10:03:43', null);
INSERT INTO `arrange` VALUES ('381', '71', '9', '2018-05-15', '14:02:47', '16:22:47', '35.00', '2018-05-09 10:03:43', '2018-05-09 10:03:43', null);
INSERT INTO `arrange` VALUES ('382', '71', '9', '2018-05-16', '14:02:47', '16:22:47', '35.00', '2018-05-09 10:03:43', '2018-05-09 10:03:43', null);
INSERT INTO `arrange` VALUES ('383', '71', '9', '2018-05-17', '14:02:47', '16:22:47', '35.00', '2018-05-09 10:03:43', '2018-05-09 10:03:43', null);
INSERT INTO `arrange` VALUES ('384', '71', '9', '2018-05-18', '14:02:47', '16:22:47', '35.00', '2018-05-09 10:03:43', '2018-05-09 10:03:43', null);
INSERT INTO `arrange` VALUES ('385', '71', '9', '2018-05-19', '14:02:47', '16:22:47', '35.00', '2018-05-09 10:03:43', '2018-05-09 10:03:43', null);
INSERT INTO `arrange` VALUES ('386', '71', '9', '2018-05-20', '14:02:47', '16:22:47', '35.00', '2018-05-09 10:03:43', '2018-05-09 10:03:43', null);
INSERT INTO `arrange` VALUES ('387', '71', '9', '2018-05-21', '14:02:47', '16:22:47', '35.00', '2018-05-09 10:03:43', '2018-05-09 10:03:43', null);
INSERT INTO `arrange` VALUES ('388', '71', '9', '2018-05-22', '14:02:47', '16:22:47', '35.00', '2018-05-09 10:03:43', '2018-05-09 10:03:43', null);
INSERT INTO `arrange` VALUES ('389', '71', '9', '2018-05-23', '14:02:47', '16:22:47', '35.00', '2018-05-09 10:03:43', '2018-05-09 10:03:43', null);
INSERT INTO `arrange` VALUES ('390', '71', '9', '2018-05-24', '14:02:47', '16:22:47', '35.00', '2018-05-09 10:03:43', '2018-05-09 10:03:43', null);
INSERT INTO `arrange` VALUES ('391', '71', '9', '2018-05-25', '14:02:47', '16:22:47', '35.00', '2018-05-09 10:03:43', '2018-05-09 10:03:43', null);
INSERT INTO `arrange` VALUES ('392', '71', '9', '2018-05-26', '14:02:47', '16:22:47', '35.00', '2018-05-09 10:03:43', '2018-05-09 10:03:43', null);
INSERT INTO `arrange` VALUES ('393', '71', '9', '2018-05-27', '14:02:47', '16:22:47', '35.00', '2018-05-09 10:03:43', '2018-05-09 10:03:43', null);
INSERT INTO `arrange` VALUES ('394', '71', '9', '2018-05-28', '14:02:47', '16:22:47', '35.00', '2018-05-09 10:03:43', '2018-05-09 10:03:43', null);
INSERT INTO `arrange` VALUES ('395', '71', '9', '2018-05-29', '14:02:47', '16:22:47', '35.00', '2018-05-09 10:03:43', '2018-05-09 10:03:43', null);
INSERT INTO `arrange` VALUES ('396', '71', '9', '2018-05-30', '14:02:47', '16:22:47', '35.00', '2018-05-09 10:03:43', '2018-05-09 10:03:43', null);
INSERT INTO `arrange` VALUES ('397', '71', '9', '2018-05-31', '14:02:47', '16:22:47', '35.00', '2018-05-09 10:03:43', '2018-05-09 10:03:43', null);
INSERT INTO `arrange` VALUES ('398', '71', '9', '2018-06-01', '14:02:47', '16:22:47', '35.00', '2018-05-09 10:03:43', '2018-05-09 10:03:43', null);
INSERT INTO `arrange` VALUES ('399', '71', '9', '2018-06-02', '14:02:47', '16:22:47', '35.00', '2018-05-09 10:03:43', '2018-05-09 10:03:43', null);
INSERT INTO `arrange` VALUES ('400', '71', '9', '2018-06-03', '14:02:47', '16:22:47', '35.00', '2018-05-09 10:03:43', '2018-05-09 10:03:43', null);
INSERT INTO `arrange` VALUES ('401', '71', '9', '2018-06-04', '14:02:47', '16:22:47', '35.00', '2018-05-09 10:03:43', '2018-05-09 10:03:43', null);
INSERT INTO `arrange` VALUES ('402', '71', '9', '2018-06-05', '14:02:47', '16:22:47', '35.00', '2018-05-09 10:03:43', '2018-05-09 10:03:43', null);
INSERT INTO `arrange` VALUES ('403', '71', '9', '2018-06-06', '14:02:47', '16:22:47', '35.00', '2018-05-09 10:03:43', '2018-05-09 10:03:43', null);
INSERT INTO `arrange` VALUES ('404', '71', '9', '2018-06-07', '14:02:47', '16:22:47', '35.00', '2018-05-09 10:03:43', '2018-05-09 10:03:43', null);
INSERT INTO `arrange` VALUES ('405', '71', '9', '2018-06-08', '14:02:47', '16:22:47', '35.00', '2018-05-09 10:03:43', '2018-05-09 10:03:43', null);
INSERT INTO `arrange` VALUES ('406', '71', '9', '2018-06-09', '14:02:47', '16:22:47', '35.00', '2018-05-09 10:03:43', '2018-05-09 10:03:43', null);
INSERT INTO `arrange` VALUES ('407', '71', '9', '2018-06-10', '14:02:47', '16:22:47', '35.00', '2018-05-09 10:03:43', '2018-05-09 10:03:43', null);
INSERT INTO `arrange` VALUES ('408', '71', '9', '2018-06-11', '14:02:47', '16:22:47', '35.00', '2018-05-09 10:03:43', '2018-05-09 10:03:43', null);
INSERT INTO `arrange` VALUES ('409', '71', '9', '2018-06-12', '14:02:47', '16:22:47', '35.00', '2018-05-09 10:03:43', '2018-05-09 10:03:43', null);
INSERT INTO `arrange` VALUES ('410', '71', '9', '2018-06-13', '14:02:47', '16:22:47', '35.00', '2018-05-09 10:03:43', '2018-05-09 10:03:43', null);
INSERT INTO `arrange` VALUES ('411', '71', '9', '2018-06-14', '14:02:47', '16:22:47', '35.00', '2018-05-09 10:03:43', '2018-05-09 10:03:43', null);
INSERT INTO `arrange` VALUES ('412', '71', '9', '2018-06-15', '14:02:47', '16:22:47', '35.00', '2018-05-09 10:03:43', '2018-05-09 10:03:43', null);
INSERT INTO `arrange` VALUES ('413', '71', '9', '2018-06-16', '14:02:47', '16:22:47', '35.00', '2018-05-09 10:03:43', '2018-05-09 10:03:43', null);
INSERT INTO `arrange` VALUES ('414', '71', '9', '2018-06-17', '14:02:47', '16:22:47', '35.00', '2018-05-09 10:03:43', '2018-05-09 10:03:43', null);
INSERT INTO `arrange` VALUES ('415', '71', '9', '2018-06-18', '14:02:47', '16:22:47', '35.00', '2018-05-09 10:03:43', '2018-05-09 10:03:43', null);
INSERT INTO `arrange` VALUES ('416', '71', '9', '2018-06-19', '14:02:47', '16:22:47', '35.00', '2018-05-09 10:03:43', '2018-05-09 10:03:43', null);
INSERT INTO `arrange` VALUES ('417', '71', '9', '2018-06-20', '14:02:47', '16:22:47', '35.00', '2018-05-09 10:03:43', '2018-05-09 10:03:43', null);
INSERT INTO `arrange` VALUES ('418', '71', '9', '2018-06-21', '14:02:47', '16:22:47', '35.00', '2018-05-09 10:03:43', '2018-05-09 10:03:43', null);
INSERT INTO `arrange` VALUES ('419', '71', '9', '2018-06-22', '14:02:47', '16:22:47', '35.00', '2018-05-09 10:03:43', '2018-05-09 10:03:43', null);
INSERT INTO `arrange` VALUES ('420', '71', '9', '2018-06-23', '14:02:47', '16:22:47', '35.00', '2018-05-09 10:03:43', '2018-05-09 10:03:43', null);
INSERT INTO `arrange` VALUES ('421', '71', '9', '2018-06-24', '14:02:47', '16:22:47', '35.00', '2018-05-09 10:03:43', '2018-05-09 10:03:43', null);
INSERT INTO `arrange` VALUES ('422', '71', '9', '2018-06-25', '14:02:47', '16:22:47', '35.00', '2018-05-09 10:03:43', '2018-05-09 10:03:43', null);
INSERT INTO `arrange` VALUES ('423', '71', '9', '2018-06-26', '14:02:47', '16:22:47', '35.00', '2018-05-09 10:03:43', '2018-05-09 10:03:43', null);
INSERT INTO `arrange` VALUES ('424', '71', '9', '2018-06-27', '14:02:47', '16:22:47', '35.00', '2018-05-09 10:03:43', '2018-05-09 10:03:43', null);
INSERT INTO `arrange` VALUES ('425', '71', '9', '2018-06-28', '14:02:47', '16:22:47', '35.00', '2018-05-09 10:03:43', '2018-05-09 10:03:43', null);
INSERT INTO `arrange` VALUES ('426', '70', '9', '2018-04-05', '05:48:23', '07:36:23', '35.00', '2018-05-12 07:49:38', '2018-05-12 07:49:38', null);
INSERT INTO `arrange` VALUES ('427', '70', '10', '2018-04-05', '05:48:23', '07:36:23', '35.00', '2018-05-12 07:49:38', '2018-05-12 07:49:38', null);
INSERT INTO `arrange` VALUES ('428', '70', '14', '2018-04-05', '05:48:23', '07:36:23', '35.00', '2018-05-12 07:49:38', '2018-05-12 07:49:38', null);
INSERT INTO `arrange` VALUES ('429', '70', '19', '2018-04-05', '05:48:23', '07:36:23', '35.00', '2018-05-12 07:49:38', '2018-05-12 07:49:38', null);
INSERT INTO `arrange` VALUES ('430', '70', '9', '2018-04-06', '05:48:23', '07:36:23', '35.00', '2018-05-12 07:49:38', '2018-05-12 07:49:38', null);
INSERT INTO `arrange` VALUES ('431', '70', '10', '2018-04-06', '05:48:23', '07:36:23', '35.00', '2018-05-12 07:49:38', '2018-05-12 07:49:38', null);
INSERT INTO `arrange` VALUES ('432', '70', '14', '2018-04-06', '05:48:23', '07:36:23', '35.00', '2018-05-12 07:49:38', '2018-05-12 07:49:38', null);
INSERT INTO `arrange` VALUES ('433', '70', '19', '2018-04-06', '05:48:23', '07:36:23', '35.00', '2018-05-12 07:49:38', '2018-05-12 07:49:38', null);
INSERT INTO `arrange` VALUES ('434', '70', '9', '2018-04-07', '05:48:23', '07:36:23', '35.00', '2018-05-12 07:49:38', '2018-05-12 07:49:38', null);
INSERT INTO `arrange` VALUES ('435', '70', '10', '2018-04-07', '05:48:23', '07:36:23', '35.00', '2018-05-12 07:49:38', '2018-05-12 07:49:38', null);
INSERT INTO `arrange` VALUES ('436', '70', '14', '2018-04-07', '05:48:23', '07:36:23', '35.00', '2018-05-12 07:49:38', '2018-05-12 07:49:38', null);
INSERT INTO `arrange` VALUES ('437', '70', '19', '2018-04-07', '05:48:23', '07:36:23', '35.00', '2018-05-12 07:49:38', '2018-05-12 07:49:38', null);
INSERT INTO `arrange` VALUES ('438', '70', '9', '2018-04-08', '05:48:23', '07:36:23', '35.00', '2018-05-12 07:49:38', '2018-05-12 07:49:38', null);
INSERT INTO `arrange` VALUES ('439', '70', '10', '2018-04-08', '05:48:23', '07:36:23', '35.00', '2018-05-12 07:49:38', '2018-05-12 07:49:38', null);
INSERT INTO `arrange` VALUES ('440', '70', '14', '2018-04-08', '05:48:23', '07:36:23', '35.00', '2018-05-12 07:49:38', '2018-05-12 07:49:38', null);
INSERT INTO `arrange` VALUES ('441', '70', '19', '2018-04-08', '05:48:23', '07:36:23', '35.00', '2018-05-12 07:49:38', '2018-05-12 07:49:38', null);
INSERT INTO `arrange` VALUES ('442', '70', '9', '2018-04-09', '05:48:23', '07:36:23', '35.00', '2018-05-12 07:49:38', '2018-05-12 07:49:38', null);
INSERT INTO `arrange` VALUES ('443', '70', '10', '2018-04-09', '05:48:23', '07:36:23', '35.00', '2018-05-12 07:49:38', '2018-05-12 07:49:38', null);
INSERT INTO `arrange` VALUES ('444', '70', '14', '2018-04-09', '05:48:23', '07:36:23', '35.00', '2018-05-12 07:49:38', '2018-05-12 07:49:38', null);
INSERT INTO `arrange` VALUES ('445', '70', '19', '2018-04-09', '05:48:23', '07:36:23', '35.00', '2018-05-12 07:49:38', '2018-05-12 07:49:38', null);
INSERT INTO `arrange` VALUES ('446', '70', '9', '2018-04-10', '05:48:23', '07:36:23', '35.00', '2018-05-12 07:49:38', '2018-05-12 07:49:38', null);
INSERT INTO `arrange` VALUES ('447', '70', '10', '2018-04-10', '05:48:23', '07:36:23', '35.00', '2018-05-12 07:49:38', '2018-05-12 07:49:38', null);
INSERT INTO `arrange` VALUES ('448', '70', '14', '2018-04-10', '05:48:23', '07:36:23', '35.00', '2018-05-12 07:49:38', '2018-05-12 07:49:38', null);
INSERT INTO `arrange` VALUES ('449', '70', '19', '2018-04-10', '05:48:23', '07:36:23', '35.00', '2018-05-12 07:49:38', '2018-05-12 07:49:38', null);
INSERT INTO `arrange` VALUES ('450', '70', '9', '2018-04-11', '05:48:23', '07:36:23', '35.00', '2018-05-12 07:49:38', '2018-05-12 07:49:38', null);
INSERT INTO `arrange` VALUES ('451', '70', '10', '2018-04-11', '05:48:23', '07:36:23', '35.00', '2018-05-12 07:49:38', '2018-05-12 07:49:38', null);
INSERT INTO `arrange` VALUES ('452', '70', '14', '2018-04-11', '05:48:23', '07:36:23', '35.00', '2018-05-12 07:49:38', '2018-05-12 07:49:38', null);
INSERT INTO `arrange` VALUES ('453', '70', '19', '2018-04-11', '05:48:23', '07:36:23', '35.00', '2018-05-12 07:49:38', '2018-05-12 07:49:38', null);
INSERT INTO `arrange` VALUES ('454', '70', '9', '2018-04-12', '05:48:23', '07:36:23', '35.00', '2018-05-12 07:49:38', '2018-05-12 07:49:38', null);
INSERT INTO `arrange` VALUES ('455', '70', '10', '2018-04-12', '05:48:23', '07:36:23', '35.00', '2018-05-12 07:49:38', '2018-05-12 07:49:38', null);
INSERT INTO `arrange` VALUES ('456', '70', '14', '2018-04-12', '05:48:23', '07:36:23', '35.00', '2018-05-12 07:49:38', '2018-05-12 07:49:38', null);
INSERT INTO `arrange` VALUES ('457', '70', '19', '2018-04-12', '05:48:23', '07:36:23', '35.00', '2018-05-12 07:49:38', '2018-05-12 07:49:38', null);
INSERT INTO `arrange` VALUES ('458', '70', '9', '2018-04-13', '05:48:23', '07:36:23', '35.00', '2018-05-12 07:49:38', '2018-05-12 07:49:38', null);
INSERT INTO `arrange` VALUES ('459', '70', '10', '2018-04-13', '05:48:23', '07:36:23', '35.00', '2018-05-12 07:49:38', '2018-05-12 07:49:38', null);
INSERT INTO `arrange` VALUES ('460', '70', '14', '2018-04-13', '05:48:23', '07:36:23', '35.00', '2018-05-12 07:49:38', '2018-05-12 07:49:38', null);
INSERT INTO `arrange` VALUES ('461', '70', '19', '2018-04-13', '05:48:23', '07:36:23', '35.00', '2018-05-12 07:49:38', '2018-05-12 07:49:38', null);
INSERT INTO `arrange` VALUES ('462', '70', '9', '2018-04-14', '05:48:23', '07:36:23', '35.00', '2018-05-12 07:49:38', '2018-05-12 07:49:38', null);
INSERT INTO `arrange` VALUES ('463', '70', '10', '2018-04-14', '05:48:23', '07:36:23', '35.00', '2018-05-12 07:49:38', '2018-05-12 07:49:38', null);
INSERT INTO `arrange` VALUES ('464', '70', '14', '2018-04-14', '05:48:23', '07:36:23', '35.00', '2018-05-12 07:49:38', '2018-05-12 07:49:38', null);
INSERT INTO `arrange` VALUES ('465', '70', '19', '2018-04-14', '05:48:23', '07:36:23', '35.00', '2018-05-12 07:49:38', '2018-05-12 07:49:38', null);
INSERT INTO `arrange` VALUES ('466', '70', '9', '2018-04-15', '05:48:23', '07:36:23', '35.00', '2018-05-12 07:49:38', '2018-05-12 07:49:38', null);
INSERT INTO `arrange` VALUES ('467', '70', '10', '2018-04-15', '05:48:23', '07:36:23', '35.00', '2018-05-12 07:49:38', '2018-05-12 07:49:38', null);
INSERT INTO `arrange` VALUES ('468', '70', '14', '2018-04-15', '05:48:23', '07:36:23', '35.00', '2018-05-12 07:49:38', '2018-05-12 07:49:38', null);
INSERT INTO `arrange` VALUES ('469', '70', '19', '2018-04-15', '05:48:23', '07:36:23', '35.00', '2018-05-12 07:49:38', '2018-05-12 07:49:38', null);
INSERT INTO `arrange` VALUES ('470', '70', '9', '2018-04-16', '05:48:23', '07:36:23', '35.00', '2018-05-12 07:49:38', '2018-05-12 07:49:38', null);
INSERT INTO `arrange` VALUES ('471', '70', '10', '2018-04-16', '05:48:23', '07:36:23', '35.00', '2018-05-12 07:49:38', '2018-05-12 07:49:38', null);
INSERT INTO `arrange` VALUES ('472', '70', '14', '2018-04-16', '05:48:23', '07:36:23', '35.00', '2018-05-12 07:49:38', '2018-05-12 07:49:38', null);
INSERT INTO `arrange` VALUES ('473', '70', '19', '2018-04-16', '05:48:23', '07:36:23', '35.00', '2018-05-12 07:49:38', '2018-05-12 07:49:38', null);
INSERT INTO `arrange` VALUES ('474', '70', '9', '2018-04-17', '05:48:23', '07:36:23', '35.00', '2018-05-12 07:49:38', '2018-05-12 07:49:38', null);
INSERT INTO `arrange` VALUES ('475', '70', '10', '2018-04-17', '05:48:23', '07:36:23', '35.00', '2018-05-12 07:49:38', '2018-05-12 07:49:38', null);
INSERT INTO `arrange` VALUES ('476', '70', '14', '2018-04-17', '05:48:23', '07:36:23', '35.00', '2018-05-12 07:49:38', '2018-05-12 07:49:38', null);
INSERT INTO `arrange` VALUES ('477', '70', '19', '2018-04-17', '05:48:23', '07:36:23', '35.00', '2018-05-12 07:49:38', '2018-05-12 07:49:38', null);
INSERT INTO `arrange` VALUES ('478', '70', '9', '2018-04-18', '05:48:23', '07:36:23', '35.00', '2018-05-12 07:49:38', '2018-05-12 07:49:38', null);
INSERT INTO `arrange` VALUES ('479', '70', '10', '2018-04-18', '05:48:23', '07:36:23', '35.00', '2018-05-12 07:49:38', '2018-05-12 07:49:38', null);
INSERT INTO `arrange` VALUES ('480', '70', '14', '2018-04-18', '05:48:23', '07:36:23', '35.00', '2018-05-12 07:49:38', '2018-05-12 07:49:38', null);
INSERT INTO `arrange` VALUES ('481', '70', '19', '2018-04-18', '05:48:23', '07:36:23', '35.00', '2018-05-12 07:49:38', '2018-05-12 07:49:38', null);
INSERT INTO `arrange` VALUES ('482', '70', '9', '2018-04-19', '05:48:23', '07:36:23', '35.00', '2018-05-12 07:49:38', '2018-05-12 07:49:38', null);
INSERT INTO `arrange` VALUES ('483', '70', '10', '2018-04-19', '05:48:23', '07:36:23', '35.00', '2018-05-12 07:49:38', '2018-05-12 07:49:38', null);
INSERT INTO `arrange` VALUES ('484', '70', '14', '2018-04-19', '05:48:23', '07:36:23', '35.00', '2018-05-12 07:49:38', '2018-05-12 07:49:38', null);
INSERT INTO `arrange` VALUES ('485', '70', '19', '2018-04-19', '05:48:23', '07:36:23', '35.00', '2018-05-12 07:49:38', '2018-05-12 07:49:38', null);
INSERT INTO `arrange` VALUES ('486', '70', '9', '2018-04-20', '05:48:23', '07:36:23', '35.00', '2018-05-12 07:49:38', '2018-05-12 07:49:38', null);
INSERT INTO `arrange` VALUES ('487', '70', '10', '2018-04-20', '05:48:23', '07:36:23', '35.00', '2018-05-12 07:49:38', '2018-05-12 07:49:38', null);
INSERT INTO `arrange` VALUES ('488', '70', '14', '2018-04-20', '05:48:23', '07:36:23', '35.00', '2018-05-12 07:49:38', '2018-05-12 07:49:38', null);
INSERT INTO `arrange` VALUES ('489', '70', '19', '2018-04-20', '05:48:23', '07:36:23', '35.00', '2018-05-12 07:49:38', '2018-05-12 07:49:38', null);
INSERT INTO `arrange` VALUES ('490', '70', '9', '2018-04-21', '05:48:23', '07:36:23', '35.00', '2018-05-12 07:49:38', '2018-05-12 07:49:38', null);
INSERT INTO `arrange` VALUES ('491', '70', '10', '2018-04-21', '05:48:23', '07:36:23', '35.00', '2018-05-12 07:49:38', '2018-05-12 07:49:38', null);
INSERT INTO `arrange` VALUES ('492', '70', '14', '2018-04-21', '05:48:23', '07:36:23', '35.00', '2018-05-12 07:49:38', '2018-05-12 07:49:38', null);
INSERT INTO `arrange` VALUES ('493', '70', '19', '2018-04-21', '05:48:23', '07:36:23', '35.00', '2018-05-12 07:49:38', '2018-05-12 07:49:38', null);
INSERT INTO `arrange` VALUES ('494', '70', '9', '2018-04-22', '05:48:23', '07:36:23', '35.00', '2018-05-12 07:49:38', '2018-05-12 07:49:38', null);
INSERT INTO `arrange` VALUES ('495', '70', '10', '2018-04-22', '05:48:23', '07:36:23', '35.00', '2018-05-12 07:49:38', '2018-05-12 07:49:38', null);
INSERT INTO `arrange` VALUES ('496', '70', '14', '2018-04-22', '05:48:23', '07:36:23', '35.00', '2018-05-12 07:49:38', '2018-05-12 07:49:38', null);
INSERT INTO `arrange` VALUES ('497', '70', '19', '2018-04-22', '05:48:23', '07:36:23', '35.00', '2018-05-12 07:49:38', '2018-05-12 07:49:38', null);
INSERT INTO `arrange` VALUES ('498', '70', '9', '2018-04-23', '05:48:23', '07:36:23', '35.00', '2018-05-12 07:49:38', '2018-05-12 07:49:38', null);
INSERT INTO `arrange` VALUES ('499', '70', '10', '2018-04-23', '05:48:23', '07:36:23', '35.00', '2018-05-12 07:49:38', '2018-05-12 07:49:38', null);
INSERT INTO `arrange` VALUES ('500', '70', '14', '2018-04-23', '05:48:23', '07:36:23', '35.00', '2018-05-12 07:49:38', '2018-05-12 07:49:38', null);
INSERT INTO `arrange` VALUES ('501', '70', '19', '2018-04-23', '05:48:23', '07:36:23', '35.00', '2018-05-12 07:49:38', '2018-05-12 07:49:38', null);
INSERT INTO `arrange` VALUES ('502', '70', '9', '2018-04-24', '05:48:23', '07:36:23', '35.00', '2018-05-12 07:49:38', '2018-05-12 07:49:38', null);
INSERT INTO `arrange` VALUES ('503', '70', '10', '2018-04-24', '05:48:23', '07:36:23', '35.00', '2018-05-12 07:49:38', '2018-05-12 07:49:38', null);
INSERT INTO `arrange` VALUES ('504', '70', '14', '2018-04-24', '05:48:23', '07:36:23', '35.00', '2018-05-12 07:49:38', '2018-05-12 07:49:38', null);
INSERT INTO `arrange` VALUES ('505', '70', '19', '2018-04-24', '05:48:23', '07:36:23', '35.00', '2018-05-12 07:49:38', '2018-05-12 07:49:38', null);
INSERT INTO `arrange` VALUES ('506', '70', '9', '2018-04-25', '05:48:23', '07:36:23', '35.00', '2018-05-12 07:49:38', '2018-05-12 07:49:38', null);
INSERT INTO `arrange` VALUES ('507', '70', '10', '2018-04-25', '05:48:23', '07:36:23', '35.00', '2018-05-12 07:49:38', '2018-05-12 07:49:38', null);
INSERT INTO `arrange` VALUES ('508', '70', '14', '2018-04-25', '05:48:23', '07:36:23', '35.00', '2018-05-12 07:49:38', '2018-05-12 07:49:38', null);
INSERT INTO `arrange` VALUES ('509', '70', '19', '2018-04-25', '05:48:23', '07:36:23', '35.00', '2018-05-12 07:49:38', '2018-05-12 07:49:38', null);
INSERT INTO `arrange` VALUES ('510', '70', '9', '2018-04-26', '05:48:23', '07:36:23', '35.00', '2018-05-12 07:49:38', '2018-05-12 07:49:38', null);
INSERT INTO `arrange` VALUES ('511', '70', '10', '2018-04-26', '05:48:23', '07:36:23', '35.00', '2018-05-12 07:49:38', '2018-05-12 07:49:38', null);
INSERT INTO `arrange` VALUES ('512', '70', '14', '2018-04-26', '05:48:23', '07:36:23', '35.00', '2018-05-12 07:49:38', '2018-05-12 07:49:38', null);
INSERT INTO `arrange` VALUES ('513', '70', '19', '2018-04-26', '05:48:23', '07:36:23', '35.00', '2018-05-12 07:49:38', '2018-05-12 07:49:38', null);
INSERT INTO `arrange` VALUES ('514', '70', '9', '2018-04-27', '05:48:23', '07:36:23', '35.00', '2018-05-12 07:49:38', '2018-05-12 07:49:38', null);
INSERT INTO `arrange` VALUES ('515', '70', '10', '2018-04-27', '05:48:23', '07:36:23', '35.00', '2018-05-12 07:49:38', '2018-05-12 07:49:38', null);
INSERT INTO `arrange` VALUES ('516', '70', '14', '2018-04-27', '05:48:23', '07:36:23', '35.00', '2018-05-12 07:49:38', '2018-05-12 07:49:38', null);
INSERT INTO `arrange` VALUES ('517', '70', '19', '2018-04-27', '05:48:23', '07:36:23', '35.00', '2018-05-12 07:49:38', '2018-05-12 07:49:38', null);
INSERT INTO `arrange` VALUES ('518', '70', '9', '2018-04-28', '05:48:23', '07:36:23', '35.00', '2018-05-12 07:49:38', '2018-05-12 07:49:38', null);
INSERT INTO `arrange` VALUES ('519', '70', '10', '2018-04-28', '05:48:23', '07:36:23', '35.00', '2018-05-12 07:49:38', '2018-05-12 07:49:38', null);
INSERT INTO `arrange` VALUES ('520', '70', '14', '2018-04-28', '05:48:23', '07:36:23', '35.00', '2018-05-12 07:49:38', '2018-05-12 07:49:38', null);
INSERT INTO `arrange` VALUES ('521', '70', '19', '2018-04-28', '05:48:23', '07:36:23', '35.00', '2018-05-12 07:49:38', '2018-05-12 07:49:38', null);
INSERT INTO `arrange` VALUES ('522', '70', '9', '2018-04-29', '05:48:23', '07:36:23', '35.00', '2018-05-12 07:49:38', '2018-05-12 07:49:38', null);
INSERT INTO `arrange` VALUES ('523', '70', '10', '2018-04-29', '05:48:23', '07:36:23', '35.00', '2018-05-12 07:49:38', '2018-05-12 07:49:38', null);
INSERT INTO `arrange` VALUES ('524', '70', '14', '2018-04-29', '05:48:23', '07:36:23', '35.00', '2018-05-12 07:49:38', '2018-05-12 07:49:38', null);
INSERT INTO `arrange` VALUES ('525', '70', '19', '2018-04-29', '05:48:23', '07:36:23', '35.00', '2018-05-12 07:49:38', '2018-05-12 07:49:38', null);
INSERT INTO `arrange` VALUES ('526', '70', '9', '2018-04-30', '05:48:23', '07:36:23', '35.00', '2018-05-12 07:49:38', '2018-05-12 07:49:38', null);
INSERT INTO `arrange` VALUES ('527', '70', '10', '2018-04-30', '05:48:23', '07:36:23', '35.00', '2018-05-12 07:49:38', '2018-05-12 07:49:38', null);
INSERT INTO `arrange` VALUES ('528', '70', '14', '2018-04-30', '05:48:23', '07:36:23', '35.00', '2018-05-12 07:49:38', '2018-05-12 07:49:38', null);
INSERT INTO `arrange` VALUES ('529', '70', '19', '2018-04-30', '05:48:23', '07:36:23', '35.00', '2018-05-12 07:49:38', '2018-05-12 07:49:38', null);
INSERT INTO `arrange` VALUES ('530', '70', '9', '2018-05-01', '05:48:23', '07:36:23', '35.00', '2018-05-12 07:49:38', '2018-05-12 07:49:38', null);
INSERT INTO `arrange` VALUES ('531', '70', '10', '2018-05-01', '05:48:23', '07:36:23', '35.00', '2018-05-12 07:49:38', '2018-05-12 07:49:38', null);
INSERT INTO `arrange` VALUES ('532', '70', '14', '2018-05-01', '05:48:23', '07:36:23', '35.00', '2018-05-12 07:49:38', '2018-05-12 07:49:38', null);
INSERT INTO `arrange` VALUES ('533', '70', '19', '2018-05-01', '05:48:23', '07:36:23', '35.00', '2018-05-12 07:49:38', '2018-05-12 07:49:38', null);
INSERT INTO `arrange` VALUES ('534', '70', '9', '2018-05-02', '05:48:23', '07:36:23', '35.00', '2018-05-12 07:49:38', '2018-05-12 07:49:38', null);
INSERT INTO `arrange` VALUES ('535', '70', '10', '2018-05-02', '05:48:23', '07:36:23', '35.00', '2018-05-12 07:49:38', '2018-05-12 07:49:38', null);
INSERT INTO `arrange` VALUES ('536', '70', '14', '2018-05-02', '05:48:23', '07:36:23', '35.00', '2018-05-12 07:49:38', '2018-05-12 07:49:38', null);
INSERT INTO `arrange` VALUES ('537', '70', '19', '2018-05-02', '05:48:23', '07:36:23', '35.00', '2018-05-12 07:49:38', '2018-05-12 07:49:38', null);
INSERT INTO `arrange` VALUES ('538', '70', '9', '2018-05-03', '05:48:23', '07:36:23', '35.00', '2018-05-12 07:49:38', '2018-05-12 07:49:38', null);
INSERT INTO `arrange` VALUES ('539', '70', '10', '2018-05-03', '05:48:23', '07:36:23', '35.00', '2018-05-12 07:49:38', '2018-05-12 07:49:38', null);
INSERT INTO `arrange` VALUES ('540', '70', '14', '2018-05-03', '05:48:23', '07:36:23', '35.00', '2018-05-12 07:49:38', '2018-05-12 07:49:38', null);
INSERT INTO `arrange` VALUES ('541', '70', '19', '2018-05-03', '05:48:23', '07:36:23', '35.00', '2018-05-12 07:49:38', '2018-05-12 07:49:38', null);
INSERT INTO `arrange` VALUES ('542', '70', '9', '2018-05-04', '05:48:23', '07:36:23', '35.00', '2018-05-12 07:49:38', '2018-05-12 07:49:38', null);
INSERT INTO `arrange` VALUES ('543', '70', '10', '2018-05-04', '05:48:23', '07:36:23', '35.00', '2018-05-12 07:49:38', '2018-05-12 07:49:38', null);
INSERT INTO `arrange` VALUES ('544', '70', '14', '2018-05-04', '05:48:23', '07:36:23', '35.00', '2018-05-12 07:49:38', '2018-05-12 07:49:38', null);
INSERT INTO `arrange` VALUES ('545', '70', '19', '2018-05-04', '05:48:23', '07:36:23', '35.00', '2018-05-12 07:49:38', '2018-05-12 07:49:38', null);
INSERT INTO `arrange` VALUES ('546', '70', '9', '2018-05-05', '05:48:23', '07:36:23', '35.00', '2018-05-12 07:49:38', '2018-05-12 07:49:38', null);
INSERT INTO `arrange` VALUES ('547', '70', '10', '2018-05-05', '05:48:23', '07:36:23', '35.00', '2018-05-12 07:49:38', '2018-05-12 07:49:38', null);
INSERT INTO `arrange` VALUES ('548', '70', '14', '2018-05-05', '05:48:23', '07:36:23', '35.00', '2018-05-12 07:49:38', '2018-05-12 07:49:38', null);
INSERT INTO `arrange` VALUES ('549', '70', '19', '2018-05-05', '05:48:23', '07:36:23', '35.00', '2018-05-12 07:49:38', '2018-05-12 07:49:38', null);
INSERT INTO `arrange` VALUES ('550', '70', '9', '2018-05-06', '05:48:23', '07:36:23', '35.00', '2018-05-12 07:49:38', '2018-05-12 07:49:38', null);
INSERT INTO `arrange` VALUES ('551', '70', '10', '2018-05-06', '05:48:23', '07:36:23', '35.00', '2018-05-12 07:49:38', '2018-05-12 07:49:38', null);
INSERT INTO `arrange` VALUES ('552', '70', '14', '2018-05-06', '05:48:23', '07:36:23', '35.00', '2018-05-12 07:49:38', '2018-05-12 07:49:38', null);
INSERT INTO `arrange` VALUES ('553', '70', '19', '2018-05-06', '05:48:23', '07:36:23', '35.00', '2018-05-12 07:49:38', '2018-05-12 07:49:38', null);
INSERT INTO `arrange` VALUES ('554', '70', '9', '2018-05-07', '05:48:23', '07:36:23', '35.00', '2018-05-12 07:49:38', '2018-05-12 07:49:38', null);
INSERT INTO `arrange` VALUES ('555', '70', '10', '2018-05-07', '05:48:23', '07:36:23', '35.00', '2018-05-12 07:49:38', '2018-05-12 07:49:38', null);
INSERT INTO `arrange` VALUES ('556', '70', '14', '2018-05-07', '05:48:23', '07:36:23', '35.00', '2018-05-12 07:49:38', '2018-05-12 07:49:38', null);
INSERT INTO `arrange` VALUES ('557', '70', '19', '2018-05-07', '05:48:23', '07:36:23', '35.00', '2018-05-12 07:49:38', '2018-05-12 07:49:38', null);
INSERT INTO `arrange` VALUES ('558', '70', '9', '2018-05-08', '05:48:23', '07:36:23', '35.00', '2018-05-12 07:49:38', '2018-05-12 07:49:38', null);
INSERT INTO `arrange` VALUES ('559', '70', '10', '2018-05-08', '05:48:23', '07:36:23', '35.00', '2018-05-12 07:49:38', '2018-05-12 07:49:38', null);
INSERT INTO `arrange` VALUES ('560', '70', '14', '2018-05-08', '05:48:23', '07:36:23', '35.00', '2018-05-12 07:49:38', '2018-05-12 07:49:38', null);
INSERT INTO `arrange` VALUES ('561', '70', '19', '2018-05-08', '05:48:23', '07:36:23', '35.00', '2018-05-12 07:49:38', '2018-05-12 07:49:38', null);
INSERT INTO `arrange` VALUES ('562', '70', '9', '2018-05-09', '05:48:23', '07:36:23', '35.00', '2018-05-12 07:49:38', '2018-05-12 07:49:38', null);
INSERT INTO `arrange` VALUES ('563', '70', '10', '2018-05-09', '05:48:23', '07:36:23', '35.00', '2018-05-12 07:49:38', '2018-05-12 07:49:38', null);
INSERT INTO `arrange` VALUES ('564', '70', '14', '2018-05-09', '05:48:23', '07:36:23', '35.00', '2018-05-12 07:49:38', '2018-05-12 07:49:38', null);
INSERT INTO `arrange` VALUES ('565', '70', '19', '2018-05-09', '05:48:23', '07:36:23', '35.00', '2018-05-12 07:49:38', '2018-05-12 07:49:38', null);
INSERT INTO `arrange` VALUES ('566', '70', '9', '2018-05-10', '05:48:23', '07:36:23', '35.00', '2018-05-12 07:49:38', '2018-05-12 07:49:38', null);
INSERT INTO `arrange` VALUES ('567', '70', '10', '2018-05-10', '05:48:23', '07:36:23', '35.00', '2018-05-12 07:49:38', '2018-05-12 07:49:38', null);
INSERT INTO `arrange` VALUES ('568', '70', '14', '2018-05-10', '05:48:23', '07:36:23', '35.00', '2018-05-12 07:49:38', '2018-05-12 07:49:38', null);
INSERT INTO `arrange` VALUES ('569', '70', '19', '2018-05-10', '05:48:23', '07:36:23', '35.00', '2018-05-12 07:49:38', '2018-05-12 07:49:38', null);
INSERT INTO `arrange` VALUES ('570', '70', '9', '2018-05-11', '05:48:23', '07:36:23', '35.00', '2018-05-12 07:49:38', '2018-05-12 07:49:38', null);
INSERT INTO `arrange` VALUES ('571', '70', '10', '2018-05-11', '05:48:23', '07:36:23', '35.00', '2018-05-12 07:49:38', '2018-05-12 07:49:38', null);
INSERT INTO `arrange` VALUES ('572', '70', '14', '2018-05-11', '05:48:23', '07:36:23', '35.00', '2018-05-12 07:49:38', '2018-05-12 07:49:38', null);
INSERT INTO `arrange` VALUES ('573', '70', '19', '2018-05-11', '05:48:23', '07:36:23', '35.00', '2018-05-12 07:49:38', '2018-05-12 07:49:38', null);
INSERT INTO `arrange` VALUES ('574', '70', '9', '2018-05-12', '05:48:23', '07:36:23', '35.00', '2018-05-12 07:49:38', '2018-05-12 07:49:38', null);
INSERT INTO `arrange` VALUES ('575', '70', '10', '2018-05-12', '05:48:23', '07:36:23', '35.00', '2018-05-12 07:49:38', '2018-05-12 07:49:38', null);
INSERT INTO `arrange` VALUES ('576', '70', '14', '2018-05-12', '05:48:23', '07:36:23', '35.00', '2018-05-12 07:49:38', '2018-05-12 07:49:38', null);
INSERT INTO `arrange` VALUES ('577', '70', '19', '2018-05-12', '05:48:23', '07:36:23', '35.00', '2018-05-12 07:49:38', '2018-05-12 07:49:38', null);
INSERT INTO `arrange` VALUES ('578', '70', '9', '2018-05-13', '05:48:23', '07:36:23', '35.00', '2018-05-12 07:49:38', '2018-05-12 07:49:38', null);
INSERT INTO `arrange` VALUES ('579', '70', '10', '2018-05-13', '05:48:23', '07:36:23', '35.00', '2018-05-12 07:49:38', '2018-05-12 07:49:38', null);
INSERT INTO `arrange` VALUES ('580', '70', '14', '2018-05-13', '05:48:23', '07:36:23', '35.00', '2018-05-12 07:49:38', '2018-05-12 07:49:38', null);
INSERT INTO `arrange` VALUES ('581', '70', '19', '2018-05-13', '05:48:23', '07:36:23', '35.00', '2018-05-12 07:49:38', '2018-05-12 07:49:38', null);
INSERT INTO `arrange` VALUES ('582', '70', '9', '2018-05-14', '05:48:23', '07:36:23', '35.00', '2018-05-12 07:49:38', '2018-05-12 07:49:38', null);
INSERT INTO `arrange` VALUES ('583', '70', '10', '2018-05-14', '05:48:23', '07:36:23', '35.00', '2018-05-12 07:49:38', '2018-05-12 07:49:38', null);
INSERT INTO `arrange` VALUES ('584', '70', '14', '2018-05-14', '05:48:23', '07:36:23', '35.00', '2018-05-12 07:49:38', '2018-05-12 07:49:38', null);
INSERT INTO `arrange` VALUES ('585', '70', '19', '2018-05-14', '05:48:23', '07:36:23', '35.00', '2018-05-12 07:49:38', '2018-05-12 07:49:38', null);
INSERT INTO `arrange` VALUES ('586', '70', '9', '2018-05-15', '05:48:23', '07:36:23', '35.00', '2018-05-12 07:49:38', '2018-05-12 07:49:38', null);
INSERT INTO `arrange` VALUES ('587', '70', '10', '2018-05-15', '05:48:23', '07:36:23', '35.00', '2018-05-12 07:49:38', '2018-05-12 07:49:38', null);
INSERT INTO `arrange` VALUES ('588', '70', '14', '2018-05-15', '05:48:23', '07:36:23', '35.00', '2018-05-12 07:49:38', '2018-05-12 07:49:38', null);
INSERT INTO `arrange` VALUES ('589', '70', '19', '2018-05-15', '05:48:23', '07:36:23', '35.00', '2018-05-12 07:49:38', '2018-05-12 07:49:38', null);
INSERT INTO `arrange` VALUES ('590', '70', '9', '2018-05-16', '05:48:23', '07:36:23', '35.00', '2018-05-12 07:49:38', '2018-05-12 07:49:38', null);
INSERT INTO `arrange` VALUES ('591', '70', '10', '2018-05-16', '05:48:23', '07:36:23', '35.00', '2018-05-12 07:49:38', '2018-05-12 07:49:38', null);
INSERT INTO `arrange` VALUES ('592', '70', '14', '2018-05-16', '05:48:23', '07:36:23', '35.00', '2018-05-12 07:49:38', '2018-05-12 07:49:38', null);
INSERT INTO `arrange` VALUES ('593', '70', '19', '2018-05-16', '05:48:23', '07:36:23', '35.00', '2018-05-12 07:49:38', '2018-05-12 07:49:38', null);
INSERT INTO `arrange` VALUES ('594', '70', '9', '2018-05-17', '05:48:23', '07:36:23', '35.00', '2018-05-12 07:49:38', '2018-05-12 07:49:38', null);
INSERT INTO `arrange` VALUES ('595', '70', '10', '2018-05-17', '05:48:23', '07:36:23', '35.00', '2018-05-12 07:49:38', '2018-05-12 07:49:38', null);
INSERT INTO `arrange` VALUES ('596', '70', '14', '2018-05-17', '05:48:23', '07:36:23', '35.00', '2018-05-12 07:49:38', '2018-05-12 07:49:38', null);
INSERT INTO `arrange` VALUES ('597', '70', '19', '2018-05-17', '05:48:23', '07:36:23', '35.00', '2018-05-12 07:49:38', '2018-05-12 07:49:38', null);
INSERT INTO `arrange` VALUES ('598', '70', '9', '2018-05-18', '05:48:23', '07:36:23', '35.00', '2018-05-12 07:49:38', '2018-05-12 07:49:38', null);
INSERT INTO `arrange` VALUES ('599', '70', '10', '2018-05-18', '05:48:23', '07:36:23', '35.00', '2018-05-12 07:49:38', '2018-05-12 07:49:38', null);
INSERT INTO `arrange` VALUES ('600', '70', '14', '2018-05-18', '05:48:23', '07:36:23', '35.00', '2018-05-12 07:49:38', '2018-05-12 07:49:38', null);
INSERT INTO `arrange` VALUES ('601', '70', '19', '2018-05-18', '05:48:23', '07:36:23', '35.00', '2018-05-12 07:49:38', '2018-05-12 07:49:38', null);
INSERT INTO `arrange` VALUES ('602', '70', '9', '2018-05-19', '05:48:23', '07:36:23', '35.00', '2018-05-12 07:49:38', '2018-05-12 07:49:38', null);
INSERT INTO `arrange` VALUES ('603', '70', '10', '2018-05-19', '05:48:23', '07:36:23', '35.00', '2018-05-12 07:49:38', '2018-05-12 07:49:38', null);
INSERT INTO `arrange` VALUES ('604', '70', '14', '2018-05-19', '05:48:23', '07:36:23', '35.00', '2018-05-12 07:49:38', '2018-05-12 07:49:38', null);
INSERT INTO `arrange` VALUES ('605', '70', '19', '2018-05-19', '05:48:23', '07:36:23', '35.00', '2018-05-12 07:49:38', '2018-05-12 07:49:38', null);
INSERT INTO `arrange` VALUES ('606', '70', '9', '2018-05-20', '05:48:23', '07:36:23', '35.00', '2018-05-12 07:49:38', '2018-05-12 07:49:38', null);
INSERT INTO `arrange` VALUES ('607', '70', '10', '2018-05-20', '05:48:23', '07:36:23', '35.00', '2018-05-12 07:49:38', '2018-05-12 07:49:38', null);
INSERT INTO `arrange` VALUES ('608', '70', '14', '2018-05-20', '05:48:23', '07:36:23', '35.00', '2018-05-12 07:49:38', '2018-05-12 07:49:38', null);
INSERT INTO `arrange` VALUES ('609', '70', '19', '2018-05-20', '05:48:23', '07:36:23', '35.00', '2018-05-12 07:49:38', '2018-05-12 07:49:38', null);
INSERT INTO `arrange` VALUES ('610', '70', '9', '2018-05-21', '05:48:23', '07:36:23', '35.00', '2018-05-12 07:49:38', '2018-05-12 07:49:38', null);
INSERT INTO `arrange` VALUES ('611', '70', '10', '2018-05-21', '05:48:23', '07:36:23', '35.00', '2018-05-12 07:49:38', '2018-05-12 07:49:38', null);
INSERT INTO `arrange` VALUES ('612', '70', '14', '2018-05-21', '05:48:23', '07:36:23', '35.00', '2018-05-12 07:49:38', '2018-05-12 07:49:38', null);
INSERT INTO `arrange` VALUES ('613', '70', '19', '2018-05-21', '05:48:23', '07:36:23', '35.00', '2018-05-12 07:49:38', '2018-05-12 07:49:38', null);
INSERT INTO `arrange` VALUES ('614', '70', '9', '2018-05-22', '05:48:23', '07:36:23', '35.00', '2018-05-12 07:49:38', '2018-05-12 07:49:38', null);
INSERT INTO `arrange` VALUES ('615', '70', '10', '2018-05-22', '05:48:23', '07:36:23', '35.00', '2018-05-12 07:49:38', '2018-05-12 07:49:38', null);
INSERT INTO `arrange` VALUES ('616', '70', '14', '2018-05-22', '05:48:23', '07:36:23', '35.00', '2018-05-12 07:49:38', '2018-05-12 07:49:38', null);
INSERT INTO `arrange` VALUES ('617', '70', '19', '2018-05-22', '05:48:23', '07:36:23', '35.00', '2018-05-12 07:49:38', '2018-05-12 07:49:38', null);
INSERT INTO `arrange` VALUES ('618', '70', '9', '2018-05-23', '05:48:23', '07:36:23', '35.00', '2018-05-12 07:49:38', '2018-05-12 07:49:38', null);
INSERT INTO `arrange` VALUES ('619', '70', '10', '2018-05-23', '05:48:23', '07:36:23', '35.00', '2018-05-12 07:49:38', '2018-05-12 07:49:38', null);
INSERT INTO `arrange` VALUES ('620', '70', '14', '2018-05-23', '05:48:23', '07:36:23', '35.00', '2018-05-12 07:49:38', '2018-05-12 07:49:38', null);
INSERT INTO `arrange` VALUES ('621', '70', '19', '2018-05-23', '05:48:23', '07:36:23', '35.00', '2018-05-12 07:49:38', '2018-05-12 07:49:38', null);
INSERT INTO `arrange` VALUES ('622', '70', '9', '2018-05-24', '05:48:23', '07:36:23', '35.00', '2018-05-12 07:49:38', '2018-05-12 07:49:38', null);
INSERT INTO `arrange` VALUES ('623', '70', '10', '2018-05-24', '05:48:23', '07:36:23', '35.00', '2018-05-12 07:49:38', '2018-05-12 07:49:38', null);
INSERT INTO `arrange` VALUES ('624', '70', '14', '2018-05-24', '05:48:23', '07:36:23', '35.00', '2018-05-12 07:49:38', '2018-05-12 07:49:38', null);
INSERT INTO `arrange` VALUES ('625', '70', '19', '2018-05-24', '05:48:23', '07:36:23', '35.00', '2018-05-12 07:49:38', '2018-05-12 07:49:38', null);
INSERT INTO `arrange` VALUES ('626', '70', '9', '2018-05-25', '05:48:23', '07:36:23', '35.00', '2018-05-12 07:49:38', '2018-05-12 07:49:38', null);
INSERT INTO `arrange` VALUES ('627', '70', '10', '2018-05-25', '05:48:23', '07:36:23', '35.00', '2018-05-12 07:49:38', '2018-05-12 07:49:38', null);
INSERT INTO `arrange` VALUES ('628', '70', '14', '2018-05-25', '05:48:23', '07:36:23', '35.00', '2018-05-12 07:49:38', '2018-05-12 07:49:38', null);
INSERT INTO `arrange` VALUES ('629', '70', '19', '2018-05-25', '05:48:23', '07:36:23', '35.00', '2018-05-12 07:49:38', '2018-05-12 07:49:38', null);
INSERT INTO `arrange` VALUES ('630', '70', '9', '2018-05-26', '05:48:23', '07:36:23', '35.00', '2018-05-12 07:49:38', '2018-05-12 07:49:38', null);
INSERT INTO `arrange` VALUES ('631', '70', '10', '2018-05-26', '05:48:23', '07:36:23', '35.00', '2018-05-12 07:49:38', '2018-05-12 07:49:38', null);
INSERT INTO `arrange` VALUES ('632', '70', '14', '2018-05-26', '05:48:23', '07:36:23', '35.00', '2018-05-12 07:49:38', '2018-05-12 07:49:38', null);
INSERT INTO `arrange` VALUES ('633', '70', '19', '2018-05-26', '05:48:23', '07:36:23', '35.00', '2018-05-12 07:49:38', '2018-05-12 07:49:38', null);
INSERT INTO `arrange` VALUES ('634', '70', '9', '2018-05-27', '05:48:23', '07:36:23', '35.00', '2018-05-12 07:49:38', '2018-05-12 07:49:38', null);
INSERT INTO `arrange` VALUES ('635', '70', '10', '2018-05-27', '05:48:23', '07:36:23', '35.00', '2018-05-12 07:49:38', '2018-05-12 07:49:38', null);
INSERT INTO `arrange` VALUES ('636', '70', '14', '2018-05-27', '05:48:23', '07:36:23', '35.00', '2018-05-12 07:49:38', '2018-05-12 07:49:38', null);
INSERT INTO `arrange` VALUES ('637', '70', '19', '2018-05-27', '05:48:23', '07:36:23', '35.00', '2018-05-12 07:49:38', '2018-05-12 07:49:38', null);
INSERT INTO `arrange` VALUES ('638', '70', '9', '2018-05-28', '05:48:23', '07:36:23', '35.00', '2018-05-12 07:49:38', '2018-05-12 07:49:38', null);
INSERT INTO `arrange` VALUES ('639', '70', '10', '2018-05-28', '05:48:23', '07:36:23', '35.00', '2018-05-12 07:49:38', '2018-05-12 07:49:38', null);
INSERT INTO `arrange` VALUES ('640', '70', '14', '2018-05-28', '05:48:23', '07:36:23', '35.00', '2018-05-12 07:49:38', '2018-05-12 07:49:38', null);
INSERT INTO `arrange` VALUES ('641', '70', '19', '2018-05-28', '05:48:23', '07:36:23', '35.00', '2018-05-12 07:49:38', '2018-05-12 07:49:38', null);
INSERT INTO `arrange` VALUES ('642', '70', '9', '2018-05-29', '05:48:23', '07:36:23', '35.00', '2018-05-12 07:49:38', '2018-05-12 07:49:38', null);
INSERT INTO `arrange` VALUES ('643', '70', '10', '2018-05-29', '05:48:23', '07:36:23', '35.00', '2018-05-12 07:49:38', '2018-05-12 07:49:38', null);
INSERT INTO `arrange` VALUES ('644', '70', '14', '2018-05-29', '05:48:23', '07:36:23', '35.00', '2018-05-12 07:49:38', '2018-05-12 07:49:38', null);
INSERT INTO `arrange` VALUES ('645', '70', '19', '2018-05-29', '05:48:23', '07:36:23', '35.00', '2018-05-12 07:49:38', '2018-05-12 07:49:38', null);
INSERT INTO `arrange` VALUES ('646', '70', '9', '2018-05-30', '05:48:23', '07:36:23', '35.00', '2018-05-12 07:49:38', '2018-05-12 07:49:38', null);
INSERT INTO `arrange` VALUES ('647', '70', '10', '2018-05-30', '05:48:23', '07:36:23', '35.00', '2018-05-12 07:49:38', '2018-05-12 07:49:38', null);
INSERT INTO `arrange` VALUES ('648', '70', '14', '2018-05-30', '05:48:23', '07:36:23', '35.00', '2018-05-12 07:49:38', '2018-05-12 07:49:38', null);
INSERT INTO `arrange` VALUES ('649', '70', '19', '2018-05-30', '05:48:23', '07:36:23', '35.00', '2018-05-12 07:49:38', '2018-05-12 07:49:38', null);
INSERT INTO `arrange` VALUES ('650', '70', '9', '2018-05-31', '05:48:23', '07:36:23', '35.00', '2018-05-12 07:49:38', '2018-05-12 07:49:38', null);
INSERT INTO `arrange` VALUES ('651', '70', '10', '2018-05-31', '05:48:23', '07:36:23', '35.00', '2018-05-12 07:49:38', '2018-05-12 07:49:38', null);
INSERT INTO `arrange` VALUES ('652', '70', '14', '2018-05-31', '05:48:23', '07:36:23', '35.00', '2018-05-12 07:49:38', '2018-05-12 07:49:38', null);
INSERT INTO `arrange` VALUES ('653', '70', '19', '2018-05-31', '05:48:23', '07:36:23', '35.00', '2018-05-12 07:49:38', '2018-05-12 07:49:38', null);
INSERT INTO `arrange` VALUES ('654', '70', '9', '2018-06-01', '05:48:23', '07:36:23', '35.00', '2018-05-12 07:49:38', '2018-05-12 07:49:38', null);
INSERT INTO `arrange` VALUES ('655', '70', '10', '2018-06-01', '05:48:23', '07:36:23', '35.00', '2018-05-12 07:49:38', '2018-05-12 07:49:38', null);
INSERT INTO `arrange` VALUES ('656', '70', '14', '2018-06-01', '05:48:23', '07:36:23', '35.00', '2018-05-12 07:49:38', '2018-05-12 07:49:38', null);
INSERT INTO `arrange` VALUES ('657', '70', '19', '2018-06-01', '05:48:23', '07:36:23', '35.00', '2018-05-12 07:49:38', '2018-05-12 07:49:38', null);
INSERT INTO `arrange` VALUES ('658', '70', '9', '2018-06-02', '05:48:23', '07:36:23', '35.00', '2018-05-12 07:49:38', '2018-05-12 07:49:38', null);
INSERT INTO `arrange` VALUES ('659', '70', '10', '2018-06-02', '05:48:23', '07:36:23', '35.00', '2018-05-12 07:49:38', '2018-05-12 07:49:38', null);
INSERT INTO `arrange` VALUES ('660', '70', '14', '2018-06-02', '05:48:23', '07:36:23', '35.00', '2018-05-12 07:49:38', '2018-05-12 07:49:38', null);
INSERT INTO `arrange` VALUES ('661', '70', '19', '2018-06-02', '05:48:23', '07:36:23', '35.00', '2018-05-12 07:49:38', '2018-05-12 07:49:38', null);
INSERT INTO `arrange` VALUES ('662', '70', '9', '2018-06-03', '05:48:23', '07:36:23', '35.00', '2018-05-12 07:49:38', '2018-05-12 07:49:38', null);
INSERT INTO `arrange` VALUES ('663', '70', '10', '2018-06-03', '05:48:23', '07:36:23', '35.00', '2018-05-12 07:49:38', '2018-05-12 07:49:38', null);
INSERT INTO `arrange` VALUES ('664', '70', '14', '2018-06-03', '05:48:23', '07:36:23', '35.00', '2018-05-12 07:49:38', '2018-05-12 07:49:38', null);
INSERT INTO `arrange` VALUES ('665', '70', '19', '2018-06-03', '05:48:23', '07:36:23', '35.00', '2018-05-12 07:49:38', '2018-05-12 07:49:38', null);
INSERT INTO `arrange` VALUES ('666', '70', '9', '2018-06-04', '05:48:23', '07:36:23', '35.00', '2018-05-12 07:49:38', '2018-05-12 07:49:38', null);
INSERT INTO `arrange` VALUES ('667', '70', '10', '2018-06-04', '05:48:23', '07:36:23', '35.00', '2018-05-12 07:49:38', '2018-05-12 07:49:38', null);
INSERT INTO `arrange` VALUES ('668', '70', '14', '2018-06-04', '05:48:23', '07:36:23', '35.00', '2018-05-12 07:49:38', '2018-05-12 07:49:38', null);
INSERT INTO `arrange` VALUES ('669', '70', '19', '2018-06-04', '05:48:23', '07:36:23', '35.00', '2018-05-12 07:49:38', '2018-05-12 07:49:38', null);
INSERT INTO `arrange` VALUES ('670', '70', '9', '2018-06-05', '05:48:23', '07:36:23', '35.00', '2018-05-12 07:49:38', '2018-05-12 07:49:38', null);
INSERT INTO `arrange` VALUES ('671', '70', '10', '2018-06-05', '05:48:23', '07:36:23', '35.00', '2018-05-12 07:49:38', '2018-05-12 07:49:38', null);
INSERT INTO `arrange` VALUES ('672', '70', '14', '2018-06-05', '05:48:23', '07:36:23', '35.00', '2018-05-12 07:49:38', '2018-05-12 07:49:38', null);
INSERT INTO `arrange` VALUES ('673', '70', '19', '2018-06-05', '05:48:23', '07:36:23', '35.00', '2018-05-12 07:49:38', '2018-05-12 07:49:38', null);
INSERT INTO `arrange` VALUES ('674', '70', '9', '2018-06-06', '05:48:23', '07:36:23', '35.00', '2018-05-12 07:49:38', '2018-05-12 07:49:38', null);
INSERT INTO `arrange` VALUES ('675', '70', '10', '2018-06-06', '05:48:23', '07:36:23', '35.00', '2018-05-12 07:49:38', '2018-05-12 07:49:38', null);
INSERT INTO `arrange` VALUES ('676', '70', '14', '2018-06-06', '05:48:23', '07:36:23', '35.00', '2018-05-12 07:49:38', '2018-05-12 07:49:38', null);
INSERT INTO `arrange` VALUES ('677', '70', '19', '2018-06-06', '05:48:23', '07:36:23', '35.00', '2018-05-12 07:49:38', '2018-05-12 07:49:38', null);
INSERT INTO `arrange` VALUES ('678', '70', '9', '2018-06-07', '05:48:23', '07:36:23', '35.00', '2018-05-12 07:49:38', '2018-05-12 07:49:38', null);
INSERT INTO `arrange` VALUES ('679', '70', '10', '2018-06-07', '05:48:23', '07:36:23', '35.00', '2018-05-12 07:49:38', '2018-05-12 07:49:38', null);
INSERT INTO `arrange` VALUES ('680', '70', '14', '2018-06-07', '05:48:23', '07:36:23', '35.00', '2018-05-12 07:49:38', '2018-05-12 07:49:38', null);
INSERT INTO `arrange` VALUES ('681', '70', '19', '2018-06-07', '05:48:23', '07:36:23', '35.00', '2018-05-12 07:49:38', '2018-05-12 07:49:38', null);
INSERT INTO `arrange` VALUES ('682', '70', '9', '2018-06-08', '05:48:23', '07:36:23', '35.00', '2018-05-12 07:49:38', '2018-05-12 07:49:38', null);
INSERT INTO `arrange` VALUES ('683', '70', '10', '2018-06-08', '05:48:23', '07:36:23', '35.00', '2018-05-12 07:49:38', '2018-05-12 07:49:38', null);
INSERT INTO `arrange` VALUES ('684', '70', '14', '2018-06-08', '05:48:23', '07:36:23', '35.00', '2018-05-12 07:49:38', '2018-05-12 07:49:38', null);
INSERT INTO `arrange` VALUES ('685', '70', '19', '2018-06-08', '05:48:23', '07:36:23', '35.00', '2018-05-12 07:49:38', '2018-05-12 07:49:38', null);
INSERT INTO `arrange` VALUES ('686', '70', '9', '2018-06-09', '05:48:23', '07:36:23', '35.00', '2018-05-12 07:49:38', '2018-05-12 07:49:38', null);
INSERT INTO `arrange` VALUES ('687', '70', '10', '2018-06-09', '05:48:23', '07:36:23', '35.00', '2018-05-12 07:49:38', '2018-05-12 07:49:38', null);
INSERT INTO `arrange` VALUES ('688', '70', '14', '2018-06-09', '05:48:23', '07:36:23', '35.00', '2018-05-12 07:49:38', '2018-05-12 07:49:38', null);
INSERT INTO `arrange` VALUES ('689', '70', '19', '2018-06-09', '05:48:23', '07:36:23', '35.00', '2018-05-12 07:49:38', '2018-05-12 07:49:38', null);
INSERT INTO `arrange` VALUES ('690', '70', '9', '2018-06-10', '05:48:23', '07:36:23', '35.00', '2018-05-12 07:49:38', '2018-05-12 07:49:38', null);
INSERT INTO `arrange` VALUES ('691', '70', '10', '2018-06-10', '05:48:23', '07:36:23', '35.00', '2018-05-12 07:49:38', '2018-05-12 07:49:38', null);
INSERT INTO `arrange` VALUES ('692', '70', '14', '2018-06-10', '05:48:23', '07:36:23', '35.00', '2018-05-12 07:49:38', '2018-05-12 07:49:38', null);
INSERT INTO `arrange` VALUES ('693', '70', '19', '2018-06-10', '05:48:23', '07:36:23', '35.00', '2018-05-12 07:49:38', '2018-05-12 07:49:38', null);
INSERT INTO `arrange` VALUES ('694', '70', '9', '2018-06-11', '05:48:23', '07:36:23', '35.00', '2018-05-12 07:49:38', '2018-05-12 07:49:38', null);
INSERT INTO `arrange` VALUES ('695', '70', '10', '2018-06-11', '05:48:23', '07:36:23', '35.00', '2018-05-12 07:49:38', '2018-05-12 07:49:38', null);
INSERT INTO `arrange` VALUES ('696', '70', '14', '2018-06-11', '05:48:23', '07:36:23', '35.00', '2018-05-12 07:49:38', '2018-05-12 07:49:38', null);
INSERT INTO `arrange` VALUES ('697', '70', '19', '2018-06-11', '05:48:23', '07:36:23', '35.00', '2018-05-12 07:49:38', '2018-05-12 07:49:38', null);
INSERT INTO `arrange` VALUES ('698', '70', '9', '2018-06-12', '05:48:23', '07:36:23', '35.00', '2018-05-12 07:49:38', '2018-05-12 07:49:38', null);
INSERT INTO `arrange` VALUES ('699', '70', '10', '2018-06-12', '05:48:23', '07:36:23', '35.00', '2018-05-12 07:49:38', '2018-05-12 07:49:38', null);
INSERT INTO `arrange` VALUES ('700', '70', '14', '2018-06-12', '05:48:23', '07:36:23', '35.00', '2018-05-12 07:49:38', '2018-05-12 07:49:38', null);
INSERT INTO `arrange` VALUES ('701', '70', '19', '2018-06-12', '05:48:23', '07:36:23', '35.00', '2018-05-12 07:49:38', '2018-05-12 07:49:38', null);
INSERT INTO `arrange` VALUES ('702', '70', '9', '2018-06-13', '05:48:23', '07:36:23', '35.00', '2018-05-12 07:49:38', '2018-05-12 07:49:38', null);
INSERT INTO `arrange` VALUES ('703', '70', '10', '2018-06-13', '05:48:23', '07:36:23', '35.00', '2018-05-12 07:49:38', '2018-05-12 07:49:38', null);
INSERT INTO `arrange` VALUES ('704', '70', '14', '2018-06-13', '05:48:23', '07:36:23', '35.00', '2018-05-12 07:49:38', '2018-05-12 07:49:38', null);
INSERT INTO `arrange` VALUES ('705', '70', '19', '2018-06-13', '05:48:23', '07:36:23', '35.00', '2018-05-12 07:49:38', '2018-05-12 07:49:38', null);
INSERT INTO `arrange` VALUES ('706', '70', '9', '2018-06-14', '05:48:23', '07:36:23', '35.00', '2018-05-12 07:49:38', '2018-05-12 07:49:38', null);
INSERT INTO `arrange` VALUES ('707', '70', '10', '2018-06-14', '05:48:23', '07:36:23', '35.00', '2018-05-12 07:49:38', '2018-05-12 07:49:38', null);
INSERT INTO `arrange` VALUES ('708', '70', '14', '2018-06-14', '05:48:23', '07:36:23', '35.00', '2018-05-12 07:49:38', '2018-05-12 07:49:38', null);
INSERT INTO `arrange` VALUES ('709', '70', '19', '2018-06-14', '05:48:23', '07:36:23', '35.00', '2018-05-12 07:49:38', '2018-05-12 07:49:38', null);
INSERT INTO `arrange` VALUES ('710', '70', '9', '2018-06-15', '05:48:23', '07:36:23', '35.00', '2018-05-12 07:49:38', '2018-05-12 07:49:38', null);
INSERT INTO `arrange` VALUES ('711', '70', '10', '2018-06-15', '05:48:23', '07:36:23', '35.00', '2018-05-12 07:49:38', '2018-05-12 07:49:38', null);
INSERT INTO `arrange` VALUES ('712', '70', '14', '2018-06-15', '05:48:23', '07:36:23', '35.00', '2018-05-12 07:49:38', '2018-05-12 07:49:38', null);
INSERT INTO `arrange` VALUES ('713', '70', '19', '2018-06-15', '05:48:23', '07:36:23', '35.00', '2018-05-12 07:49:38', '2018-05-12 07:49:38', null);
INSERT INTO `arrange` VALUES ('714', '70', '9', '2018-06-16', '05:48:23', '07:36:23', '35.00', '2018-05-12 07:49:38', '2018-05-12 07:49:38', null);
INSERT INTO `arrange` VALUES ('715', '70', '10', '2018-06-16', '05:48:23', '07:36:23', '35.00', '2018-05-12 07:49:38', '2018-05-12 07:49:38', null);
INSERT INTO `arrange` VALUES ('716', '70', '14', '2018-06-16', '05:48:23', '07:36:23', '35.00', '2018-05-12 07:49:38', '2018-05-12 07:49:38', null);
INSERT INTO `arrange` VALUES ('717', '70', '19', '2018-06-16', '05:48:23', '07:36:23', '35.00', '2018-05-12 07:49:38', '2018-05-12 07:49:38', null);
INSERT INTO `arrange` VALUES ('718', '70', '9', '2018-06-17', '05:48:23', '07:36:23', '35.00', '2018-05-12 07:49:38', '2018-05-12 07:49:38', null);
INSERT INTO `arrange` VALUES ('719', '70', '10', '2018-06-17', '05:48:23', '07:36:23', '35.00', '2018-05-12 07:49:38', '2018-05-12 07:49:38', null);
INSERT INTO `arrange` VALUES ('720', '70', '14', '2018-06-17', '05:48:23', '07:36:23', '35.00', '2018-05-12 07:49:38', '2018-05-12 07:49:38', null);
INSERT INTO `arrange` VALUES ('721', '70', '19', '2018-06-17', '05:48:23', '07:36:23', '35.00', '2018-05-12 07:49:38', '2018-05-12 07:49:38', null);
INSERT INTO `arrange` VALUES ('722', '70', '9', '2018-06-18', '05:48:23', '07:36:23', '35.00', '2018-05-12 07:49:38', '2018-05-12 07:49:38', null);
INSERT INTO `arrange` VALUES ('723', '70', '10', '2018-06-18', '05:48:23', '07:36:23', '35.00', '2018-05-12 07:49:38', '2018-05-12 07:49:38', null);
INSERT INTO `arrange` VALUES ('724', '70', '14', '2018-06-18', '05:48:23', '07:36:23', '35.00', '2018-05-12 07:49:38', '2018-05-12 07:49:38', null);
INSERT INTO `arrange` VALUES ('725', '70', '19', '2018-06-18', '05:48:23', '07:36:23', '35.00', '2018-05-12 07:49:38', '2018-05-12 07:49:38', null);
INSERT INTO `arrange` VALUES ('726', '70', '9', '2018-06-19', '05:48:23', '07:36:23', '35.00', '2018-05-12 07:49:38', '2018-05-12 07:49:38', null);
INSERT INTO `arrange` VALUES ('727', '70', '10', '2018-06-19', '05:48:23', '07:36:23', '35.00', '2018-05-12 07:49:38', '2018-05-12 07:49:38', null);
INSERT INTO `arrange` VALUES ('728', '70', '14', '2018-06-19', '05:48:23', '07:36:23', '35.00', '2018-05-12 07:49:38', '2018-05-12 07:49:38', null);
INSERT INTO `arrange` VALUES ('729', '70', '19', '2018-06-19', '05:48:23', '07:36:23', '35.00', '2018-05-12 07:49:38', '2018-05-12 07:49:38', null);
INSERT INTO `arrange` VALUES ('730', '70', '9', '2018-06-20', '05:48:23', '07:36:23', '35.00', '2018-05-12 07:49:38', '2018-05-12 07:49:38', null);
INSERT INTO `arrange` VALUES ('731', '70', '10', '2018-06-20', '05:48:23', '07:36:23', '35.00', '2018-05-12 07:49:38', '2018-05-12 07:49:38', null);
INSERT INTO `arrange` VALUES ('732', '70', '14', '2018-06-20', '05:48:23', '07:36:23', '35.00', '2018-05-12 07:49:38', '2018-05-12 07:49:38', null);
INSERT INTO `arrange` VALUES ('733', '70', '19', '2018-06-20', '05:48:23', '07:36:23', '35.00', '2018-05-12 07:49:38', '2018-05-12 07:49:38', null);
INSERT INTO `arrange` VALUES ('734', '70', '9', '2018-06-21', '05:48:23', '07:36:23', '35.00', '2018-05-12 07:49:38', '2018-05-12 07:49:38', null);
INSERT INTO `arrange` VALUES ('735', '70', '10', '2018-06-21', '05:48:23', '07:36:23', '35.00', '2018-05-12 07:49:38', '2018-05-12 07:49:38', null);
INSERT INTO `arrange` VALUES ('736', '70', '14', '2018-06-21', '05:48:23', '07:36:23', '35.00', '2018-05-12 07:49:38', '2018-05-12 07:49:38', null);
INSERT INTO `arrange` VALUES ('737', '70', '19', '2018-06-21', '05:48:23', '07:36:23', '35.00', '2018-05-12 07:49:38', '2018-05-12 07:49:38', null);
INSERT INTO `arrange` VALUES ('738', '70', '9', '2018-06-22', '05:48:23', '07:36:23', '35.00', '2018-05-12 07:49:38', '2018-05-12 07:49:38', null);
INSERT INTO `arrange` VALUES ('739', '70', '10', '2018-06-22', '05:48:23', '07:36:23', '35.00', '2018-05-12 07:49:38', '2018-05-12 07:49:38', null);
INSERT INTO `arrange` VALUES ('740', '70', '14', '2018-06-22', '05:48:23', '07:36:23', '35.00', '2018-05-12 07:49:38', '2018-05-12 07:49:38', null);
INSERT INTO `arrange` VALUES ('741', '70', '19', '2018-06-22', '05:48:23', '07:36:23', '35.00', '2018-05-12 07:49:38', '2018-05-12 07:49:38', null);
INSERT INTO `arrange` VALUES ('742', '70', '9', '2018-06-23', '05:48:23', '07:36:23', '35.00', '2018-05-12 07:49:38', '2018-05-12 07:49:38', null);
INSERT INTO `arrange` VALUES ('743', '70', '10', '2018-06-23', '05:48:23', '07:36:23', '35.00', '2018-05-12 07:49:38', '2018-05-12 07:49:38', null);
INSERT INTO `arrange` VALUES ('744', '70', '14', '2018-06-23', '05:48:23', '07:36:23', '35.00', '2018-05-12 07:49:38', '2018-05-12 07:49:38', null);
INSERT INTO `arrange` VALUES ('745', '70', '19', '2018-06-23', '05:48:23', '07:36:23', '35.00', '2018-05-12 07:49:38', '2018-05-12 07:49:38', null);
INSERT INTO `arrange` VALUES ('746', '70', '9', '2018-06-24', '05:48:23', '07:36:23', '35.00', '2018-05-12 07:49:38', '2018-05-12 07:49:38', null);
INSERT INTO `arrange` VALUES ('747', '70', '10', '2018-06-24', '05:48:23', '07:36:23', '35.00', '2018-05-12 07:49:38', '2018-05-12 07:49:38', null);
INSERT INTO `arrange` VALUES ('748', '70', '14', '2018-06-24', '05:48:23', '07:36:23', '35.00', '2018-05-12 07:49:38', '2018-05-12 07:49:38', null);
INSERT INTO `arrange` VALUES ('749', '70', '19', '2018-06-24', '05:48:23', '07:36:23', '35.00', '2018-05-12 07:49:38', '2018-05-12 07:49:38', null);
INSERT INTO `arrange` VALUES ('750', '70', '9', '2018-06-25', '05:48:23', '07:36:23', '35.00', '2018-05-12 07:49:38', '2018-05-12 07:49:38', null);
INSERT INTO `arrange` VALUES ('751', '70', '10', '2018-06-25', '05:48:23', '07:36:23', '35.00', '2018-05-12 07:49:38', '2018-05-12 07:49:38', null);
INSERT INTO `arrange` VALUES ('752', '70', '14', '2018-06-25', '05:48:23', '07:36:23', '35.00', '2018-05-12 07:49:38', '2018-05-12 07:49:38', null);
INSERT INTO `arrange` VALUES ('753', '70', '19', '2018-06-25', '05:48:23', '07:36:23', '35.00', '2018-05-12 07:49:38', '2018-05-12 07:49:38', null);
INSERT INTO `arrange` VALUES ('754', '70', '9', '2018-06-26', '05:48:23', '07:36:23', '35.00', '2018-05-12 07:49:38', '2018-05-12 07:49:38', null);
INSERT INTO `arrange` VALUES ('755', '70', '10', '2018-06-26', '05:48:23', '07:36:23', '35.00', '2018-05-12 07:49:38', '2018-05-12 07:49:38', null);
INSERT INTO `arrange` VALUES ('756', '70', '14', '2018-06-26', '05:48:23', '07:36:23', '35.00', '2018-05-12 07:49:38', '2018-05-12 07:49:38', null);
INSERT INTO `arrange` VALUES ('757', '70', '19', '2018-06-26', '05:48:23', '07:36:23', '35.00', '2018-05-12 07:49:38', '2018-05-12 07:49:38', null);
INSERT INTO `arrange` VALUES ('758', '70', '9', '2018-06-27', '05:48:23', '07:36:23', '35.00', '2018-05-12 07:49:38', '2018-05-12 07:49:38', null);
INSERT INTO `arrange` VALUES ('759', '70', '10', '2018-06-27', '05:48:23', '07:36:23', '35.00', '2018-05-12 07:49:38', '2018-05-12 07:49:38', null);
INSERT INTO `arrange` VALUES ('760', '70', '14', '2018-06-27', '05:48:23', '07:36:23', '35.00', '2018-05-12 07:49:38', '2018-05-12 07:49:38', null);
INSERT INTO `arrange` VALUES ('761', '70', '19', '2018-06-27', '05:48:23', '07:36:23', '35.00', '2018-05-12 07:49:38', '2018-05-12 07:49:38', null);
INSERT INTO `arrange` VALUES ('762', '70', '9', '2018-06-28', '05:48:23', '07:36:23', '35.00', '2018-05-12 07:49:38', '2018-05-12 07:49:38', null);
INSERT INTO `arrange` VALUES ('763', '70', '10', '2018-06-28', '05:48:23', '07:36:23', '35.00', '2018-05-12 07:49:38', '2018-05-12 07:49:38', null);
INSERT INTO `arrange` VALUES ('764', '70', '14', '2018-06-28', '05:48:23', '07:36:23', '35.00', '2018-05-12 07:49:38', '2018-05-12 07:49:38', null);
INSERT INTO `arrange` VALUES ('765', '70', '19', '2018-06-28', '05:48:23', '07:36:23', '35.00', '2018-05-12 07:49:38', '2018-05-12 07:49:38', null);
INSERT INTO `arrange` VALUES ('766', '70', '9', '2018-06-29', '05:48:23', '07:36:23', '35.00', '2018-05-12 07:49:38', '2018-05-12 07:49:38', null);
INSERT INTO `arrange` VALUES ('767', '70', '10', '2018-06-29', '05:48:23', '07:36:23', '35.00', '2018-05-12 07:49:38', '2018-05-12 07:49:38', null);
INSERT INTO `arrange` VALUES ('768', '70', '14', '2018-06-29', '05:48:23', '07:36:23', '35.00', '2018-05-12 07:49:38', '2018-05-12 07:49:38', null);
INSERT INTO `arrange` VALUES ('769', '70', '19', '2018-06-29', '05:48:23', '07:36:23', '35.00', '2018-05-12 07:49:38', '2018-05-12 07:49:38', null);
INSERT INTO `arrange` VALUES ('770', '70', '9', '2018-06-30', '05:48:23', '07:36:23', '35.00', '2018-05-12 07:49:38', '2018-05-12 07:49:38', null);
INSERT INTO `arrange` VALUES ('771', '70', '10', '2018-06-30', '05:48:23', '07:36:23', '35.00', '2018-05-12 07:49:38', '2018-05-12 07:49:38', null);
INSERT INTO `arrange` VALUES ('772', '70', '14', '2018-06-30', '05:48:23', '07:36:23', '35.00', '2018-05-12 07:49:38', '2018-05-12 07:49:38', null);
INSERT INTO `arrange` VALUES ('773', '70', '19', '2018-06-30', '05:48:23', '07:36:23', '35.00', '2018-05-12 07:49:38', '2018-05-12 07:49:38', null);
INSERT INTO `arrange` VALUES ('774', '70', '9', '2018-07-01', '05:48:23', '07:36:23', '35.00', '2018-05-12 07:49:38', '2018-05-12 07:49:38', null);
INSERT INTO `arrange` VALUES ('775', '70', '10', '2018-07-01', '05:48:23', '07:36:23', '35.00', '2018-05-12 07:49:38', '2018-05-12 07:49:38', null);
INSERT INTO `arrange` VALUES ('776', '70', '14', '2018-07-01', '05:48:23', '07:36:23', '35.00', '2018-05-12 07:49:38', '2018-05-12 07:49:38', null);
INSERT INTO `arrange` VALUES ('777', '70', '19', '2018-07-01', '05:48:23', '07:36:23', '35.00', '2018-05-12 07:49:38', '2018-05-12 07:49:38', null);
INSERT INTO `arrange` VALUES ('778', '70', '9', '2018-07-02', '05:48:23', '07:36:23', '35.00', '2018-05-12 07:49:38', '2018-05-12 07:49:38', null);
INSERT INTO `arrange` VALUES ('779', '70', '10', '2018-07-02', '05:48:23', '07:36:23', '35.00', '2018-05-12 07:49:38', '2018-05-12 07:49:38', null);
INSERT INTO `arrange` VALUES ('780', '70', '14', '2018-07-02', '05:48:23', '07:36:23', '35.00', '2018-05-12 07:49:38', '2018-05-12 07:49:38', null);
INSERT INTO `arrange` VALUES ('781', '70', '19', '2018-07-02', '05:48:23', '07:36:23', '35.00', '2018-05-12 07:49:38', '2018-05-12 07:49:38', null);
INSERT INTO `arrange` VALUES ('782', '70', '9', '2018-07-03', '05:48:23', '07:36:23', '35.00', '2018-05-12 07:49:38', '2018-05-12 07:49:38', null);
INSERT INTO `arrange` VALUES ('783', '70', '10', '2018-07-03', '05:48:23', '07:36:23', '35.00', '2018-05-12 07:49:38', '2018-05-12 07:49:38', null);
INSERT INTO `arrange` VALUES ('784', '70', '14', '2018-07-03', '05:48:23', '07:36:23', '35.00', '2018-05-12 07:49:38', '2018-05-12 07:49:38', null);
INSERT INTO `arrange` VALUES ('785', '70', '19', '2018-07-03', '05:48:23', '07:36:23', '35.00', '2018-05-12 07:49:38', '2018-05-12 07:49:38', null);
INSERT INTO `arrange` VALUES ('786', '70', '9', '2018-07-04', '05:48:23', '07:36:23', '35.00', '2018-05-12 07:49:38', '2018-05-12 07:49:38', null);
INSERT INTO `arrange` VALUES ('787', '70', '10', '2018-07-04', '05:48:23', '07:36:23', '35.00', '2018-05-12 07:49:38', '2018-05-12 07:49:38', null);
INSERT INTO `arrange` VALUES ('788', '70', '14', '2018-07-04', '05:48:23', '07:36:23', '35.00', '2018-05-12 07:49:38', '2018-05-12 07:49:38', null);
INSERT INTO `arrange` VALUES ('789', '70', '19', '2018-07-04', '05:48:23', '07:36:23', '35.00', '2018-05-12 07:49:38', '2018-05-12 07:49:38', null);
INSERT INTO `arrange` VALUES ('790', '70', '9', '2018-07-05', '05:48:23', '07:36:23', '35.00', '2018-05-12 07:49:38', '2018-05-12 07:49:38', null);
INSERT INTO `arrange` VALUES ('791', '70', '10', '2018-07-05', '05:48:23', '07:36:23', '35.00', '2018-05-12 07:49:38', '2018-05-12 07:49:38', null);
INSERT INTO `arrange` VALUES ('792', '70', '14', '2018-07-05', '05:48:23', '07:36:23', '35.00', '2018-05-12 07:49:38', '2018-05-12 07:49:38', null);
INSERT INTO `arrange` VALUES ('793', '70', '19', '2018-07-05', '05:48:23', '07:36:23', '35.00', '2018-05-12 07:49:38', '2018-05-12 07:49:38', null);
INSERT INTO `arrange` VALUES ('794', '70', '9', '2018-07-06', '05:48:23', '07:36:23', '35.00', '2018-05-12 07:49:38', '2018-05-12 07:49:38', null);
INSERT INTO `arrange` VALUES ('795', '70', '10', '2018-07-06', '05:48:23', '07:36:23', '35.00', '2018-05-12 07:49:38', '2018-05-12 07:49:38', null);
INSERT INTO `arrange` VALUES ('796', '70', '14', '2018-07-06', '05:48:23', '07:36:23', '35.00', '2018-05-12 07:49:38', '2018-05-12 07:49:38', null);
INSERT INTO `arrange` VALUES ('797', '70', '19', '2018-07-06', '05:48:23', '07:36:23', '35.00', '2018-05-12 07:49:38', '2018-05-12 07:49:38', null);
INSERT INTO `arrange` VALUES ('798', '70', '9', '2018-07-07', '05:48:23', '07:36:23', '35.00', '2018-05-12 07:49:38', '2018-05-12 07:49:38', null);
INSERT INTO `arrange` VALUES ('799', '70', '10', '2018-07-07', '05:48:23', '07:36:23', '35.00', '2018-05-12 07:49:38', '2018-05-12 07:49:38', null);
INSERT INTO `arrange` VALUES ('800', '70', '14', '2018-07-07', '05:48:23', '07:36:23', '35.00', '2018-05-12 07:49:38', '2018-05-12 07:49:38', null);
INSERT INTO `arrange` VALUES ('801', '70', '19', '2018-07-07', '05:48:23', '07:36:23', '35.00', '2018-05-12 07:49:38', '2018-05-12 07:49:38', null);
INSERT INTO `arrange` VALUES ('802', '70', '9', '2018-07-08', '05:48:23', '07:36:23', '35.00', '2018-05-12 07:49:38', '2018-05-12 07:49:38', null);
INSERT INTO `arrange` VALUES ('803', '70', '10', '2018-07-08', '05:48:23', '07:36:23', '35.00', '2018-05-12 07:49:38', '2018-05-12 07:49:38', null);
INSERT INTO `arrange` VALUES ('804', '70', '14', '2018-07-08', '05:48:23', '07:36:23', '35.00', '2018-05-12 07:49:38', '2018-05-12 07:49:38', null);
INSERT INTO `arrange` VALUES ('805', '70', '19', '2018-07-08', '05:48:23', '07:36:23', '35.00', '2018-05-12 07:49:38', '2018-05-12 07:49:38', null);
INSERT INTO `arrange` VALUES ('806', '70', '9', '2018-07-09', '05:48:23', '07:36:23', '35.00', '2018-05-12 07:49:38', '2018-05-12 07:49:38', null);
INSERT INTO `arrange` VALUES ('807', '70', '10', '2018-07-09', '05:48:23', '07:36:23', '35.00', '2018-05-12 07:49:38', '2018-05-12 07:49:38', null);
INSERT INTO `arrange` VALUES ('808', '70', '14', '2018-07-09', '05:48:23', '07:36:23', '35.00', '2018-05-12 07:49:38', '2018-05-12 07:49:38', null);
INSERT INTO `arrange` VALUES ('809', '70', '19', '2018-07-09', '05:48:23', '07:36:23', '35.00', '2018-05-12 07:49:38', '2018-05-12 07:49:38', null);
INSERT INTO `arrange` VALUES ('810', '70', '9', '2018-07-10', '05:48:23', '07:36:23', '35.00', '2018-05-12 07:49:38', '2018-05-12 07:49:38', null);
INSERT INTO `arrange` VALUES ('811', '70', '10', '2018-07-10', '05:48:23', '07:36:23', '35.00', '2018-05-12 07:49:38', '2018-05-12 07:49:38', null);
INSERT INTO `arrange` VALUES ('812', '70', '14', '2018-07-10', '05:48:23', '07:36:23', '35.00', '2018-05-12 07:49:38', '2018-05-12 07:49:38', null);
INSERT INTO `arrange` VALUES ('813', '70', '19', '2018-07-10', '05:48:23', '07:36:23', '35.00', '2018-05-12 07:49:38', '2018-05-12 07:49:38', null);
INSERT INTO `arrange` VALUES ('814', '70', '9', '2018-07-11', '05:48:23', '07:36:23', '35.00', '2018-05-12 07:49:38', '2018-05-12 07:49:38', null);
INSERT INTO `arrange` VALUES ('815', '70', '10', '2018-07-11', '05:48:23', '07:36:23', '35.00', '2018-05-12 07:49:38', '2018-05-12 07:49:38', null);
INSERT INTO `arrange` VALUES ('816', '70', '14', '2018-07-11', '05:48:23', '07:36:23', '35.00', '2018-05-12 07:49:38', '2018-05-12 07:49:38', null);
INSERT INTO `arrange` VALUES ('817', '70', '19', '2018-07-11', '05:48:23', '07:36:23', '35.00', '2018-05-12 07:49:38', '2018-05-12 07:49:38', null);
INSERT INTO `arrange` VALUES ('818', '70', '9', '2018-07-12', '05:48:23', '07:36:23', '35.00', '2018-05-12 07:49:38', '2018-05-12 07:49:38', null);
INSERT INTO `arrange` VALUES ('819', '70', '10', '2018-07-12', '05:48:23', '07:36:23', '35.00', '2018-05-12 07:49:38', '2018-05-12 07:49:38', null);
INSERT INTO `arrange` VALUES ('820', '70', '14', '2018-07-12', '05:48:23', '07:36:23', '35.00', '2018-05-12 07:49:38', '2018-05-12 07:49:38', null);
INSERT INTO `arrange` VALUES ('821', '70', '19', '2018-07-12', '05:48:23', '07:36:23', '35.00', '2018-05-12 07:49:38', '2018-05-12 07:49:38', null);
INSERT INTO `arrange` VALUES ('822', '70', '9', '2018-07-13', '05:48:23', '07:36:23', '35.00', '2018-05-12 07:49:38', '2018-05-12 07:49:38', null);
INSERT INTO `arrange` VALUES ('823', '70', '10', '2018-07-13', '05:48:23', '07:36:23', '35.00', '2018-05-12 07:49:38', '2018-05-12 07:49:38', null);
INSERT INTO `arrange` VALUES ('824', '70', '14', '2018-07-13', '05:48:23', '07:36:23', '35.00', '2018-05-12 07:49:38', '2018-05-12 07:49:38', null);
INSERT INTO `arrange` VALUES ('825', '70', '19', '2018-07-13', '05:48:23', '07:36:23', '35.00', '2018-05-12 07:49:38', '2018-05-12 07:49:38', null);
INSERT INTO `arrange` VALUES ('826', '70', '9', '2018-07-14', '05:48:23', '07:36:23', '35.00', '2018-05-12 07:49:38', '2018-05-12 07:49:38', null);
INSERT INTO `arrange` VALUES ('827', '70', '10', '2018-07-14', '05:48:23', '07:36:23', '35.00', '2018-05-12 07:49:38', '2018-05-12 07:49:38', null);
INSERT INTO `arrange` VALUES ('828', '70', '14', '2018-07-14', '05:48:23', '07:36:23', '35.00', '2018-05-12 07:49:38', '2018-05-12 07:49:38', null);
INSERT INTO `arrange` VALUES ('829', '70', '19', '2018-07-14', '05:48:23', '07:36:23', '35.00', '2018-05-12 07:49:38', '2018-05-12 07:49:38', null);
INSERT INTO `arrange` VALUES ('830', '70', '9', '2018-07-15', '05:48:23', '07:36:23', '35.00', '2018-05-12 07:49:38', '2018-05-12 07:49:38', null);
INSERT INTO `arrange` VALUES ('831', '70', '10', '2018-07-15', '05:48:23', '07:36:23', '35.00', '2018-05-12 07:49:38', '2018-05-12 07:49:38', null);
INSERT INTO `arrange` VALUES ('832', '70', '14', '2018-07-15', '05:48:23', '07:36:23', '35.00', '2018-05-12 07:49:38', '2018-05-12 07:49:38', null);
INSERT INTO `arrange` VALUES ('833', '70', '19', '2018-07-15', '05:48:23', '07:36:23', '35.00', '2018-05-12 07:49:38', '2018-05-12 07:49:38', null);
INSERT INTO `arrange` VALUES ('834', '70', '9', '2018-07-16', '05:48:23', '07:36:23', '35.00', '2018-05-12 07:49:38', '2018-05-12 07:49:38', null);
INSERT INTO `arrange` VALUES ('835', '70', '10', '2018-07-16', '05:48:23', '07:36:23', '35.00', '2018-05-12 07:49:38', '2018-05-12 07:49:38', null);
INSERT INTO `arrange` VALUES ('836', '70', '14', '2018-07-16', '05:48:23', '07:36:23', '35.00', '2018-05-12 07:49:38', '2018-05-12 07:49:38', null);
INSERT INTO `arrange` VALUES ('837', '70', '19', '2018-07-16', '05:48:23', '07:36:23', '35.00', '2018-05-12 07:49:38', '2018-05-12 07:49:38', null);
INSERT INTO `arrange` VALUES ('838', '70', '9', '2018-07-17', '05:48:23', '07:36:23', '35.00', '2018-05-12 07:49:38', '2018-05-12 07:49:38', null);
INSERT INTO `arrange` VALUES ('839', '70', '10', '2018-07-17', '05:48:23', '07:36:23', '35.00', '2018-05-12 07:49:38', '2018-05-12 07:49:38', null);
INSERT INTO `arrange` VALUES ('840', '70', '14', '2018-07-17', '05:48:23', '07:36:23', '35.00', '2018-05-12 07:49:38', '2018-05-12 07:49:38', null);
INSERT INTO `arrange` VALUES ('841', '70', '19', '2018-07-17', '05:48:23', '07:36:23', '35.00', '2018-05-12 07:49:38', '2018-05-12 07:49:38', null);
INSERT INTO `arrange` VALUES ('842', '70', '9', '2018-07-18', '05:48:23', '07:36:23', '35.00', '2018-05-12 07:49:38', '2018-05-12 07:49:38', null);
INSERT INTO `arrange` VALUES ('843', '70', '10', '2018-07-18', '05:48:23', '07:36:23', '35.00', '2018-05-12 07:49:38', '2018-05-12 07:49:38', null);
INSERT INTO `arrange` VALUES ('844', '70', '14', '2018-07-18', '05:48:23', '07:36:23', '35.00', '2018-05-12 07:49:38', '2018-05-12 07:49:38', null);
INSERT INTO `arrange` VALUES ('845', '70', '19', '2018-07-18', '05:48:23', '07:36:23', '35.00', '2018-05-12 07:49:38', '2018-05-12 07:49:38', null);
INSERT INTO `arrange` VALUES ('846', '70', '9', '2018-07-19', '05:48:23', '07:36:23', '35.00', '2018-05-12 07:49:38', '2018-05-12 07:49:38', null);
INSERT INTO `arrange` VALUES ('847', '70', '10', '2018-07-19', '05:48:23', '07:36:23', '35.00', '2018-05-12 07:49:38', '2018-05-12 07:49:38', null);
INSERT INTO `arrange` VALUES ('848', '70', '14', '2018-07-19', '05:48:23', '07:36:23', '35.00', '2018-05-12 07:49:38', '2018-05-12 07:49:38', null);
INSERT INTO `arrange` VALUES ('849', '70', '19', '2018-07-19', '05:48:23', '07:36:23', '35.00', '2018-05-12 07:49:38', '2018-05-12 07:49:38', null);
INSERT INTO `arrange` VALUES ('850', '70', '9', '2018-07-20', '05:48:23', '07:36:23', '35.00', '2018-05-12 07:49:38', '2018-05-12 07:49:38', null);
INSERT INTO `arrange` VALUES ('851', '70', '10', '2018-07-20', '05:48:23', '07:36:23', '35.00', '2018-05-12 07:49:38', '2018-05-12 07:49:38', null);
INSERT INTO `arrange` VALUES ('852', '70', '14', '2018-07-20', '05:48:23', '07:36:23', '35.00', '2018-05-12 07:49:38', '2018-05-12 07:49:38', null);
INSERT INTO `arrange` VALUES ('853', '70', '19', '2018-07-20', '05:48:23', '07:36:23', '35.00', '2018-05-12 07:49:38', '2018-05-12 07:49:38', null);
INSERT INTO `arrange` VALUES ('854', '70', '9', '2018-07-21', '05:48:23', '07:36:23', '35.00', '2018-05-12 07:49:38', '2018-05-12 07:49:38', null);
INSERT INTO `arrange` VALUES ('855', '70', '10', '2018-07-21', '05:48:23', '07:36:23', '35.00', '2018-05-12 07:49:38', '2018-05-12 07:49:38', null);
INSERT INTO `arrange` VALUES ('856', '70', '14', '2018-07-21', '05:48:23', '07:36:23', '35.00', '2018-05-12 07:49:38', '2018-05-12 07:49:38', null);
INSERT INTO `arrange` VALUES ('857', '70', '19', '2018-07-21', '05:48:23', '07:36:23', '35.00', '2018-05-12 07:49:38', '2018-05-12 07:49:38', null);
INSERT INTO `arrange` VALUES ('858', '70', '9', '2018-07-22', '05:48:23', '07:36:23', '35.00', '2018-05-12 07:49:38', '2018-05-12 07:49:38', null);
INSERT INTO `arrange` VALUES ('859', '70', '10', '2018-07-22', '05:48:23', '07:36:23', '35.00', '2018-05-12 07:49:38', '2018-05-12 07:49:38', null);
INSERT INTO `arrange` VALUES ('860', '70', '14', '2018-07-22', '05:48:23', '07:36:23', '35.00', '2018-05-12 07:49:38', '2018-05-12 07:49:38', null);
INSERT INTO `arrange` VALUES ('861', '70', '19', '2018-07-22', '05:48:23', '07:36:23', '35.00', '2018-05-12 07:49:38', '2018-05-12 07:49:38', null);
INSERT INTO `arrange` VALUES ('862', '70', '9', '2018-07-23', '05:48:23', '07:36:23', '35.00', '2018-05-12 07:49:38', '2018-05-12 07:49:38', null);
INSERT INTO `arrange` VALUES ('863', '70', '10', '2018-07-23', '05:48:23', '07:36:23', '35.00', '2018-05-12 07:49:38', '2018-05-12 07:49:38', null);
INSERT INTO `arrange` VALUES ('864', '70', '14', '2018-07-23', '05:48:23', '07:36:23', '35.00', '2018-05-12 07:49:38', '2018-05-12 07:49:38', null);
INSERT INTO `arrange` VALUES ('865', '70', '19', '2018-07-23', '05:48:23', '07:36:23', '35.00', '2018-05-12 07:49:38', '2018-05-12 07:49:38', null);
INSERT INTO `arrange` VALUES ('866', '70', '9', '2018-07-24', '05:48:23', '07:36:23', '35.00', '2018-05-12 07:49:38', '2018-05-12 07:49:38', null);
INSERT INTO `arrange` VALUES ('867', '70', '10', '2018-07-24', '05:48:23', '07:36:23', '35.00', '2018-05-12 07:49:38', '2018-05-12 07:49:38', null);
INSERT INTO `arrange` VALUES ('868', '70', '14', '2018-07-24', '05:48:23', '07:36:23', '35.00', '2018-05-12 07:49:38', '2018-05-12 07:49:38', null);
INSERT INTO `arrange` VALUES ('869', '70', '19', '2018-07-24', '05:48:23', '07:36:23', '35.00', '2018-05-12 07:49:38', '2018-05-12 07:49:38', null);
INSERT INTO `arrange` VALUES ('870', '70', '9', '2018-07-25', '05:48:23', '07:36:23', '35.00', '2018-05-12 07:49:38', '2018-05-12 07:49:38', null);
INSERT INTO `arrange` VALUES ('871', '70', '10', '2018-07-25', '05:48:23', '07:36:23', '35.00', '2018-05-12 07:49:38', '2018-05-12 07:49:38', null);
INSERT INTO `arrange` VALUES ('872', '70', '14', '2018-07-25', '05:48:23', '07:36:23', '35.00', '2018-05-12 07:49:38', '2018-05-12 07:49:38', null);
INSERT INTO `arrange` VALUES ('873', '70', '19', '2018-07-25', '05:48:23', '07:36:23', '35.00', '2018-05-12 07:49:38', '2018-05-12 07:49:38', null);
INSERT INTO `arrange` VALUES ('874', '70', '9', '2018-07-26', '05:48:23', '07:36:23', '35.00', '2018-05-12 07:49:38', '2018-05-12 07:49:38', null);
INSERT INTO `arrange` VALUES ('875', '70', '10', '2018-07-26', '05:48:23', '07:36:23', '35.00', '2018-05-12 07:49:38', '2018-05-12 07:49:38', null);
INSERT INTO `arrange` VALUES ('876', '70', '14', '2018-07-26', '05:48:23', '07:36:23', '35.00', '2018-05-12 07:49:38', '2018-05-12 07:49:38', null);
INSERT INTO `arrange` VALUES ('877', '70', '19', '2018-07-26', '05:48:23', '07:36:23', '35.00', '2018-05-12 07:49:38', '2018-05-12 07:49:38', null);
INSERT INTO `arrange` VALUES ('878', '70', '9', '2018-07-27', '05:48:23', '07:36:23', '35.00', '2018-05-12 07:49:38', '2018-05-12 07:49:38', null);
INSERT INTO `arrange` VALUES ('879', '70', '10', '2018-07-27', '05:48:23', '07:36:23', '35.00', '2018-05-12 07:49:38', '2018-05-12 07:49:38', null);
INSERT INTO `arrange` VALUES ('880', '70', '14', '2018-07-27', '05:48:23', '07:36:23', '35.00', '2018-05-12 07:49:38', '2018-05-12 07:49:38', null);
INSERT INTO `arrange` VALUES ('881', '70', '19', '2018-07-27', '05:48:23', '07:36:23', '35.00', '2018-05-12 07:49:38', '2018-05-12 07:49:38', null);
INSERT INTO `arrange` VALUES ('882', '70', '9', '2018-07-28', '05:48:23', '07:36:23', '35.00', '2018-05-12 07:49:38', '2018-05-12 07:49:38', null);
INSERT INTO `arrange` VALUES ('883', '70', '10', '2018-07-28', '05:48:23', '07:36:23', '35.00', '2018-05-12 07:49:38', '2018-05-12 07:49:38', null);
INSERT INTO `arrange` VALUES ('884', '70', '14', '2018-07-28', '05:48:23', '07:36:23', '35.00', '2018-05-12 07:49:38', '2018-05-12 07:49:38', null);
INSERT INTO `arrange` VALUES ('885', '70', '19', '2018-07-28', '05:48:23', '07:36:23', '35.00', '2018-05-12 07:49:38', '2018-05-12 07:49:38', null);
INSERT INTO `arrange` VALUES ('886', '70', '9', '2018-07-29', '05:48:23', '07:36:23', '35.00', '2018-05-12 07:49:38', '2018-05-12 07:49:38', null);
INSERT INTO `arrange` VALUES ('887', '70', '10', '2018-07-29', '05:48:23', '07:36:23', '35.00', '2018-05-12 07:49:38', '2018-05-12 07:49:38', null);
INSERT INTO `arrange` VALUES ('888', '70', '14', '2018-07-29', '05:48:23', '07:36:23', '35.00', '2018-05-12 07:49:38', '2018-05-12 07:49:38', null);
INSERT INTO `arrange` VALUES ('889', '70', '19', '2018-07-29', '05:48:23', '07:36:23', '35.00', '2018-05-12 07:49:38', '2018-05-12 07:49:38', null);
INSERT INTO `arrange` VALUES ('890', '70', '9', '2018-07-30', '05:48:23', '07:36:23', '35.00', '2018-05-12 07:49:38', '2018-05-12 07:49:38', null);
INSERT INTO `arrange` VALUES ('891', '70', '10', '2018-07-30', '05:48:23', '07:36:23', '35.00', '2018-05-12 07:49:38', '2018-05-12 07:49:38', null);
INSERT INTO `arrange` VALUES ('892', '70', '14', '2018-07-30', '05:48:23', '07:36:23', '35.00', '2018-05-12 07:49:38', '2018-05-12 07:49:38', null);
INSERT INTO `arrange` VALUES ('893', '70', '19', '2018-07-30', '05:48:23', '07:36:23', '35.00', '2018-05-12 07:49:38', '2018-05-12 07:49:38', null);
INSERT INTO `arrange` VALUES ('894', '70', '9', '2018-07-31', '05:48:23', '07:36:23', '35.00', '2018-05-12 07:49:38', '2018-05-12 07:49:38', null);
INSERT INTO `arrange` VALUES ('895', '70', '10', '2018-07-31', '05:48:23', '07:36:23', '35.00', '2018-05-12 07:49:38', '2018-05-12 07:49:38', null);
INSERT INTO `arrange` VALUES ('896', '70', '14', '2018-07-31', '05:48:23', '07:36:23', '35.00', '2018-05-12 07:49:38', '2018-05-12 07:49:38', null);
INSERT INTO `arrange` VALUES ('897', '70', '19', '2018-07-31', '05:48:23', '07:36:23', '35.00', '2018-05-12 07:49:38', '2018-05-12 07:49:38', null);
INSERT INTO `arrange` VALUES ('898', '70', '9', '2018-08-01', '05:48:23', '07:36:23', '35.00', '2018-05-12 07:49:38', '2018-05-12 07:49:38', null);
INSERT INTO `arrange` VALUES ('899', '70', '10', '2018-08-01', '05:48:23', '07:36:23', '35.00', '2018-05-12 07:49:38', '2018-05-12 07:49:38', null);
INSERT INTO `arrange` VALUES ('900', '70', '14', '2018-08-01', '05:48:23', '07:36:23', '35.00', '2018-05-12 07:49:38', '2018-05-12 07:49:38', null);
INSERT INTO `arrange` VALUES ('901', '70', '19', '2018-08-01', '05:48:23', '07:36:23', '35.00', '2018-05-12 07:49:38', '2018-05-12 07:49:38', null);
INSERT INTO `arrange` VALUES ('902', '70', '9', '2018-08-02', '05:48:23', '07:36:23', '35.00', '2018-05-12 07:49:38', '2018-05-12 07:49:38', null);
INSERT INTO `arrange` VALUES ('903', '70', '10', '2018-08-02', '05:48:23', '07:36:23', '35.00', '2018-05-12 07:49:38', '2018-05-12 07:49:38', null);
INSERT INTO `arrange` VALUES ('904', '70', '14', '2018-08-02', '05:48:23', '07:36:23', '35.00', '2018-05-12 07:49:38', '2018-05-12 07:49:38', null);
INSERT INTO `arrange` VALUES ('905', '70', '19', '2018-08-02', '05:48:23', '07:36:23', '35.00', '2018-05-12 07:49:38', '2018-05-12 07:49:38', null);
INSERT INTO `arrange` VALUES ('906', '70', '9', '2018-08-03', '05:48:23', '07:36:23', '35.00', '2018-05-12 07:49:38', '2018-05-12 07:49:38', null);
INSERT INTO `arrange` VALUES ('907', '70', '10', '2018-08-03', '05:48:23', '07:36:23', '35.00', '2018-05-12 07:49:38', '2018-05-12 07:49:38', null);
INSERT INTO `arrange` VALUES ('908', '70', '14', '2018-08-03', '05:48:23', '07:36:23', '35.00', '2018-05-12 07:49:38', '2018-05-12 07:49:38', null);
INSERT INTO `arrange` VALUES ('909', '70', '19', '2018-08-03', '05:48:23', '07:36:23', '35.00', '2018-05-12 07:49:38', '2018-05-12 07:49:38', null);
INSERT INTO `arrange` VALUES ('910', '70', '9', '2018-08-04', '05:48:23', '07:36:23', '35.00', '2018-05-12 07:49:38', '2018-05-12 07:49:38', null);
INSERT INTO `arrange` VALUES ('911', '70', '10', '2018-08-04', '05:48:23', '07:36:23', '35.00', '2018-05-12 07:49:38', '2018-05-12 07:49:38', null);
INSERT INTO `arrange` VALUES ('912', '70', '14', '2018-08-04', '05:48:23', '07:36:23', '35.00', '2018-05-12 07:49:38', '2018-05-12 07:49:38', null);
INSERT INTO `arrange` VALUES ('913', '70', '19', '2018-08-04', '05:48:23', '07:36:23', '35.00', '2018-05-12 07:49:38', '2018-05-12 07:49:38', null);
INSERT INTO `arrange` VALUES ('914', '70', '9', '2018-08-05', '05:48:23', '07:36:23', '35.00', '2018-05-12 07:49:38', '2018-05-12 07:49:38', null);
INSERT INTO `arrange` VALUES ('915', '70', '10', '2018-08-05', '05:48:23', '07:36:23', '35.00', '2018-05-12 07:49:38', '2018-05-12 07:49:38', null);
INSERT INTO `arrange` VALUES ('916', '70', '14', '2018-08-05', '05:48:23', '07:36:23', '35.00', '2018-05-12 07:49:38', '2018-05-12 07:49:38', null);
INSERT INTO `arrange` VALUES ('917', '70', '19', '2018-08-05', '05:48:23', '07:36:23', '35.00', '2018-05-12 07:49:38', '2018-05-12 07:49:38', null);
INSERT INTO `arrange` VALUES ('918', '70', '9', '2018-08-06', '05:48:23', '07:36:23', '35.00', '2018-05-12 07:49:38', '2018-05-12 07:49:38', null);
INSERT INTO `arrange` VALUES ('919', '70', '10', '2018-08-06', '05:48:23', '07:36:23', '35.00', '2018-05-12 07:49:38', '2018-05-12 07:49:38', null);
INSERT INTO `arrange` VALUES ('920', '70', '14', '2018-08-06', '05:48:23', '07:36:23', '35.00', '2018-05-12 07:49:38', '2018-05-12 07:49:38', null);
INSERT INTO `arrange` VALUES ('921', '70', '19', '2018-08-06', '05:48:23', '07:36:23', '35.00', '2018-05-12 07:49:38', '2018-05-12 07:49:38', null);
INSERT INTO `arrange` VALUES ('922', '70', '9', '2018-08-07', '05:48:23', '07:36:23', '35.00', '2018-05-12 07:49:38', '2018-05-12 07:49:38', null);
INSERT INTO `arrange` VALUES ('923', '70', '10', '2018-08-07', '05:48:23', '07:36:23', '35.00', '2018-05-12 07:49:38', '2018-05-12 07:49:38', null);
INSERT INTO `arrange` VALUES ('924', '70', '14', '2018-08-07', '05:48:23', '07:36:23', '35.00', '2018-05-12 07:49:38', '2018-05-12 07:49:38', null);
INSERT INTO `arrange` VALUES ('925', '70', '19', '2018-08-07', '05:48:23', '07:36:23', '35.00', '2018-05-12 07:49:38', '2018-05-12 07:49:38', null);
INSERT INTO `arrange` VALUES ('926', '70', '9', '2018-08-08', '05:48:23', '07:36:23', '35.00', '2018-05-12 07:49:38', '2018-05-12 07:49:38', null);
INSERT INTO `arrange` VALUES ('927', '70', '10', '2018-08-08', '05:48:23', '07:36:23', '35.00', '2018-05-12 07:49:38', '2018-05-12 07:49:38', null);
INSERT INTO `arrange` VALUES ('928', '70', '14', '2018-08-08', '05:48:23', '07:36:23', '35.00', '2018-05-12 07:49:38', '2018-05-12 07:49:38', null);
INSERT INTO `arrange` VALUES ('929', '70', '19', '2018-08-08', '05:48:23', '07:36:23', '35.00', '2018-05-12 07:49:38', '2018-05-12 07:49:38', null);
INSERT INTO `arrange` VALUES ('930', '70', '9', '2018-08-09', '05:48:23', '07:36:23', '35.00', '2018-05-12 07:49:38', '2018-05-12 07:49:38', null);
INSERT INTO `arrange` VALUES ('931', '70', '10', '2018-08-09', '05:48:23', '07:36:23', '35.00', '2018-05-12 07:49:38', '2018-05-12 07:49:38', null);
INSERT INTO `arrange` VALUES ('932', '70', '14', '2018-08-09', '05:48:23', '07:36:23', '35.00', '2018-05-12 07:49:38', '2018-05-12 07:49:38', null);
INSERT INTO `arrange` VALUES ('933', '70', '19', '2018-08-09', '05:48:23', '07:36:23', '35.00', '2018-05-12 07:49:38', '2018-05-12 07:49:38', null);
INSERT INTO `arrange` VALUES ('934', '70', '9', '2018-08-10', '05:48:23', '07:36:23', '35.00', '2018-05-12 07:49:38', '2018-05-12 07:49:38', null);
INSERT INTO `arrange` VALUES ('935', '70', '10', '2018-08-10', '05:48:23', '07:36:23', '35.00', '2018-05-12 07:49:38', '2018-05-12 07:49:38', null);
INSERT INTO `arrange` VALUES ('936', '70', '14', '2018-08-10', '05:48:23', '07:36:23', '35.00', '2018-05-12 07:49:38', '2018-05-12 07:49:38', null);
INSERT INTO `arrange` VALUES ('937', '70', '19', '2018-08-10', '05:48:23', '07:36:23', '35.00', '2018-05-12 07:49:38', '2018-05-12 07:49:38', null);
INSERT INTO `arrange` VALUES ('938', '70', '9', '2018-08-11', '05:48:23', '07:36:23', '35.00', '2018-05-12 07:49:38', '2018-05-12 07:49:38', null);
INSERT INTO `arrange` VALUES ('939', '70', '10', '2018-08-11', '05:48:23', '07:36:23', '35.00', '2018-05-12 07:49:38', '2018-05-12 07:49:38', null);
INSERT INTO `arrange` VALUES ('940', '70', '14', '2018-08-11', '05:48:23', '07:36:23', '35.00', '2018-05-12 07:49:38', '2018-05-12 07:49:38', null);
INSERT INTO `arrange` VALUES ('941', '70', '19', '2018-08-11', '05:48:23', '07:36:23', '35.00', '2018-05-12 07:49:38', '2018-05-12 07:49:38', null);
INSERT INTO `arrange` VALUES ('942', '70', '9', '2018-08-12', '05:48:23', '07:36:23', '35.00', '2018-05-12 07:49:38', '2018-05-12 07:49:38', null);
INSERT INTO `arrange` VALUES ('943', '70', '10', '2018-08-12', '05:48:23', '07:36:23', '35.00', '2018-05-12 07:49:38', '2018-05-12 07:49:38', null);
INSERT INTO `arrange` VALUES ('944', '70', '14', '2018-08-12', '05:48:23', '07:36:23', '35.00', '2018-05-12 07:49:38', '2018-05-12 07:49:38', null);
INSERT INTO `arrange` VALUES ('945', '70', '19', '2018-08-12', '05:48:23', '07:36:23', '35.00', '2018-05-12 07:49:38', '2018-05-12 07:49:38', null);
INSERT INTO `arrange` VALUES ('946', '70', '9', '2018-08-13', '05:48:23', '07:36:23', '35.00', '2018-05-12 07:49:38', '2018-05-12 07:49:38', null);
INSERT INTO `arrange` VALUES ('947', '70', '10', '2018-08-13', '05:48:23', '07:36:23', '35.00', '2018-05-12 07:49:38', '2018-05-12 07:49:38', null);
INSERT INTO `arrange` VALUES ('948', '70', '14', '2018-08-13', '05:48:23', '07:36:23', '35.00', '2018-05-12 07:49:38', '2018-05-12 07:49:38', null);
INSERT INTO `arrange` VALUES ('949', '70', '19', '2018-08-13', '05:48:23', '07:36:23', '35.00', '2018-05-12 07:49:38', '2018-05-12 07:49:38', null);
INSERT INTO `arrange` VALUES ('950', '70', '9', '2018-08-14', '05:48:23', '07:36:23', '35.00', '2018-05-12 07:49:38', '2018-05-12 07:49:38', null);
INSERT INTO `arrange` VALUES ('951', '70', '10', '2018-08-14', '05:48:23', '07:36:23', '35.00', '2018-05-12 07:49:38', '2018-05-12 07:49:38', null);
INSERT INTO `arrange` VALUES ('952', '70', '14', '2018-08-14', '05:48:23', '07:36:23', '35.00', '2018-05-12 07:49:38', '2018-05-12 07:49:38', null);
INSERT INTO `arrange` VALUES ('953', '70', '19', '2018-08-14', '05:48:23', '07:36:23', '35.00', '2018-05-12 07:49:38', '2018-05-12 07:49:38', null);
INSERT INTO `arrange` VALUES ('954', '70', '9', '2018-08-15', '05:48:23', '07:36:23', '35.00', '2018-05-12 07:49:38', '2018-05-12 07:49:38', null);
INSERT INTO `arrange` VALUES ('955', '70', '10', '2018-08-15', '05:48:23', '07:36:23', '35.00', '2018-05-12 07:49:38', '2018-05-12 07:49:38', null);
INSERT INTO `arrange` VALUES ('956', '70', '14', '2018-08-15', '05:48:23', '07:36:23', '35.00', '2018-05-12 07:49:38', '2018-05-12 07:49:38', null);
INSERT INTO `arrange` VALUES ('957', '70', '19', '2018-08-15', '05:48:23', '07:36:23', '35.00', '2018-05-12 07:49:38', '2018-05-12 07:49:38', null);
INSERT INTO `arrange` VALUES ('958', '70', '9', '2018-08-16', '05:48:23', '07:36:23', '35.00', '2018-05-12 07:49:38', '2018-05-12 07:49:38', null);
INSERT INTO `arrange` VALUES ('959', '70', '10', '2018-08-16', '05:48:23', '07:36:23', '35.00', '2018-05-12 07:49:38', '2018-05-12 07:49:38', null);
INSERT INTO `arrange` VALUES ('960', '70', '14', '2018-08-16', '05:48:23', '07:36:23', '35.00', '2018-05-12 07:49:38', '2018-05-12 07:49:38', null);
INSERT INTO `arrange` VALUES ('961', '70', '19', '2018-08-16', '05:48:23', '07:36:23', '35.00', '2018-05-12 07:49:38', '2018-05-12 07:49:38', null);
INSERT INTO `arrange` VALUES ('962', '70', '9', '2018-04-13', '09:48:23', '11:36:23', '35.00', '2018-05-12 07:50:48', '2018-05-12 07:50:48', null);
INSERT INTO `arrange` VALUES ('963', '70', '10', '2018-04-13', '09:48:23', '11:36:23', '35.00', '2018-05-12 07:50:48', '2018-05-12 07:50:48', null);
INSERT INTO `arrange` VALUES ('964', '70', '14', '2018-04-13', '09:48:23', '11:36:23', '35.00', '2018-05-12 07:50:48', '2018-05-12 07:50:48', null);
INSERT INTO `arrange` VALUES ('965', '70', '19', '2018-04-13', '09:48:23', '11:36:23', '35.00', '2018-05-12 07:50:48', '2018-05-12 07:50:48', null);
INSERT INTO `arrange` VALUES ('966', '70', '9', '2018-04-14', '09:48:23', '11:36:23', '35.00', '2018-05-12 07:50:48', '2018-05-12 07:50:48', null);
INSERT INTO `arrange` VALUES ('967', '70', '10', '2018-04-14', '09:48:23', '11:36:23', '35.00', '2018-05-12 07:50:48', '2018-05-12 07:50:48', null);
INSERT INTO `arrange` VALUES ('968', '70', '14', '2018-04-14', '09:48:23', '11:36:23', '35.00', '2018-05-12 07:50:48', '2018-05-12 07:50:48', null);
INSERT INTO `arrange` VALUES ('969', '70', '19', '2018-04-14', '09:48:23', '11:36:23', '35.00', '2018-05-12 07:50:48', '2018-05-12 07:50:48', null);
INSERT INTO `arrange` VALUES ('970', '70', '9', '2018-04-15', '09:48:23', '11:36:23', '35.00', '2018-05-12 07:50:48', '2018-05-12 07:50:48', null);
INSERT INTO `arrange` VALUES ('971', '70', '10', '2018-04-15', '09:48:23', '11:36:23', '35.00', '2018-05-12 07:50:48', '2018-05-12 07:50:48', null);
INSERT INTO `arrange` VALUES ('972', '70', '14', '2018-04-15', '09:48:23', '11:36:23', '35.00', '2018-05-12 07:50:48', '2018-05-12 07:50:48', null);
INSERT INTO `arrange` VALUES ('973', '70', '19', '2018-04-15', '09:48:23', '11:36:23', '35.00', '2018-05-12 07:50:48', '2018-05-12 07:50:48', null);
INSERT INTO `arrange` VALUES ('974', '70', '9', '2018-04-16', '09:48:23', '11:36:23', '35.00', '2018-05-12 07:50:48', '2018-05-12 07:50:48', null);
INSERT INTO `arrange` VALUES ('975', '70', '10', '2018-04-16', '09:48:23', '11:36:23', '35.00', '2018-05-12 07:50:48', '2018-05-12 07:50:48', null);
INSERT INTO `arrange` VALUES ('976', '70', '14', '2018-04-16', '09:48:23', '11:36:23', '35.00', '2018-05-12 07:50:48', '2018-05-12 07:50:48', null);
INSERT INTO `arrange` VALUES ('977', '70', '19', '2018-04-16', '09:48:23', '11:36:23', '35.00', '2018-05-12 07:50:48', '2018-05-12 07:50:48', null);
INSERT INTO `arrange` VALUES ('978', '70', '9', '2018-04-17', '09:48:23', '11:36:23', '35.00', '2018-05-12 07:50:48', '2018-05-12 07:50:48', null);
INSERT INTO `arrange` VALUES ('979', '70', '10', '2018-04-17', '09:48:23', '11:36:23', '35.00', '2018-05-12 07:50:48', '2018-05-12 07:50:48', null);
INSERT INTO `arrange` VALUES ('980', '70', '14', '2018-04-17', '09:48:23', '11:36:23', '35.00', '2018-05-12 07:50:48', '2018-05-12 07:50:48', null);
INSERT INTO `arrange` VALUES ('981', '70', '19', '2018-04-17', '09:48:23', '11:36:23', '35.00', '2018-05-12 07:50:48', '2018-05-12 07:50:48', null);
INSERT INTO `arrange` VALUES ('982', '70', '9', '2018-04-18', '09:48:23', '11:36:23', '35.00', '2018-05-12 07:50:48', '2018-05-12 07:50:48', null);
INSERT INTO `arrange` VALUES ('983', '70', '10', '2018-04-18', '09:48:23', '11:36:23', '35.00', '2018-05-12 07:50:48', '2018-05-12 07:50:48', null);
INSERT INTO `arrange` VALUES ('984', '70', '14', '2018-04-18', '09:48:23', '11:36:23', '35.00', '2018-05-12 07:50:48', '2018-05-12 07:50:48', null);
INSERT INTO `arrange` VALUES ('985', '70', '19', '2018-04-18', '09:48:23', '11:36:23', '35.00', '2018-05-12 07:50:48', '2018-05-12 07:50:48', null);
INSERT INTO `arrange` VALUES ('986', '70', '9', '2018-04-19', '09:48:23', '11:36:23', '35.00', '2018-05-12 07:50:48', '2018-05-12 07:50:48', null);
INSERT INTO `arrange` VALUES ('987', '70', '10', '2018-04-19', '09:48:23', '11:36:23', '35.00', '2018-05-12 07:50:48', '2018-05-12 07:50:48', null);
INSERT INTO `arrange` VALUES ('988', '70', '14', '2018-04-19', '09:48:23', '11:36:23', '35.00', '2018-05-12 07:50:48', '2018-05-12 07:50:48', null);
INSERT INTO `arrange` VALUES ('989', '70', '19', '2018-04-19', '09:48:23', '11:36:23', '35.00', '2018-05-12 07:50:48', '2018-05-12 07:50:48', null);
INSERT INTO `arrange` VALUES ('990', '70', '9', '2018-04-20', '09:48:23', '11:36:23', '35.00', '2018-05-12 07:50:48', '2018-05-12 07:50:48', null);
INSERT INTO `arrange` VALUES ('991', '70', '10', '2018-04-20', '09:48:23', '11:36:23', '35.00', '2018-05-12 07:50:48', '2018-05-12 07:50:48', null);
INSERT INTO `arrange` VALUES ('992', '70', '14', '2018-04-20', '09:48:23', '11:36:23', '35.00', '2018-05-12 07:50:48', '2018-05-12 07:50:48', null);
INSERT INTO `arrange` VALUES ('993', '70', '19', '2018-04-20', '09:48:23', '11:36:23', '35.00', '2018-05-12 07:50:48', '2018-05-12 07:50:48', null);
INSERT INTO `arrange` VALUES ('994', '70', '9', '2018-04-21', '09:48:23', '11:36:23', '35.00', '2018-05-12 07:50:48', '2018-05-12 07:50:48', null);
INSERT INTO `arrange` VALUES ('995', '70', '10', '2018-04-21', '09:48:23', '11:36:23', '35.00', '2018-05-12 07:50:48', '2018-05-12 07:50:48', null);
INSERT INTO `arrange` VALUES ('996', '70', '14', '2018-04-21', '09:48:23', '11:36:23', '35.00', '2018-05-12 07:50:48', '2018-05-12 07:50:48', null);
INSERT INTO `arrange` VALUES ('997', '70', '19', '2018-04-21', '09:48:23', '11:36:23', '35.00', '2018-05-12 07:50:48', '2018-05-12 07:50:48', null);
INSERT INTO `arrange` VALUES ('998', '70', '9', '2018-04-22', '09:48:23', '11:36:23', '35.00', '2018-05-12 07:50:48', '2018-05-12 07:50:48', null);
INSERT INTO `arrange` VALUES ('999', '70', '10', '2018-04-22', '09:48:23', '11:36:23', '35.00', '2018-05-12 07:50:48', '2018-05-12 07:50:48', null);
INSERT INTO `arrange` VALUES ('1000', '70', '14', '2018-04-22', '09:48:23', '11:36:23', '35.00', '2018-05-12 07:50:48', '2018-05-12 07:50:48', null);
INSERT INTO `arrange` VALUES ('1001', '70', '19', '2018-04-22', '09:48:23', '11:36:23', '35.00', '2018-05-12 07:50:48', '2018-05-12 07:50:48', null);
INSERT INTO `arrange` VALUES ('1002', '70', '9', '2018-04-23', '09:48:23', '11:36:23', '35.00', '2018-05-12 07:50:48', '2018-05-12 07:50:48', null);
INSERT INTO `arrange` VALUES ('1003', '70', '10', '2018-04-23', '09:48:23', '11:36:23', '35.00', '2018-05-12 07:50:48', '2018-05-12 07:50:48', null);
INSERT INTO `arrange` VALUES ('1004', '70', '14', '2018-04-23', '09:48:23', '11:36:23', '35.00', '2018-05-12 07:50:48', '2018-05-12 07:50:48', null);
INSERT INTO `arrange` VALUES ('1005', '70', '19', '2018-04-23', '09:48:23', '11:36:23', '35.00', '2018-05-12 07:50:48', '2018-05-12 07:50:48', null);
INSERT INTO `arrange` VALUES ('1006', '70', '9', '2018-04-24', '09:48:23', '11:36:23', '35.00', '2018-05-12 07:50:48', '2018-05-12 07:50:48', null);
INSERT INTO `arrange` VALUES ('1007', '70', '10', '2018-04-24', '09:48:23', '11:36:23', '35.00', '2018-05-12 07:50:48', '2018-05-12 07:50:48', null);
INSERT INTO `arrange` VALUES ('1008', '70', '14', '2018-04-24', '09:48:23', '11:36:23', '35.00', '2018-05-12 07:50:48', '2018-05-12 07:50:48', null);
INSERT INTO `arrange` VALUES ('1009', '70', '19', '2018-04-24', '09:48:23', '11:36:23', '35.00', '2018-05-12 07:50:48', '2018-05-12 07:50:48', null);
INSERT INTO `arrange` VALUES ('1010', '70', '9', '2018-04-25', '09:48:23', '11:36:23', '35.00', '2018-05-12 07:50:48', '2018-05-12 07:50:48', null);
INSERT INTO `arrange` VALUES ('1011', '70', '10', '2018-04-25', '09:48:23', '11:36:23', '35.00', '2018-05-12 07:50:48', '2018-05-12 07:50:48', null);
INSERT INTO `arrange` VALUES ('1012', '70', '14', '2018-04-25', '09:48:23', '11:36:23', '35.00', '2018-05-12 07:50:48', '2018-05-12 07:50:48', null);
INSERT INTO `arrange` VALUES ('1013', '70', '19', '2018-04-25', '09:48:23', '11:36:23', '35.00', '2018-05-12 07:50:48', '2018-05-12 07:50:48', null);
INSERT INTO `arrange` VALUES ('1014', '70', '9', '2018-04-26', '09:48:23', '11:36:23', '35.00', '2018-05-12 07:50:48', '2018-05-12 07:50:48', null);
INSERT INTO `arrange` VALUES ('1015', '70', '10', '2018-04-26', '09:48:23', '11:36:23', '35.00', '2018-05-12 07:50:48', '2018-05-12 07:50:48', null);
INSERT INTO `arrange` VALUES ('1016', '70', '14', '2018-04-26', '09:48:23', '11:36:23', '35.00', '2018-05-12 07:50:48', '2018-05-12 07:50:48', null);
INSERT INTO `arrange` VALUES ('1017', '70', '19', '2018-04-26', '09:48:23', '11:36:23', '35.00', '2018-05-12 07:50:48', '2018-05-12 07:50:48', null);
INSERT INTO `arrange` VALUES ('1018', '70', '9', '2018-04-27', '09:48:23', '11:36:23', '35.00', '2018-05-12 07:50:48', '2018-05-12 07:50:48', null);
INSERT INTO `arrange` VALUES ('1019', '70', '10', '2018-04-27', '09:48:23', '11:36:23', '35.00', '2018-05-12 07:50:48', '2018-05-12 07:50:48', null);
INSERT INTO `arrange` VALUES ('1020', '70', '14', '2018-04-27', '09:48:23', '11:36:23', '35.00', '2018-05-12 07:50:48', '2018-05-12 07:50:48', null);
INSERT INTO `arrange` VALUES ('1021', '70', '19', '2018-04-27', '09:48:23', '11:36:23', '35.00', '2018-05-12 07:50:48', '2018-05-12 07:50:48', null);
INSERT INTO `arrange` VALUES ('1022', '70', '9', '2018-04-28', '09:48:23', '11:36:23', '35.00', '2018-05-12 07:50:48', '2018-05-12 07:50:48', null);
INSERT INTO `arrange` VALUES ('1023', '70', '10', '2018-04-28', '09:48:23', '11:36:23', '35.00', '2018-05-12 07:50:48', '2018-05-12 07:50:48', null);
INSERT INTO `arrange` VALUES ('1024', '70', '14', '2018-04-28', '09:48:23', '11:36:23', '35.00', '2018-05-12 07:50:48', '2018-05-12 07:50:48', null);
INSERT INTO `arrange` VALUES ('1025', '70', '19', '2018-04-28', '09:48:23', '11:36:23', '35.00', '2018-05-12 07:50:48', '2018-05-12 07:50:48', null);
INSERT INTO `arrange` VALUES ('1026', '70', '9', '2018-04-29', '09:48:23', '11:36:23', '35.00', '2018-05-12 07:50:48', '2018-05-12 07:50:48', null);
INSERT INTO `arrange` VALUES ('1027', '70', '10', '2018-04-29', '09:48:23', '11:36:23', '35.00', '2018-05-12 07:50:48', '2018-05-12 07:50:48', null);
INSERT INTO `arrange` VALUES ('1028', '70', '14', '2018-04-29', '09:48:23', '11:36:23', '35.00', '2018-05-12 07:50:48', '2018-05-12 07:50:48', null);
INSERT INTO `arrange` VALUES ('1029', '70', '19', '2018-04-29', '09:48:23', '11:36:23', '35.00', '2018-05-12 07:50:48', '2018-05-12 07:50:48', null);
INSERT INTO `arrange` VALUES ('1030', '70', '9', '2018-04-30', '09:48:23', '11:36:23', '35.00', '2018-05-12 07:50:48', '2018-05-12 07:50:48', null);
INSERT INTO `arrange` VALUES ('1031', '70', '10', '2018-04-30', '09:48:23', '11:36:23', '35.00', '2018-05-12 07:50:48', '2018-05-12 07:50:48', null);
INSERT INTO `arrange` VALUES ('1032', '70', '14', '2018-04-30', '09:48:23', '11:36:23', '35.00', '2018-05-12 07:50:48', '2018-05-12 07:50:48', null);
INSERT INTO `arrange` VALUES ('1033', '70', '19', '2018-04-30', '09:48:23', '11:36:23', '35.00', '2018-05-12 07:50:48', '2018-05-12 07:50:48', null);
INSERT INTO `arrange` VALUES ('1034', '70', '9', '2018-05-01', '09:48:23', '11:36:23', '35.00', '2018-05-12 07:50:48', '2018-05-12 07:50:48', null);
INSERT INTO `arrange` VALUES ('1035', '70', '10', '2018-05-01', '09:48:23', '11:36:23', '35.00', '2018-05-12 07:50:48', '2018-05-12 07:50:48', null);
INSERT INTO `arrange` VALUES ('1036', '70', '14', '2018-05-01', '09:48:23', '11:36:23', '35.00', '2018-05-12 07:50:48', '2018-05-12 07:50:48', null);
INSERT INTO `arrange` VALUES ('1037', '70', '19', '2018-05-01', '09:48:23', '11:36:23', '35.00', '2018-05-12 07:50:48', '2018-05-12 07:50:48', null);
INSERT INTO `arrange` VALUES ('1038', '70', '9', '2018-05-02', '09:48:23', '11:36:23', '35.00', '2018-05-12 07:50:48', '2018-05-12 07:50:48', null);
INSERT INTO `arrange` VALUES ('1039', '70', '10', '2018-05-02', '09:48:23', '11:36:23', '35.00', '2018-05-12 07:50:48', '2018-05-12 07:50:48', null);
INSERT INTO `arrange` VALUES ('1040', '70', '14', '2018-05-02', '09:48:23', '11:36:23', '35.00', '2018-05-12 07:50:48', '2018-05-12 07:50:48', null);
INSERT INTO `arrange` VALUES ('1041', '70', '19', '2018-05-02', '09:48:23', '11:36:23', '35.00', '2018-05-12 07:50:48', '2018-05-12 07:50:48', null);
INSERT INTO `arrange` VALUES ('1042', '70', '9', '2018-05-03', '09:48:23', '11:36:23', '35.00', '2018-05-12 07:50:48', '2018-05-12 07:50:48', null);
INSERT INTO `arrange` VALUES ('1043', '70', '10', '2018-05-03', '09:48:23', '11:36:23', '35.00', '2018-05-12 07:50:48', '2018-05-12 07:50:48', null);
INSERT INTO `arrange` VALUES ('1044', '70', '14', '2018-05-03', '09:48:23', '11:36:23', '35.00', '2018-05-12 07:50:48', '2018-05-12 07:50:48', null);
INSERT INTO `arrange` VALUES ('1045', '70', '19', '2018-05-03', '09:48:23', '11:36:23', '35.00', '2018-05-12 07:50:48', '2018-05-12 07:50:48', null);
INSERT INTO `arrange` VALUES ('1046', '70', '9', '2018-05-04', '09:48:23', '11:36:23', '35.00', '2018-05-12 07:50:48', '2018-05-12 07:50:48', null);
INSERT INTO `arrange` VALUES ('1047', '70', '10', '2018-05-04', '09:48:23', '11:36:23', '35.00', '2018-05-12 07:50:48', '2018-05-12 07:50:48', null);
INSERT INTO `arrange` VALUES ('1048', '70', '14', '2018-05-04', '09:48:23', '11:36:23', '35.00', '2018-05-12 07:50:48', '2018-05-12 07:50:48', null);
INSERT INTO `arrange` VALUES ('1049', '70', '19', '2018-05-04', '09:48:23', '11:36:23', '35.00', '2018-05-12 07:50:48', '2018-05-12 07:50:48', null);
INSERT INTO `arrange` VALUES ('1050', '70', '9', '2018-05-05', '09:48:23', '11:36:23', '35.00', '2018-05-12 07:50:48', '2018-05-12 07:50:48', null);
INSERT INTO `arrange` VALUES ('1051', '70', '10', '2018-05-05', '09:48:23', '11:36:23', '35.00', '2018-05-12 07:50:48', '2018-05-12 07:50:48', null);
INSERT INTO `arrange` VALUES ('1052', '70', '14', '2018-05-05', '09:48:23', '11:36:23', '35.00', '2018-05-12 07:50:48', '2018-05-12 07:50:48', null);
INSERT INTO `arrange` VALUES ('1053', '70', '19', '2018-05-05', '09:48:23', '11:36:23', '35.00', '2018-05-12 07:50:48', '2018-05-12 07:50:48', null);
INSERT INTO `arrange` VALUES ('1054', '70', '9', '2018-05-06', '09:48:23', '11:36:23', '35.00', '2018-05-12 07:50:48', '2018-05-12 07:50:48', null);
INSERT INTO `arrange` VALUES ('1055', '70', '10', '2018-05-06', '09:48:23', '11:36:23', '35.00', '2018-05-12 07:50:48', '2018-05-12 07:50:48', null);
INSERT INTO `arrange` VALUES ('1056', '70', '14', '2018-05-06', '09:48:23', '11:36:23', '35.00', '2018-05-12 07:50:48', '2018-05-12 07:50:48', null);
INSERT INTO `arrange` VALUES ('1057', '70', '19', '2018-05-06', '09:48:23', '11:36:23', '35.00', '2018-05-12 07:50:48', '2018-05-12 07:50:48', null);
INSERT INTO `arrange` VALUES ('1058', '70', '9', '2018-05-07', '09:48:23', '11:36:23', '35.00', '2018-05-12 07:50:48', '2018-05-12 07:50:48', null);
INSERT INTO `arrange` VALUES ('1059', '70', '10', '2018-05-07', '09:48:23', '11:36:23', '35.00', '2018-05-12 07:50:48', '2018-05-12 07:50:48', null);
INSERT INTO `arrange` VALUES ('1060', '70', '14', '2018-05-07', '09:48:23', '11:36:23', '35.00', '2018-05-12 07:50:48', '2018-05-12 07:50:48', null);
INSERT INTO `arrange` VALUES ('1061', '70', '19', '2018-05-07', '09:48:23', '11:36:23', '35.00', '2018-05-12 07:50:48', '2018-05-12 07:50:48', null);
INSERT INTO `arrange` VALUES ('1062', '70', '9', '2018-05-08', '09:48:23', '11:36:23', '35.00', '2018-05-12 07:50:48', '2018-05-12 07:50:48', null);
INSERT INTO `arrange` VALUES ('1063', '70', '10', '2018-05-08', '09:48:23', '11:36:23', '35.00', '2018-05-12 07:50:48', '2018-05-12 07:50:48', null);
INSERT INTO `arrange` VALUES ('1064', '70', '14', '2018-05-08', '09:48:23', '11:36:23', '35.00', '2018-05-12 07:50:48', '2018-05-12 07:50:48', null);
INSERT INTO `arrange` VALUES ('1065', '70', '19', '2018-05-08', '09:48:23', '11:36:23', '35.00', '2018-05-12 07:50:48', '2018-05-12 07:50:48', null);
INSERT INTO `arrange` VALUES ('1066', '70', '9', '2018-05-09', '09:48:23', '11:36:23', '35.00', '2018-05-12 07:50:48', '2018-05-12 07:50:48', null);
INSERT INTO `arrange` VALUES ('1067', '70', '10', '2018-05-09', '09:48:23', '11:36:23', '35.00', '2018-05-12 07:50:48', '2018-05-12 07:50:48', null);
INSERT INTO `arrange` VALUES ('1068', '70', '14', '2018-05-09', '09:48:23', '11:36:23', '35.00', '2018-05-12 07:50:48', '2018-05-12 07:50:48', null);
INSERT INTO `arrange` VALUES ('1069', '70', '19', '2018-05-09', '09:48:23', '11:36:23', '35.00', '2018-05-12 07:50:48', '2018-05-12 07:50:48', null);
INSERT INTO `arrange` VALUES ('1070', '70', '9', '2018-05-10', '09:48:23', '11:36:23', '35.00', '2018-05-12 07:50:48', '2018-05-12 07:50:48', null);
INSERT INTO `arrange` VALUES ('1071', '70', '10', '2018-05-10', '09:48:23', '11:36:23', '35.00', '2018-05-12 07:50:48', '2018-05-12 07:50:48', null);
INSERT INTO `arrange` VALUES ('1072', '70', '14', '2018-05-10', '09:48:23', '11:36:23', '35.00', '2018-05-12 07:50:48', '2018-05-12 07:50:48', null);
INSERT INTO `arrange` VALUES ('1073', '70', '19', '2018-05-10', '09:48:23', '11:36:23', '35.00', '2018-05-12 07:50:48', '2018-05-12 07:50:48', null);
INSERT INTO `arrange` VALUES ('1074', '70', '9', '2018-05-11', '09:48:23', '11:36:23', '35.00', '2018-05-12 07:50:48', '2018-05-12 07:50:48', null);
INSERT INTO `arrange` VALUES ('1075', '70', '10', '2018-05-11', '09:48:23', '11:36:23', '35.00', '2018-05-12 07:50:48', '2018-05-12 07:50:48', null);
INSERT INTO `arrange` VALUES ('1076', '70', '14', '2018-05-11', '09:48:23', '11:36:23', '35.00', '2018-05-12 07:50:48', '2018-05-12 07:50:48', null);
INSERT INTO `arrange` VALUES ('1077', '70', '19', '2018-05-11', '09:48:23', '11:36:23', '35.00', '2018-05-12 07:50:48', '2018-05-12 07:50:48', null);
INSERT INTO `arrange` VALUES ('1078', '70', '9', '2018-05-12', '09:48:23', '11:36:23', '35.00', '2018-05-12 07:50:48', '2018-05-12 07:50:48', null);
INSERT INTO `arrange` VALUES ('1079', '70', '10', '2018-05-12', '09:48:23', '11:36:23', '35.00', '2018-05-12 07:50:48', '2018-05-12 07:50:48', null);
INSERT INTO `arrange` VALUES ('1080', '70', '14', '2018-05-12', '09:48:23', '11:36:23', '35.00', '2018-05-12 07:50:48', '2018-05-12 07:50:48', null);
INSERT INTO `arrange` VALUES ('1081', '70', '19', '2018-05-12', '09:48:23', '11:36:23', '35.00', '2018-05-12 07:50:48', '2018-05-12 07:50:48', null);
INSERT INTO `arrange` VALUES ('1082', '70', '9', '2018-05-13', '09:48:23', '11:36:23', '35.00', '2018-05-12 07:50:48', '2018-05-12 07:50:48', null);
INSERT INTO `arrange` VALUES ('1083', '70', '10', '2018-05-13', '09:48:23', '11:36:23', '35.00', '2018-05-12 07:50:48', '2018-05-12 07:50:48', null);
INSERT INTO `arrange` VALUES ('1084', '70', '14', '2018-05-13', '09:48:23', '11:36:23', '35.00', '2018-05-12 07:50:48', '2018-05-12 07:50:48', null);
INSERT INTO `arrange` VALUES ('1085', '70', '19', '2018-05-13', '09:48:23', '11:36:23', '35.00', '2018-05-12 07:50:48', '2018-05-12 07:50:48', null);
INSERT INTO `arrange` VALUES ('1086', '70', '9', '2018-05-14', '09:48:23', '11:36:23', '35.00', '2018-05-12 07:50:48', '2018-05-12 07:50:48', null);
INSERT INTO `arrange` VALUES ('1087', '70', '10', '2018-05-14', '09:48:23', '11:36:23', '35.00', '2018-05-12 07:50:48', '2018-05-12 07:50:48', null);
INSERT INTO `arrange` VALUES ('1088', '70', '14', '2018-05-14', '09:48:23', '11:36:23', '35.00', '2018-05-12 07:50:48', '2018-05-12 07:50:48', null);
INSERT INTO `arrange` VALUES ('1089', '70', '19', '2018-05-14', '09:48:23', '11:36:23', '35.00', '2018-05-12 07:50:48', '2018-05-12 07:50:48', null);
INSERT INTO `arrange` VALUES ('1090', '70', '9', '2018-05-15', '09:48:23', '11:36:23', '35.00', '2018-05-12 07:50:48', '2018-05-12 07:50:48', null);
INSERT INTO `arrange` VALUES ('1091', '70', '10', '2018-05-15', '09:48:23', '11:36:23', '35.00', '2018-05-12 07:50:48', '2018-05-12 07:50:48', null);
INSERT INTO `arrange` VALUES ('1092', '70', '14', '2018-05-15', '09:48:23', '11:36:23', '35.00', '2018-05-12 07:50:48', '2018-05-12 07:50:48', null);
INSERT INTO `arrange` VALUES ('1093', '70', '19', '2018-05-15', '09:48:23', '11:36:23', '35.00', '2018-05-12 07:50:48', '2018-05-12 07:50:48', null);
INSERT INTO `arrange` VALUES ('1094', '70', '9', '2018-05-16', '09:48:23', '11:36:23', '35.00', '2018-05-12 07:50:48', '2018-05-12 07:50:48', null);
INSERT INTO `arrange` VALUES ('1095', '70', '10', '2018-05-16', '09:48:23', '11:36:23', '35.00', '2018-05-12 07:50:48', '2018-05-12 07:50:48', null);
INSERT INTO `arrange` VALUES ('1096', '70', '14', '2018-05-16', '09:48:23', '11:36:23', '35.00', '2018-05-12 07:50:48', '2018-05-12 07:50:48', null);
INSERT INTO `arrange` VALUES ('1097', '70', '19', '2018-05-16', '09:48:23', '11:36:23', '35.00', '2018-05-12 07:50:48', '2018-05-12 07:50:48', null);
INSERT INTO `arrange` VALUES ('1098', '70', '9', '2018-05-17', '09:48:23', '11:36:23', '35.00', '2018-05-12 07:50:48', '2018-05-12 07:50:48', null);
INSERT INTO `arrange` VALUES ('1099', '70', '10', '2018-05-17', '09:48:23', '11:36:23', '35.00', '2018-05-12 07:50:48', '2018-05-12 07:50:48', null);
INSERT INTO `arrange` VALUES ('1100', '70', '14', '2018-05-17', '09:48:23', '11:36:23', '35.00', '2018-05-12 07:50:48', '2018-05-12 07:50:48', null);
INSERT INTO `arrange` VALUES ('1101', '70', '19', '2018-05-17', '09:48:23', '11:36:23', '35.00', '2018-05-12 07:50:48', '2018-05-12 07:50:48', null);
INSERT INTO `arrange` VALUES ('1102', '70', '9', '2018-05-18', '09:48:23', '11:36:23', '35.00', '2018-05-12 07:50:48', '2018-05-12 07:50:48', null);
INSERT INTO `arrange` VALUES ('1103', '70', '10', '2018-05-18', '09:48:23', '11:36:23', '35.00', '2018-05-12 07:50:48', '2018-05-12 07:50:48', null);
INSERT INTO `arrange` VALUES ('1104', '70', '14', '2018-05-18', '09:48:23', '11:36:23', '35.00', '2018-05-12 07:50:48', '2018-05-12 07:50:48', null);
INSERT INTO `arrange` VALUES ('1105', '70', '19', '2018-05-18', '09:48:23', '11:36:23', '35.00', '2018-05-12 07:50:48', '2018-05-12 07:50:48', null);
INSERT INTO `arrange` VALUES ('1106', '70', '9', '2018-05-19', '09:48:23', '11:36:23', '35.00', '2018-05-12 07:50:48', '2018-05-12 07:50:48', null);
INSERT INTO `arrange` VALUES ('1107', '70', '10', '2018-05-19', '09:48:23', '11:36:23', '35.00', '2018-05-12 07:50:48', '2018-05-12 07:50:48', null);
INSERT INTO `arrange` VALUES ('1108', '70', '14', '2018-05-19', '09:48:23', '11:36:23', '35.00', '2018-05-12 07:50:48', '2018-05-12 07:50:48', null);
INSERT INTO `arrange` VALUES ('1109', '70', '19', '2018-05-19', '09:48:23', '11:36:23', '35.00', '2018-05-12 07:50:48', '2018-05-12 07:50:48', null);
INSERT INTO `arrange` VALUES ('1110', '70', '9', '2018-05-20', '09:48:23', '11:36:23', '35.00', '2018-05-12 07:50:48', '2018-05-12 07:50:48', null);
INSERT INTO `arrange` VALUES ('1111', '70', '10', '2018-05-20', '09:48:23', '11:36:23', '35.00', '2018-05-12 07:50:48', '2018-05-12 07:50:48', null);
INSERT INTO `arrange` VALUES ('1112', '70', '14', '2018-05-20', '09:48:23', '11:36:23', '35.00', '2018-05-12 07:50:48', '2018-05-12 07:50:48', null);
INSERT INTO `arrange` VALUES ('1113', '70', '19', '2018-05-20', '09:48:23', '11:36:23', '35.00', '2018-05-12 07:50:48', '2018-05-12 07:50:48', null);
INSERT INTO `arrange` VALUES ('1114', '70', '9', '2018-05-21', '09:48:23', '11:36:23', '35.00', '2018-05-12 07:50:48', '2018-05-12 07:50:48', null);
INSERT INTO `arrange` VALUES ('1115', '70', '10', '2018-05-21', '09:48:23', '11:36:23', '35.00', '2018-05-12 07:50:48', '2018-05-12 07:50:48', null);
INSERT INTO `arrange` VALUES ('1116', '70', '14', '2018-05-21', '09:48:23', '11:36:23', '35.00', '2018-05-12 07:50:48', '2018-05-12 07:50:48', null);
INSERT INTO `arrange` VALUES ('1117', '70', '19', '2018-05-21', '09:48:23', '11:36:23', '35.00', '2018-05-12 07:50:48', '2018-05-12 07:50:48', null);
INSERT INTO `arrange` VALUES ('1118', '70', '9', '2018-05-22', '09:48:23', '11:36:23', '35.00', '2018-05-12 07:50:48', '2018-05-12 07:50:48', null);
INSERT INTO `arrange` VALUES ('1119', '70', '10', '2018-05-22', '09:48:23', '11:36:23', '35.00', '2018-05-12 07:50:48', '2018-05-12 07:50:48', null);
INSERT INTO `arrange` VALUES ('1120', '70', '14', '2018-05-22', '09:48:23', '11:36:23', '35.00', '2018-05-12 07:50:48', '2018-05-12 07:50:48', null);
INSERT INTO `arrange` VALUES ('1121', '70', '19', '2018-05-22', '09:48:23', '11:36:23', '35.00', '2018-05-12 07:50:48', '2018-05-12 07:50:48', null);
INSERT INTO `arrange` VALUES ('1122', '70', '9', '2018-05-23', '09:48:23', '11:36:23', '35.00', '2018-05-12 07:50:48', '2018-05-12 07:50:48', null);
INSERT INTO `arrange` VALUES ('1123', '70', '10', '2018-05-23', '09:48:23', '11:36:23', '35.00', '2018-05-12 07:50:48', '2018-05-12 07:50:48', null);
INSERT INTO `arrange` VALUES ('1124', '70', '14', '2018-05-23', '09:48:23', '11:36:23', '35.00', '2018-05-12 07:50:48', '2018-05-12 07:50:48', null);
INSERT INTO `arrange` VALUES ('1125', '70', '19', '2018-05-23', '09:48:23', '11:36:23', '35.00', '2018-05-12 07:50:48', '2018-05-12 07:50:48', null);
INSERT INTO `arrange` VALUES ('1126', '70', '9', '2018-05-24', '09:48:23', '11:36:23', '35.00', '2018-05-12 07:50:48', '2018-05-12 07:50:48', null);
INSERT INTO `arrange` VALUES ('1127', '70', '10', '2018-05-24', '09:48:23', '11:36:23', '35.00', '2018-05-12 07:50:48', '2018-05-12 07:50:48', null);
INSERT INTO `arrange` VALUES ('1128', '70', '14', '2018-05-24', '09:48:23', '11:36:23', '35.00', '2018-05-12 07:50:48', '2018-05-12 07:50:48', null);
INSERT INTO `arrange` VALUES ('1129', '70', '19', '2018-05-24', '09:48:23', '11:36:23', '35.00', '2018-05-12 07:50:48', '2018-05-12 07:50:48', null);
INSERT INTO `arrange` VALUES ('1130', '70', '9', '2018-05-25', '09:48:23', '11:36:23', '35.00', '2018-05-12 07:50:48', '2018-05-12 07:50:48', null);
INSERT INTO `arrange` VALUES ('1131', '70', '10', '2018-05-25', '09:48:23', '11:36:23', '35.00', '2018-05-12 07:50:48', '2018-05-12 07:50:48', null);
INSERT INTO `arrange` VALUES ('1132', '70', '14', '2018-05-25', '09:48:23', '11:36:23', '35.00', '2018-05-12 07:50:48', '2018-05-12 07:50:48', null);
INSERT INTO `arrange` VALUES ('1133', '70', '19', '2018-05-25', '09:48:23', '11:36:23', '35.00', '2018-05-12 07:50:48', '2018-05-12 07:50:48', null);
INSERT INTO `arrange` VALUES ('1134', '70', '9', '2018-05-26', '09:48:23', '11:36:23', '35.00', '2018-05-12 07:50:48', '2018-05-12 07:50:48', null);
INSERT INTO `arrange` VALUES ('1135', '70', '10', '2018-05-26', '09:48:23', '11:36:23', '35.00', '2018-05-12 07:50:48', '2018-05-12 07:50:48', null);
INSERT INTO `arrange` VALUES ('1136', '70', '14', '2018-05-26', '09:48:23', '11:36:23', '35.00', '2018-05-12 07:50:48', '2018-05-12 07:50:48', null);
INSERT INTO `arrange` VALUES ('1137', '70', '19', '2018-05-26', '09:48:23', '11:36:23', '35.00', '2018-05-12 07:50:48', '2018-05-12 07:50:48', null);
INSERT INTO `arrange` VALUES ('1138', '70', '9', '2018-05-27', '09:48:23', '11:36:23', '35.00', '2018-05-12 07:50:48', '2018-05-12 07:50:48', null);
INSERT INTO `arrange` VALUES ('1139', '70', '10', '2018-05-27', '09:48:23', '11:36:23', '35.00', '2018-05-12 07:50:48', '2018-05-12 07:50:48', null);
INSERT INTO `arrange` VALUES ('1140', '70', '14', '2018-05-27', '09:48:23', '11:36:23', '35.00', '2018-05-12 07:50:48', '2018-05-12 07:50:48', null);
INSERT INTO `arrange` VALUES ('1141', '70', '19', '2018-05-27', '09:48:23', '11:36:23', '35.00', '2018-05-12 07:50:48', '2018-05-12 07:50:48', null);
INSERT INTO `arrange` VALUES ('1142', '70', '9', '2018-05-28', '09:48:23', '11:36:23', '35.00', '2018-05-12 07:50:48', '2018-05-12 07:50:48', null);
INSERT INTO `arrange` VALUES ('1143', '70', '10', '2018-05-28', '09:48:23', '11:36:23', '35.00', '2018-05-12 07:50:48', '2018-05-12 07:50:48', null);
INSERT INTO `arrange` VALUES ('1144', '70', '14', '2018-05-28', '09:48:23', '11:36:23', '35.00', '2018-05-12 07:50:48', '2018-05-12 07:50:48', null);
INSERT INTO `arrange` VALUES ('1145', '70', '19', '2018-05-28', '09:48:23', '11:36:23', '35.00', '2018-05-12 07:50:48', '2018-05-12 07:50:48', null);
INSERT INTO `arrange` VALUES ('1146', '70', '9', '2018-05-29', '09:48:23', '11:36:23', '35.00', '2018-05-12 07:50:48', '2018-05-12 07:50:48', null);
INSERT INTO `arrange` VALUES ('1147', '70', '10', '2018-05-29', '09:48:23', '11:36:23', '35.00', '2018-05-12 07:50:48', '2018-05-12 07:50:48', null);
INSERT INTO `arrange` VALUES ('1148', '70', '14', '2018-05-29', '09:48:23', '11:36:23', '35.00', '2018-05-12 07:50:48', '2018-05-12 07:50:48', null);
INSERT INTO `arrange` VALUES ('1149', '70', '19', '2018-05-29', '09:48:23', '11:36:23', '35.00', '2018-05-12 07:50:48', '2018-05-12 07:50:48', null);
INSERT INTO `arrange` VALUES ('1150', '70', '9', '2018-05-30', '09:48:23', '11:36:23', '35.00', '2018-05-12 07:50:48', '2018-05-12 07:50:48', null);
INSERT INTO `arrange` VALUES ('1151', '70', '10', '2018-05-30', '09:48:23', '11:36:23', '35.00', '2018-05-12 07:50:48', '2018-05-12 07:50:48', null);
INSERT INTO `arrange` VALUES ('1152', '70', '14', '2018-05-30', '09:48:23', '11:36:23', '35.00', '2018-05-12 07:50:48', '2018-05-12 07:50:48', null);
INSERT INTO `arrange` VALUES ('1153', '70', '19', '2018-05-30', '09:48:23', '11:36:23', '35.00', '2018-05-12 07:50:48', '2018-05-12 07:50:48', null);
INSERT INTO `arrange` VALUES ('1154', '70', '9', '2018-05-31', '09:48:23', '11:36:23', '35.00', '2018-05-12 07:50:48', '2018-05-12 07:50:48', null);
INSERT INTO `arrange` VALUES ('1155', '70', '10', '2018-05-31', '09:48:23', '11:36:23', '35.00', '2018-05-12 07:50:48', '2018-05-12 07:50:48', null);
INSERT INTO `arrange` VALUES ('1156', '70', '14', '2018-05-31', '09:48:23', '11:36:23', '35.00', '2018-05-12 07:50:48', '2018-05-12 07:50:48', null);
INSERT INTO `arrange` VALUES ('1157', '70', '19', '2018-05-31', '09:48:23', '11:36:23', '35.00', '2018-05-12 07:50:48', '2018-05-12 07:50:48', null);
INSERT INTO `arrange` VALUES ('1158', '70', '9', '2018-06-01', '09:48:23', '11:36:23', '35.00', '2018-05-12 07:50:48', '2018-05-12 07:50:48', null);
INSERT INTO `arrange` VALUES ('1159', '70', '10', '2018-06-01', '09:48:23', '11:36:23', '35.00', '2018-05-12 07:50:48', '2018-05-12 07:50:48', null);
INSERT INTO `arrange` VALUES ('1160', '70', '14', '2018-06-01', '09:48:23', '11:36:23', '35.00', '2018-05-12 07:50:48', '2018-05-12 07:50:48', null);
INSERT INTO `arrange` VALUES ('1161', '70', '19', '2018-06-01', '09:48:23', '11:36:23', '35.00', '2018-05-12 07:50:48', '2018-05-12 07:50:48', null);
INSERT INTO `arrange` VALUES ('1162', '70', '9', '2018-06-02', '09:48:23', '11:36:23', '35.00', '2018-05-12 07:50:48', '2018-05-12 07:50:48', null);
INSERT INTO `arrange` VALUES ('1163', '70', '10', '2018-06-02', '09:48:23', '11:36:23', '35.00', '2018-05-12 07:50:48', '2018-05-12 07:50:48', null);
INSERT INTO `arrange` VALUES ('1164', '70', '14', '2018-06-02', '09:48:23', '11:36:23', '35.00', '2018-05-12 07:50:48', '2018-05-12 07:50:48', null);
INSERT INTO `arrange` VALUES ('1165', '70', '19', '2018-06-02', '09:48:23', '11:36:23', '35.00', '2018-05-12 07:50:48', '2018-05-12 07:50:48', null);
INSERT INTO `arrange` VALUES ('1166', '70', '9', '2018-06-03', '09:48:23', '11:36:23', '35.00', '2018-05-12 07:50:48', '2018-05-12 07:50:48', null);
INSERT INTO `arrange` VALUES ('1167', '70', '10', '2018-06-03', '09:48:23', '11:36:23', '35.00', '2018-05-12 07:50:48', '2018-05-12 07:50:48', null);
INSERT INTO `arrange` VALUES ('1168', '70', '14', '2018-06-03', '09:48:23', '11:36:23', '35.00', '2018-05-12 07:50:48', '2018-05-12 07:50:48', null);
INSERT INTO `arrange` VALUES ('1169', '70', '19', '2018-06-03', '09:48:23', '11:36:23', '35.00', '2018-05-12 07:50:48', '2018-05-12 07:50:48', null);
INSERT INTO `arrange` VALUES ('1170', '70', '9', '2018-06-04', '09:48:23', '11:36:23', '35.00', '2018-05-12 07:50:48', '2018-05-12 07:50:48', null);
INSERT INTO `arrange` VALUES ('1171', '70', '10', '2018-06-04', '09:48:23', '11:36:23', '35.00', '2018-05-12 07:50:48', '2018-05-12 07:50:48', null);
INSERT INTO `arrange` VALUES ('1172', '70', '14', '2018-06-04', '09:48:23', '11:36:23', '35.00', '2018-05-12 07:50:48', '2018-05-12 07:50:48', null);
INSERT INTO `arrange` VALUES ('1173', '70', '19', '2018-06-04', '09:48:23', '11:36:23', '35.00', '2018-05-12 07:50:48', '2018-05-12 07:50:48', null);
INSERT INTO `arrange` VALUES ('1174', '70', '9', '2018-06-05', '09:48:23', '11:36:23', '35.00', '2018-05-12 07:50:48', '2018-05-12 07:50:48', null);
INSERT INTO `arrange` VALUES ('1175', '70', '10', '2018-06-05', '09:48:23', '11:36:23', '35.00', '2018-05-12 07:50:48', '2018-05-12 07:50:48', null);
INSERT INTO `arrange` VALUES ('1176', '70', '14', '2018-06-05', '09:48:23', '11:36:23', '35.00', '2018-05-12 07:50:48', '2018-05-12 07:50:48', null);
INSERT INTO `arrange` VALUES ('1177', '70', '19', '2018-06-05', '09:48:23', '11:36:23', '35.00', '2018-05-12 07:50:48', '2018-05-12 07:50:48', null);
INSERT INTO `arrange` VALUES ('1178', '70', '9', '2018-06-06', '09:48:23', '11:36:23', '35.00', '2018-05-12 07:50:48', '2018-05-12 07:50:48', null);
INSERT INTO `arrange` VALUES ('1179', '70', '10', '2018-06-06', '09:48:23', '11:36:23', '35.00', '2018-05-12 07:50:48', '2018-05-12 07:50:48', null);
INSERT INTO `arrange` VALUES ('1180', '70', '14', '2018-06-06', '09:48:23', '11:36:23', '35.00', '2018-05-12 07:50:48', '2018-05-12 07:50:48', null);
INSERT INTO `arrange` VALUES ('1181', '70', '19', '2018-06-06', '09:48:23', '11:36:23', '35.00', '2018-05-12 07:50:48', '2018-05-12 07:50:48', null);
INSERT INTO `arrange` VALUES ('1182', '70', '9', '2018-06-07', '09:48:23', '11:36:23', '35.00', '2018-05-12 07:50:48', '2018-05-12 07:50:48', null);
INSERT INTO `arrange` VALUES ('1183', '70', '10', '2018-06-07', '09:48:23', '11:36:23', '35.00', '2018-05-12 07:50:48', '2018-05-12 07:50:48', null);
INSERT INTO `arrange` VALUES ('1184', '70', '14', '2018-06-07', '09:48:23', '11:36:23', '35.00', '2018-05-12 07:50:48', '2018-05-12 07:50:48', null);
INSERT INTO `arrange` VALUES ('1185', '70', '19', '2018-06-07', '09:48:23', '11:36:23', '35.00', '2018-05-12 07:50:48', '2018-05-12 07:50:48', null);
INSERT INTO `arrange` VALUES ('1186', '70', '9', '2018-06-08', '09:48:23', '11:36:23', '35.00', '2018-05-12 07:50:48', '2018-05-12 07:50:48', null);
INSERT INTO `arrange` VALUES ('1187', '70', '10', '2018-06-08', '09:48:23', '11:36:23', '35.00', '2018-05-12 07:50:48', '2018-05-12 07:50:48', null);
INSERT INTO `arrange` VALUES ('1188', '70', '14', '2018-06-08', '09:48:23', '11:36:23', '35.00', '2018-05-12 07:50:48', '2018-05-12 07:50:48', null);
INSERT INTO `arrange` VALUES ('1189', '70', '19', '2018-06-08', '09:48:23', '11:36:23', '35.00', '2018-05-12 07:50:48', '2018-05-12 07:50:48', null);
INSERT INTO `arrange` VALUES ('1190', '70', '9', '2018-06-09', '09:48:23', '11:36:23', '35.00', '2018-05-12 07:50:48', '2018-05-12 07:50:48', null);
INSERT INTO `arrange` VALUES ('1191', '70', '10', '2018-06-09', '09:48:23', '11:36:23', '35.00', '2018-05-12 07:50:48', '2018-05-12 07:50:48', null);
INSERT INTO `arrange` VALUES ('1192', '70', '14', '2018-06-09', '09:48:23', '11:36:23', '35.00', '2018-05-12 07:50:48', '2018-05-12 07:50:48', null);
INSERT INTO `arrange` VALUES ('1193', '70', '19', '2018-06-09', '09:48:23', '11:36:23', '35.00', '2018-05-12 07:50:48', '2018-05-12 07:50:48', null);
INSERT INTO `arrange` VALUES ('1194', '70', '9', '2018-06-10', '09:48:23', '11:36:23', '35.00', '2018-05-12 07:50:48', '2018-05-12 07:50:48', null);
INSERT INTO `arrange` VALUES ('1195', '70', '10', '2018-06-10', '09:48:23', '11:36:23', '35.00', '2018-05-12 07:50:48', '2018-05-12 07:50:48', null);
INSERT INTO `arrange` VALUES ('1196', '70', '14', '2018-06-10', '09:48:23', '11:36:23', '35.00', '2018-05-12 07:50:48', '2018-05-12 07:50:48', null);
INSERT INTO `arrange` VALUES ('1197', '70', '19', '2018-06-10', '09:48:23', '11:36:23', '35.00', '2018-05-12 07:50:48', '2018-05-12 07:50:48', null);
INSERT INTO `arrange` VALUES ('1198', '70', '9', '2018-06-11', '09:48:23', '11:36:23', '35.00', '2018-05-12 07:50:48', '2018-05-12 07:50:48', null);
INSERT INTO `arrange` VALUES ('1199', '70', '10', '2018-06-11', '09:48:23', '11:36:23', '35.00', '2018-05-12 07:50:48', '2018-05-12 07:50:48', null);
INSERT INTO `arrange` VALUES ('1200', '70', '14', '2018-06-11', '09:48:23', '11:36:23', '35.00', '2018-05-12 07:50:48', '2018-05-12 07:50:48', null);
INSERT INTO `arrange` VALUES ('1201', '70', '19', '2018-06-11', '09:48:23', '11:36:23', '35.00', '2018-05-12 07:50:48', '2018-05-12 07:50:48', null);
INSERT INTO `arrange` VALUES ('1202', '70', '9', '2018-06-12', '09:48:23', '11:36:23', '35.00', '2018-05-12 07:50:48', '2018-05-12 07:50:48', null);
INSERT INTO `arrange` VALUES ('1203', '70', '10', '2018-06-12', '09:48:23', '11:36:23', '35.00', '2018-05-12 07:50:48', '2018-05-12 07:50:48', null);
INSERT INTO `arrange` VALUES ('1204', '70', '14', '2018-06-12', '09:48:23', '11:36:23', '35.00', '2018-05-12 07:50:48', '2018-05-12 07:50:48', null);
INSERT INTO `arrange` VALUES ('1205', '70', '19', '2018-06-12', '09:48:23', '11:36:23', '35.00', '2018-05-12 07:50:48', '2018-05-12 07:50:48', null);
INSERT INTO `arrange` VALUES ('1206', '70', '9', '2018-06-13', '09:48:23', '11:36:23', '35.00', '2018-05-12 07:50:48', '2018-05-12 07:50:48', null);
INSERT INTO `arrange` VALUES ('1207', '70', '10', '2018-06-13', '09:48:23', '11:36:23', '35.00', '2018-05-12 07:50:48', '2018-05-12 07:50:48', null);
INSERT INTO `arrange` VALUES ('1208', '70', '14', '2018-06-13', '09:48:23', '11:36:23', '35.00', '2018-05-12 07:50:48', '2018-05-12 07:50:48', null);
INSERT INTO `arrange` VALUES ('1209', '70', '19', '2018-06-13', '09:48:23', '11:36:23', '35.00', '2018-05-12 07:50:48', '2018-05-12 07:50:48', null);
INSERT INTO `arrange` VALUES ('1210', '70', '9', '2018-06-14', '09:48:23', '11:36:23', '35.00', '2018-05-12 07:50:48', '2018-05-12 07:50:48', null);
INSERT INTO `arrange` VALUES ('1211', '70', '10', '2018-06-14', '09:48:23', '11:36:23', '35.00', '2018-05-12 07:50:48', '2018-05-12 07:50:48', null);
INSERT INTO `arrange` VALUES ('1212', '70', '14', '2018-06-14', '09:48:23', '11:36:23', '35.00', '2018-05-12 07:50:48', '2018-05-12 07:50:48', null);
INSERT INTO `arrange` VALUES ('1213', '70', '19', '2018-06-14', '09:48:23', '11:36:23', '35.00', '2018-05-12 07:50:48', '2018-05-12 07:50:48', null);
INSERT INTO `arrange` VALUES ('1214', '70', '9', '2018-06-15', '09:48:23', '11:36:23', '35.00', '2018-05-12 07:50:48', '2018-05-12 07:50:48', null);
INSERT INTO `arrange` VALUES ('1215', '70', '10', '2018-06-15', '09:48:23', '11:36:23', '35.00', '2018-05-12 07:50:48', '2018-05-12 07:50:48', null);
INSERT INTO `arrange` VALUES ('1216', '70', '14', '2018-06-15', '09:48:23', '11:36:23', '35.00', '2018-05-12 07:50:48', '2018-05-12 07:50:48', null);
INSERT INTO `arrange` VALUES ('1217', '70', '19', '2018-06-15', '09:48:23', '11:36:23', '35.00', '2018-05-12 07:50:48', '2018-05-12 07:50:48', null);
INSERT INTO `arrange` VALUES ('1218', '70', '9', '2018-06-16', '09:48:23', '11:36:23', '35.00', '2018-05-12 07:50:48', '2018-05-12 07:50:48', null);
INSERT INTO `arrange` VALUES ('1219', '70', '10', '2018-06-16', '09:48:23', '11:36:23', '35.00', '2018-05-12 07:50:48', '2018-05-12 07:50:48', null);
INSERT INTO `arrange` VALUES ('1220', '70', '14', '2018-06-16', '09:48:23', '11:36:23', '35.00', '2018-05-12 07:50:48', '2018-05-12 07:50:48', null);
INSERT INTO `arrange` VALUES ('1221', '70', '19', '2018-06-16', '09:48:23', '11:36:23', '35.00', '2018-05-12 07:50:48', '2018-05-12 07:50:48', null);
INSERT INTO `arrange` VALUES ('1222', '70', '9', '2018-06-17', '09:48:23', '11:36:23', '35.00', '2018-05-12 07:50:48', '2018-05-12 07:50:48', null);
INSERT INTO `arrange` VALUES ('1223', '70', '10', '2018-06-17', '09:48:23', '11:36:23', '35.00', '2018-05-12 07:50:48', '2018-05-12 07:50:48', null);
INSERT INTO `arrange` VALUES ('1224', '70', '14', '2018-06-17', '09:48:23', '11:36:23', '35.00', '2018-05-12 07:50:48', '2018-05-12 07:50:48', null);
INSERT INTO `arrange` VALUES ('1225', '70', '19', '2018-06-17', '09:48:23', '11:36:23', '35.00', '2018-05-12 07:50:48', '2018-05-12 07:50:48', null);
INSERT INTO `arrange` VALUES ('1226', '70', '9', '2018-06-18', '09:48:23', '11:36:23', '35.00', '2018-05-12 07:50:48', '2018-05-12 07:50:48', null);
INSERT INTO `arrange` VALUES ('1227', '70', '10', '2018-06-18', '09:48:23', '11:36:23', '35.00', '2018-05-12 07:50:48', '2018-05-12 07:50:48', null);
INSERT INTO `arrange` VALUES ('1228', '70', '14', '2018-06-18', '09:48:23', '11:36:23', '35.00', '2018-05-12 07:50:48', '2018-05-12 07:50:48', null);
INSERT INTO `arrange` VALUES ('1229', '70', '19', '2018-06-18', '09:48:23', '11:36:23', '35.00', '2018-05-12 07:50:48', '2018-05-12 07:50:48', null);
INSERT INTO `arrange` VALUES ('1230', '70', '9', '2018-06-19', '09:48:23', '11:36:23', '35.00', '2018-05-12 07:50:48', '2018-05-12 07:50:48', null);
INSERT INTO `arrange` VALUES ('1231', '70', '10', '2018-06-19', '09:48:23', '11:36:23', '35.00', '2018-05-12 07:50:48', '2018-05-12 07:50:48', null);
INSERT INTO `arrange` VALUES ('1232', '70', '14', '2018-06-19', '09:48:23', '11:36:23', '35.00', '2018-05-12 07:50:48', '2018-05-12 07:50:48', null);
INSERT INTO `arrange` VALUES ('1233', '70', '19', '2018-06-19', '09:48:23', '11:36:23', '35.00', '2018-05-12 07:50:48', '2018-05-12 07:50:48', null);
INSERT INTO `arrange` VALUES ('1234', '70', '9', '2018-06-20', '09:48:23', '11:36:23', '35.00', '2018-05-12 07:50:48', '2018-05-12 07:50:48', null);
INSERT INTO `arrange` VALUES ('1235', '70', '10', '2018-06-20', '09:48:23', '11:36:23', '35.00', '2018-05-12 07:50:48', '2018-05-12 07:50:48', null);
INSERT INTO `arrange` VALUES ('1236', '70', '14', '2018-06-20', '09:48:23', '11:36:23', '35.00', '2018-05-12 07:50:48', '2018-05-12 07:50:48', null);
INSERT INTO `arrange` VALUES ('1237', '70', '19', '2018-06-20', '09:48:23', '11:36:23', '35.00', '2018-05-12 07:50:48', '2018-05-12 07:50:48', null);
INSERT INTO `arrange` VALUES ('1238', '70', '9', '2018-06-21', '09:48:23', '11:36:23', '35.00', '2018-05-12 07:50:48', '2018-05-12 07:50:48', null);
INSERT INTO `arrange` VALUES ('1239', '70', '10', '2018-06-21', '09:48:23', '11:36:23', '35.00', '2018-05-12 07:50:48', '2018-05-12 07:50:48', null);
INSERT INTO `arrange` VALUES ('1240', '70', '14', '2018-06-21', '09:48:23', '11:36:23', '35.00', '2018-05-12 07:50:48', '2018-05-12 07:50:48', null);
INSERT INTO `arrange` VALUES ('1241', '70', '19', '2018-06-21', '09:48:23', '11:36:23', '35.00', '2018-05-12 07:50:48', '2018-05-12 07:50:48', null);
INSERT INTO `arrange` VALUES ('1242', '70', '9', '2018-06-22', '09:48:23', '11:36:23', '35.00', '2018-05-12 07:50:48', '2018-05-12 07:50:48', null);
INSERT INTO `arrange` VALUES ('1243', '70', '10', '2018-06-22', '09:48:23', '11:36:23', '35.00', '2018-05-12 07:50:48', '2018-05-12 07:50:48', null);
INSERT INTO `arrange` VALUES ('1244', '70', '14', '2018-06-22', '09:48:23', '11:36:23', '35.00', '2018-05-12 07:50:48', '2018-05-12 07:50:48', null);
INSERT INTO `arrange` VALUES ('1245', '70', '19', '2018-06-22', '09:48:23', '11:36:23', '35.00', '2018-05-12 07:50:48', '2018-05-12 07:50:48', null);
INSERT INTO `arrange` VALUES ('1246', '70', '9', '2018-06-23', '09:48:23', '11:36:23', '35.00', '2018-05-12 07:50:48', '2018-05-12 07:50:48', null);
INSERT INTO `arrange` VALUES ('1247', '70', '10', '2018-06-23', '09:48:23', '11:36:23', '35.00', '2018-05-12 07:50:48', '2018-05-12 07:50:48', null);
INSERT INTO `arrange` VALUES ('1248', '70', '14', '2018-06-23', '09:48:23', '11:36:23', '35.00', '2018-05-12 07:50:48', '2018-05-12 07:50:48', null);
INSERT INTO `arrange` VALUES ('1249', '70', '19', '2018-06-23', '09:48:23', '11:36:23', '35.00', '2018-05-12 07:50:48', '2018-05-12 07:50:48', null);
INSERT INTO `arrange` VALUES ('1250', '70', '9', '2018-06-24', '09:48:23', '11:36:23', '35.00', '2018-05-12 07:50:48', '2018-05-12 07:50:48', null);
INSERT INTO `arrange` VALUES ('1251', '70', '10', '2018-06-24', '09:48:23', '11:36:23', '35.00', '2018-05-12 07:50:48', '2018-05-12 07:50:48', null);
INSERT INTO `arrange` VALUES ('1252', '70', '14', '2018-06-24', '09:48:23', '11:36:23', '35.00', '2018-05-12 07:50:48', '2018-05-12 07:50:48', null);
INSERT INTO `arrange` VALUES ('1253', '70', '19', '2018-06-24', '09:48:23', '11:36:23', '35.00', '2018-05-12 07:50:48', '2018-05-12 07:50:48', null);
INSERT INTO `arrange` VALUES ('1254', '70', '9', '2018-06-25', '09:48:23', '11:36:23', '35.00', '2018-05-12 07:50:48', '2018-05-12 07:50:48', null);
INSERT INTO `arrange` VALUES ('1255', '70', '10', '2018-06-25', '09:48:23', '11:36:23', '35.00', '2018-05-12 07:50:48', '2018-05-12 07:50:48', null);
INSERT INTO `arrange` VALUES ('1256', '70', '14', '2018-06-25', '09:48:23', '11:36:23', '35.00', '2018-05-12 07:50:48', '2018-05-12 07:50:48', null);
INSERT INTO `arrange` VALUES ('1257', '70', '19', '2018-06-25', '09:48:23', '11:36:23', '35.00', '2018-05-12 07:50:48', '2018-05-12 07:50:48', null);
INSERT INTO `arrange` VALUES ('1258', '70', '9', '2018-06-26', '09:48:23', '11:36:23', '35.00', '2018-05-12 07:50:48', '2018-05-12 07:50:48', null);
INSERT INTO `arrange` VALUES ('1259', '70', '10', '2018-06-26', '09:48:23', '11:36:23', '35.00', '2018-05-12 07:50:48', '2018-05-12 07:50:48', null);
INSERT INTO `arrange` VALUES ('1260', '70', '14', '2018-06-26', '09:48:23', '11:36:23', '35.00', '2018-05-12 07:50:48', '2018-05-12 07:50:48', null);
INSERT INTO `arrange` VALUES ('1261', '70', '19', '2018-06-26', '09:48:23', '11:36:23', '35.00', '2018-05-12 07:50:48', '2018-05-12 07:50:48', null);
INSERT INTO `arrange` VALUES ('1262', '70', '9', '2018-06-27', '09:48:23', '11:36:23', '35.00', '2018-05-12 07:50:48', '2018-05-12 07:50:48', null);
INSERT INTO `arrange` VALUES ('1263', '70', '10', '2018-06-27', '09:48:23', '11:36:23', '35.00', '2018-05-12 07:50:48', '2018-05-12 07:50:48', null);
INSERT INTO `arrange` VALUES ('1264', '70', '14', '2018-06-27', '09:48:23', '11:36:23', '35.00', '2018-05-12 07:50:48', '2018-05-12 07:50:48', null);
INSERT INTO `arrange` VALUES ('1265', '70', '19', '2018-06-27', '09:48:23', '11:36:23', '35.00', '2018-05-12 07:50:48', '2018-05-12 07:50:48', null);
INSERT INTO `arrange` VALUES ('1266', '70', '9', '2018-06-28', '09:48:23', '11:36:23', '35.00', '2018-05-12 07:50:48', '2018-05-12 07:50:48', null);
INSERT INTO `arrange` VALUES ('1267', '70', '10', '2018-06-28', '09:48:23', '11:36:23', '35.00', '2018-05-12 07:50:48', '2018-05-12 07:50:48', null);
INSERT INTO `arrange` VALUES ('1268', '70', '14', '2018-06-28', '09:48:23', '11:36:23', '35.00', '2018-05-12 07:50:48', '2018-05-12 07:50:48', null);
INSERT INTO `arrange` VALUES ('1269', '70', '19', '2018-06-28', '09:48:23', '11:36:23', '35.00', '2018-05-12 07:50:48', '2018-05-12 07:50:48', null);
INSERT INTO `arrange` VALUES ('1270', '70', '9', '2018-06-29', '09:48:23', '11:36:23', '35.00', '2018-05-12 07:50:48', '2018-05-12 07:50:48', null);
INSERT INTO `arrange` VALUES ('1271', '70', '10', '2018-06-29', '09:48:23', '11:36:23', '35.00', '2018-05-12 07:50:48', '2018-05-12 07:50:48', null);
INSERT INTO `arrange` VALUES ('1272', '70', '14', '2018-06-29', '09:48:23', '11:36:23', '35.00', '2018-05-12 07:50:48', '2018-05-12 07:50:48', null);
INSERT INTO `arrange` VALUES ('1273', '70', '19', '2018-06-29', '09:48:23', '11:36:23', '35.00', '2018-05-12 07:50:48', '2018-05-12 07:50:48', null);
INSERT INTO `arrange` VALUES ('1274', '70', '9', '2018-06-30', '09:48:23', '11:36:23', '35.00', '2018-05-12 07:50:48', '2018-05-12 07:50:48', null);
INSERT INTO `arrange` VALUES ('1275', '70', '10', '2018-06-30', '09:48:23', '11:36:23', '35.00', '2018-05-12 07:50:48', '2018-05-12 07:50:48', null);
INSERT INTO `arrange` VALUES ('1276', '70', '14', '2018-06-30', '09:48:23', '11:36:23', '35.00', '2018-05-12 07:50:48', '2018-05-12 07:50:48', null);
INSERT INTO `arrange` VALUES ('1277', '70', '19', '2018-06-30', '09:48:23', '11:36:23', '35.00', '2018-05-12 07:50:48', '2018-05-12 07:50:48', null);
INSERT INTO `arrange` VALUES ('1278', '70', '9', '2018-07-01', '09:48:23', '11:36:23', '35.00', '2018-05-12 07:50:48', '2018-05-12 07:50:48', null);
INSERT INTO `arrange` VALUES ('1279', '70', '10', '2018-07-01', '09:48:23', '11:36:23', '35.00', '2018-05-12 07:50:48', '2018-05-12 07:50:48', null);
INSERT INTO `arrange` VALUES ('1280', '70', '14', '2018-07-01', '09:48:23', '11:36:23', '35.00', '2018-05-12 07:50:48', '2018-05-12 07:50:48', null);
INSERT INTO `arrange` VALUES ('1281', '70', '19', '2018-07-01', '09:48:23', '11:36:23', '35.00', '2018-05-12 07:50:48', '2018-05-12 07:50:48', null);
INSERT INTO `arrange` VALUES ('1282', '70', '9', '2018-07-02', '09:48:23', '11:36:23', '35.00', '2018-05-12 07:50:48', '2018-05-12 07:50:48', null);
INSERT INTO `arrange` VALUES ('1283', '70', '10', '2018-07-02', '09:48:23', '11:36:23', '35.00', '2018-05-12 07:50:48', '2018-05-12 07:50:48', null);
INSERT INTO `arrange` VALUES ('1284', '70', '14', '2018-07-02', '09:48:23', '11:36:23', '35.00', '2018-05-12 07:50:48', '2018-05-12 07:50:48', null);
INSERT INTO `arrange` VALUES ('1285', '70', '19', '2018-07-02', '09:48:23', '11:36:23', '35.00', '2018-05-12 07:50:48', '2018-05-12 07:50:48', null);
INSERT INTO `arrange` VALUES ('1286', '70', '9', '2018-07-03', '09:48:23', '11:36:23', '35.00', '2018-05-12 07:50:48', '2018-05-12 07:50:48', null);
INSERT INTO `arrange` VALUES ('1287', '70', '10', '2018-07-03', '09:48:23', '11:36:23', '35.00', '2018-05-12 07:50:48', '2018-05-12 07:50:48', null);
INSERT INTO `arrange` VALUES ('1288', '70', '14', '2018-07-03', '09:48:23', '11:36:23', '35.00', '2018-05-12 07:50:48', '2018-05-12 07:50:48', null);
INSERT INTO `arrange` VALUES ('1289', '70', '19', '2018-07-03', '09:48:23', '11:36:23', '35.00', '2018-05-12 07:50:48', '2018-05-12 07:50:48', null);
INSERT INTO `arrange` VALUES ('1290', '70', '9', '2018-07-04', '09:48:23', '11:36:23', '35.00', '2018-05-12 07:50:48', '2018-05-12 07:50:48', null);
INSERT INTO `arrange` VALUES ('1291', '70', '10', '2018-07-04', '09:48:23', '11:36:23', '35.00', '2018-05-12 07:50:48', '2018-05-12 07:50:48', null);
INSERT INTO `arrange` VALUES ('1292', '70', '14', '2018-07-04', '09:48:23', '11:36:23', '35.00', '2018-05-12 07:50:48', '2018-05-12 07:50:48', null);
INSERT INTO `arrange` VALUES ('1293', '70', '19', '2018-07-04', '09:48:23', '11:36:23', '35.00', '2018-05-12 07:50:48', '2018-05-12 07:50:48', null);
INSERT INTO `arrange` VALUES ('1294', '70', '9', '2018-07-05', '09:48:23', '11:36:23', '35.00', '2018-05-12 07:50:48', '2018-05-12 07:50:48', null);
INSERT INTO `arrange` VALUES ('1295', '70', '10', '2018-07-05', '09:48:23', '11:36:23', '35.00', '2018-05-12 07:50:48', '2018-05-12 07:50:48', null);
INSERT INTO `arrange` VALUES ('1296', '70', '14', '2018-07-05', '09:48:23', '11:36:23', '35.00', '2018-05-12 07:50:48', '2018-05-12 07:50:48', null);
INSERT INTO `arrange` VALUES ('1297', '70', '19', '2018-07-05', '09:48:23', '11:36:23', '35.00', '2018-05-12 07:50:48', '2018-05-12 07:50:48', null);
INSERT INTO `arrange` VALUES ('1298', '70', '9', '2018-07-06', '09:48:23', '11:36:23', '35.00', '2018-05-12 07:50:48', '2018-05-12 07:50:48', null);
INSERT INTO `arrange` VALUES ('1299', '70', '10', '2018-07-06', '09:48:23', '11:36:23', '35.00', '2018-05-12 07:50:48', '2018-05-12 07:50:48', null);
INSERT INTO `arrange` VALUES ('1300', '70', '14', '2018-07-06', '09:48:23', '11:36:23', '35.00', '2018-05-12 07:50:48', '2018-05-12 07:50:48', null);
INSERT INTO `arrange` VALUES ('1301', '70', '19', '2018-07-06', '09:48:23', '11:36:23', '35.00', '2018-05-12 07:50:48', '2018-05-12 07:50:48', null);
INSERT INTO `arrange` VALUES ('1302', '70', '9', '2018-04-12', '14:46:23', '16:34:23', '35.00', '2018-05-12 07:51:32', '2018-05-12 07:51:32', null);
INSERT INTO `arrange` VALUES ('1303', '70', '10', '2018-04-12', '14:46:23', '16:34:23', '35.00', '2018-05-12 07:51:32', '2018-05-12 07:51:32', null);
INSERT INTO `arrange` VALUES ('1304', '70', '14', '2018-04-12', '14:46:23', '16:34:23', '35.00', '2018-05-12 07:51:32', '2018-05-12 07:51:32', null);
INSERT INTO `arrange` VALUES ('1305', '70', '19', '2018-04-12', '14:46:23', '16:34:23', '35.00', '2018-05-12 07:51:32', '2018-05-12 07:51:32', null);
INSERT INTO `arrange` VALUES ('1306', '70', '9', '2018-04-13', '14:46:23', '16:34:23', '35.00', '2018-05-12 07:51:32', '2018-05-12 07:51:32', null);
INSERT INTO `arrange` VALUES ('1307', '70', '10', '2018-04-13', '14:46:23', '16:34:23', '35.00', '2018-05-12 07:51:32', '2018-05-12 07:51:32', null);
INSERT INTO `arrange` VALUES ('1308', '70', '14', '2018-04-13', '14:46:23', '16:34:23', '35.00', '2018-05-12 07:51:32', '2018-05-12 07:51:32', null);
INSERT INTO `arrange` VALUES ('1309', '70', '19', '2018-04-13', '14:46:23', '16:34:23', '35.00', '2018-05-12 07:51:32', '2018-05-12 07:51:32', null);
INSERT INTO `arrange` VALUES ('1310', '70', '9', '2018-04-14', '14:46:23', '16:34:23', '35.00', '2018-05-12 07:51:32', '2018-05-12 07:51:32', null);
INSERT INTO `arrange` VALUES ('1311', '70', '10', '2018-04-14', '14:46:23', '16:34:23', '35.00', '2018-05-12 07:51:32', '2018-05-12 07:51:32', null);
INSERT INTO `arrange` VALUES ('1312', '70', '14', '2018-04-14', '14:46:23', '16:34:23', '35.00', '2018-05-12 07:51:32', '2018-05-12 07:51:32', null);
INSERT INTO `arrange` VALUES ('1313', '70', '19', '2018-04-14', '14:46:23', '16:34:23', '35.00', '2018-05-12 07:51:32', '2018-05-12 07:51:32', null);
INSERT INTO `arrange` VALUES ('1314', '70', '9', '2018-04-15', '14:46:23', '16:34:23', '35.00', '2018-05-12 07:51:32', '2018-05-12 07:51:32', null);
INSERT INTO `arrange` VALUES ('1315', '70', '10', '2018-04-15', '14:46:23', '16:34:23', '35.00', '2018-05-12 07:51:32', '2018-05-12 07:51:32', null);
INSERT INTO `arrange` VALUES ('1316', '70', '14', '2018-04-15', '14:46:23', '16:34:23', '35.00', '2018-05-12 07:51:32', '2018-05-12 07:51:32', null);
INSERT INTO `arrange` VALUES ('1317', '70', '19', '2018-04-15', '14:46:23', '16:34:23', '35.00', '2018-05-12 07:51:32', '2018-05-12 07:51:32', null);
INSERT INTO `arrange` VALUES ('1318', '70', '9', '2018-04-16', '14:46:23', '16:34:23', '35.00', '2018-05-12 07:51:32', '2018-05-12 07:51:32', null);
INSERT INTO `arrange` VALUES ('1319', '70', '10', '2018-04-16', '14:46:23', '16:34:23', '35.00', '2018-05-12 07:51:32', '2018-05-12 07:51:32', null);
INSERT INTO `arrange` VALUES ('1320', '70', '14', '2018-04-16', '14:46:23', '16:34:23', '35.00', '2018-05-12 07:51:32', '2018-05-12 07:51:32', null);
INSERT INTO `arrange` VALUES ('1321', '70', '19', '2018-04-16', '14:46:23', '16:34:23', '35.00', '2018-05-12 07:51:32', '2018-05-12 07:51:32', null);
INSERT INTO `arrange` VALUES ('1322', '70', '9', '2018-04-17', '14:46:23', '16:34:23', '35.00', '2018-05-12 07:51:32', '2018-05-12 07:51:32', null);
INSERT INTO `arrange` VALUES ('1323', '70', '10', '2018-04-17', '14:46:23', '16:34:23', '35.00', '2018-05-12 07:51:32', '2018-05-12 07:51:32', null);
INSERT INTO `arrange` VALUES ('1324', '70', '14', '2018-04-17', '14:46:23', '16:34:23', '35.00', '2018-05-12 07:51:32', '2018-05-12 07:51:32', null);
INSERT INTO `arrange` VALUES ('1325', '70', '19', '2018-04-17', '14:46:23', '16:34:23', '35.00', '2018-05-12 07:51:32', '2018-05-12 07:51:32', null);
INSERT INTO `arrange` VALUES ('1326', '70', '9', '2018-04-18', '14:46:23', '16:34:23', '35.00', '2018-05-12 07:51:32', '2018-05-12 07:51:32', null);
INSERT INTO `arrange` VALUES ('1327', '70', '10', '2018-04-18', '14:46:23', '16:34:23', '35.00', '2018-05-12 07:51:32', '2018-05-12 07:51:32', null);
INSERT INTO `arrange` VALUES ('1328', '70', '14', '2018-04-18', '14:46:23', '16:34:23', '35.00', '2018-05-12 07:51:32', '2018-05-12 07:51:32', null);
INSERT INTO `arrange` VALUES ('1329', '70', '19', '2018-04-18', '14:46:23', '16:34:23', '35.00', '2018-05-12 07:51:32', '2018-05-12 07:51:32', null);
INSERT INTO `arrange` VALUES ('1330', '70', '9', '2018-04-19', '14:46:23', '16:34:23', '35.00', '2018-05-12 07:51:32', '2018-05-12 07:51:32', null);
INSERT INTO `arrange` VALUES ('1331', '70', '10', '2018-04-19', '14:46:23', '16:34:23', '35.00', '2018-05-12 07:51:32', '2018-05-12 07:51:32', null);
INSERT INTO `arrange` VALUES ('1332', '70', '14', '2018-04-19', '14:46:23', '16:34:23', '35.00', '2018-05-12 07:51:32', '2018-05-12 07:51:32', null);
INSERT INTO `arrange` VALUES ('1333', '70', '19', '2018-04-19', '14:46:23', '16:34:23', '35.00', '2018-05-12 07:51:32', '2018-05-12 07:51:32', null);
INSERT INTO `arrange` VALUES ('1334', '70', '9', '2018-04-20', '14:46:23', '16:34:23', '35.00', '2018-05-12 07:51:32', '2018-05-12 07:51:32', null);
INSERT INTO `arrange` VALUES ('1335', '70', '10', '2018-04-20', '14:46:23', '16:34:23', '35.00', '2018-05-12 07:51:32', '2018-05-12 07:51:32', null);
INSERT INTO `arrange` VALUES ('1336', '70', '14', '2018-04-20', '14:46:23', '16:34:23', '35.00', '2018-05-12 07:51:32', '2018-05-12 07:51:32', null);
INSERT INTO `arrange` VALUES ('1337', '70', '19', '2018-04-20', '14:46:23', '16:34:23', '35.00', '2018-05-12 07:51:32', '2018-05-12 07:51:32', null);
INSERT INTO `arrange` VALUES ('1338', '70', '9', '2018-04-21', '14:46:23', '16:34:23', '35.00', '2018-05-12 07:51:32', '2018-05-12 07:51:32', null);
INSERT INTO `arrange` VALUES ('1339', '70', '10', '2018-04-21', '14:46:23', '16:34:23', '35.00', '2018-05-12 07:51:32', '2018-05-12 07:51:32', null);
INSERT INTO `arrange` VALUES ('1340', '70', '14', '2018-04-21', '14:46:23', '16:34:23', '35.00', '2018-05-12 07:51:32', '2018-05-12 07:51:32', null);
INSERT INTO `arrange` VALUES ('1341', '70', '19', '2018-04-21', '14:46:23', '16:34:23', '35.00', '2018-05-12 07:51:32', '2018-05-12 07:51:32', null);
INSERT INTO `arrange` VALUES ('1342', '70', '9', '2018-04-22', '14:46:23', '16:34:23', '35.00', '2018-05-12 07:51:32', '2018-05-12 07:51:32', null);
INSERT INTO `arrange` VALUES ('1343', '70', '10', '2018-04-22', '14:46:23', '16:34:23', '35.00', '2018-05-12 07:51:32', '2018-05-12 07:51:32', null);
INSERT INTO `arrange` VALUES ('1344', '70', '14', '2018-04-22', '14:46:23', '16:34:23', '35.00', '2018-05-12 07:51:32', '2018-05-12 07:51:32', null);
INSERT INTO `arrange` VALUES ('1345', '70', '19', '2018-04-22', '14:46:23', '16:34:23', '35.00', '2018-05-12 07:51:32', '2018-05-12 07:51:32', null);
INSERT INTO `arrange` VALUES ('1346', '70', '9', '2018-04-23', '14:46:23', '16:34:23', '35.00', '2018-05-12 07:51:32', '2018-05-12 07:51:32', null);
INSERT INTO `arrange` VALUES ('1347', '70', '10', '2018-04-23', '14:46:23', '16:34:23', '35.00', '2018-05-12 07:51:32', '2018-05-12 07:51:32', null);
INSERT INTO `arrange` VALUES ('1348', '70', '14', '2018-04-23', '14:46:23', '16:34:23', '35.00', '2018-05-12 07:51:32', '2018-05-12 07:51:32', null);
INSERT INTO `arrange` VALUES ('1349', '70', '19', '2018-04-23', '14:46:23', '16:34:23', '35.00', '2018-05-12 07:51:32', '2018-05-12 07:51:32', null);
INSERT INTO `arrange` VALUES ('1350', '70', '9', '2018-04-24', '14:46:23', '16:34:23', '35.00', '2018-05-12 07:51:32', '2018-05-12 07:51:32', null);
INSERT INTO `arrange` VALUES ('1351', '70', '10', '2018-04-24', '14:46:23', '16:34:23', '35.00', '2018-05-12 07:51:32', '2018-05-12 07:51:32', null);
INSERT INTO `arrange` VALUES ('1352', '70', '14', '2018-04-24', '14:46:23', '16:34:23', '35.00', '2018-05-12 07:51:32', '2018-05-12 07:51:32', null);
INSERT INTO `arrange` VALUES ('1353', '70', '19', '2018-04-24', '14:46:23', '16:34:23', '35.00', '2018-05-12 07:51:32', '2018-05-12 07:51:32', null);
INSERT INTO `arrange` VALUES ('1354', '70', '9', '2018-04-25', '14:46:23', '16:34:23', '35.00', '2018-05-12 07:51:32', '2018-05-12 07:51:32', null);
INSERT INTO `arrange` VALUES ('1355', '70', '10', '2018-04-25', '14:46:23', '16:34:23', '35.00', '2018-05-12 07:51:32', '2018-05-12 07:51:32', null);
INSERT INTO `arrange` VALUES ('1356', '70', '14', '2018-04-25', '14:46:23', '16:34:23', '35.00', '2018-05-12 07:51:32', '2018-05-12 07:51:32', null);
INSERT INTO `arrange` VALUES ('1357', '70', '19', '2018-04-25', '14:46:23', '16:34:23', '35.00', '2018-05-12 07:51:32', '2018-05-12 07:51:32', null);
INSERT INTO `arrange` VALUES ('1358', '70', '9', '2018-04-26', '14:46:23', '16:34:23', '35.00', '2018-05-12 07:51:32', '2018-05-12 07:51:32', null);
INSERT INTO `arrange` VALUES ('1359', '70', '10', '2018-04-26', '14:46:23', '16:34:23', '35.00', '2018-05-12 07:51:32', '2018-05-12 07:51:32', null);
INSERT INTO `arrange` VALUES ('1360', '70', '14', '2018-04-26', '14:46:23', '16:34:23', '35.00', '2018-05-12 07:51:32', '2018-05-12 07:51:32', null);
INSERT INTO `arrange` VALUES ('1361', '70', '19', '2018-04-26', '14:46:23', '16:34:23', '35.00', '2018-05-12 07:51:32', '2018-05-12 07:51:32', null);
INSERT INTO `arrange` VALUES ('1362', '70', '9', '2018-04-27', '14:46:23', '16:34:23', '35.00', '2018-05-12 07:51:32', '2018-05-12 07:51:32', null);
INSERT INTO `arrange` VALUES ('1363', '70', '10', '2018-04-27', '14:46:23', '16:34:23', '35.00', '2018-05-12 07:51:32', '2018-05-12 07:51:32', null);
INSERT INTO `arrange` VALUES ('1364', '70', '14', '2018-04-27', '14:46:23', '16:34:23', '35.00', '2018-05-12 07:51:32', '2018-05-12 07:51:32', null);
INSERT INTO `arrange` VALUES ('1365', '70', '19', '2018-04-27', '14:46:23', '16:34:23', '35.00', '2018-05-12 07:51:32', '2018-05-12 07:51:32', null);
INSERT INTO `arrange` VALUES ('1366', '70', '9', '2018-04-28', '14:46:23', '16:34:23', '35.00', '2018-05-12 07:51:32', '2018-05-12 07:51:32', null);
INSERT INTO `arrange` VALUES ('1367', '70', '10', '2018-04-28', '14:46:23', '16:34:23', '35.00', '2018-05-12 07:51:32', '2018-05-12 07:51:32', null);
INSERT INTO `arrange` VALUES ('1368', '70', '14', '2018-04-28', '14:46:23', '16:34:23', '35.00', '2018-05-12 07:51:32', '2018-05-12 07:51:32', null);
INSERT INTO `arrange` VALUES ('1369', '70', '19', '2018-04-28', '14:46:23', '16:34:23', '35.00', '2018-05-12 07:51:32', '2018-05-12 07:51:32', null);
INSERT INTO `arrange` VALUES ('1370', '70', '9', '2018-04-29', '14:46:23', '16:34:23', '35.00', '2018-05-12 07:51:32', '2018-05-12 07:51:32', null);
INSERT INTO `arrange` VALUES ('1371', '70', '10', '2018-04-29', '14:46:23', '16:34:23', '35.00', '2018-05-12 07:51:32', '2018-05-12 07:51:32', null);
INSERT INTO `arrange` VALUES ('1372', '70', '14', '2018-04-29', '14:46:23', '16:34:23', '35.00', '2018-05-12 07:51:32', '2018-05-12 07:51:32', null);
INSERT INTO `arrange` VALUES ('1373', '70', '19', '2018-04-29', '14:46:23', '16:34:23', '35.00', '2018-05-12 07:51:32', '2018-05-12 07:51:32', null);
INSERT INTO `arrange` VALUES ('1374', '70', '9', '2018-04-30', '14:46:23', '16:34:23', '35.00', '2018-05-12 07:51:32', '2018-05-12 07:51:32', null);
INSERT INTO `arrange` VALUES ('1375', '70', '10', '2018-04-30', '14:46:23', '16:34:23', '35.00', '2018-05-12 07:51:32', '2018-05-12 07:51:32', null);
INSERT INTO `arrange` VALUES ('1376', '70', '14', '2018-04-30', '14:46:23', '16:34:23', '35.00', '2018-05-12 07:51:32', '2018-05-12 07:51:32', null);
INSERT INTO `arrange` VALUES ('1377', '70', '19', '2018-04-30', '14:46:23', '16:34:23', '35.00', '2018-05-12 07:51:32', '2018-05-12 07:51:32', null);
INSERT INTO `arrange` VALUES ('1378', '70', '9', '2018-05-01', '14:46:23', '16:34:23', '35.00', '2018-05-12 07:51:32', '2018-05-12 07:51:32', null);
INSERT INTO `arrange` VALUES ('1379', '70', '10', '2018-05-01', '14:46:23', '16:34:23', '35.00', '2018-05-12 07:51:32', '2018-05-12 07:51:32', null);
INSERT INTO `arrange` VALUES ('1380', '70', '14', '2018-05-01', '14:46:23', '16:34:23', '35.00', '2018-05-12 07:51:32', '2018-05-12 07:51:32', null);
INSERT INTO `arrange` VALUES ('1381', '70', '19', '2018-05-01', '14:46:23', '16:34:23', '35.00', '2018-05-12 07:51:32', '2018-05-12 07:51:32', null);
INSERT INTO `arrange` VALUES ('1382', '70', '9', '2018-05-02', '14:46:23', '16:34:23', '35.00', '2018-05-12 07:51:32', '2018-05-12 07:51:32', null);
INSERT INTO `arrange` VALUES ('1383', '70', '10', '2018-05-02', '14:46:23', '16:34:23', '35.00', '2018-05-12 07:51:32', '2018-05-12 07:51:32', null);
INSERT INTO `arrange` VALUES ('1384', '70', '14', '2018-05-02', '14:46:23', '16:34:23', '35.00', '2018-05-12 07:51:32', '2018-05-12 07:51:32', null);
INSERT INTO `arrange` VALUES ('1385', '70', '19', '2018-05-02', '14:46:23', '16:34:23', '35.00', '2018-05-12 07:51:32', '2018-05-12 07:51:32', null);
INSERT INTO `arrange` VALUES ('1386', '70', '9', '2018-05-03', '14:46:23', '16:34:23', '35.00', '2018-05-12 07:51:32', '2018-05-12 07:51:32', null);
INSERT INTO `arrange` VALUES ('1387', '70', '10', '2018-05-03', '14:46:23', '16:34:23', '35.00', '2018-05-12 07:51:32', '2018-05-12 07:51:32', null);
INSERT INTO `arrange` VALUES ('1388', '70', '14', '2018-05-03', '14:46:23', '16:34:23', '35.00', '2018-05-12 07:51:32', '2018-05-12 07:51:32', null);
INSERT INTO `arrange` VALUES ('1389', '70', '19', '2018-05-03', '14:46:23', '16:34:23', '35.00', '2018-05-12 07:51:32', '2018-05-12 07:51:32', null);
INSERT INTO `arrange` VALUES ('1390', '70', '9', '2018-05-04', '14:46:23', '16:34:23', '35.00', '2018-05-12 07:51:32', '2018-05-12 07:51:32', null);
INSERT INTO `arrange` VALUES ('1391', '70', '10', '2018-05-04', '14:46:23', '16:34:23', '35.00', '2018-05-12 07:51:32', '2018-05-12 07:51:32', null);
INSERT INTO `arrange` VALUES ('1392', '70', '14', '2018-05-04', '14:46:23', '16:34:23', '35.00', '2018-05-12 07:51:32', '2018-05-12 07:51:32', null);
INSERT INTO `arrange` VALUES ('1393', '70', '19', '2018-05-04', '14:46:23', '16:34:23', '35.00', '2018-05-12 07:51:32', '2018-05-12 07:51:32', null);
INSERT INTO `arrange` VALUES ('1394', '70', '9', '2018-05-05', '14:46:23', '16:34:23', '35.00', '2018-05-12 07:51:32', '2018-05-12 07:51:32', null);
INSERT INTO `arrange` VALUES ('1395', '70', '10', '2018-05-05', '14:46:23', '16:34:23', '35.00', '2018-05-12 07:51:32', '2018-05-12 07:51:32', null);
INSERT INTO `arrange` VALUES ('1396', '70', '14', '2018-05-05', '14:46:23', '16:34:23', '35.00', '2018-05-12 07:51:32', '2018-05-12 07:51:32', null);
INSERT INTO `arrange` VALUES ('1397', '70', '19', '2018-05-05', '14:46:23', '16:34:23', '35.00', '2018-05-12 07:51:32', '2018-05-12 07:51:32', null);
INSERT INTO `arrange` VALUES ('1398', '70', '9', '2018-05-06', '14:46:23', '16:34:23', '35.00', '2018-05-12 07:51:32', '2018-05-12 07:51:32', null);
INSERT INTO `arrange` VALUES ('1399', '70', '10', '2018-05-06', '14:46:23', '16:34:23', '35.00', '2018-05-12 07:51:32', '2018-05-12 07:51:32', null);
INSERT INTO `arrange` VALUES ('1400', '70', '14', '2018-05-06', '14:46:23', '16:34:23', '35.00', '2018-05-12 07:51:32', '2018-05-12 07:51:32', null);
INSERT INTO `arrange` VALUES ('1401', '70', '19', '2018-05-06', '14:46:23', '16:34:23', '35.00', '2018-05-12 07:51:32', '2018-05-12 07:51:32', null);
INSERT INTO `arrange` VALUES ('1402', '70', '9', '2018-05-07', '14:46:23', '16:34:23', '35.00', '2018-05-12 07:51:32', '2018-05-12 07:51:32', null);
INSERT INTO `arrange` VALUES ('1403', '70', '10', '2018-05-07', '14:46:23', '16:34:23', '35.00', '2018-05-12 07:51:32', '2018-05-12 07:51:32', null);
INSERT INTO `arrange` VALUES ('1404', '70', '14', '2018-05-07', '14:46:23', '16:34:23', '35.00', '2018-05-12 07:51:32', '2018-05-12 07:51:32', null);
INSERT INTO `arrange` VALUES ('1405', '70', '19', '2018-05-07', '14:46:23', '16:34:23', '35.00', '2018-05-12 07:51:32', '2018-05-12 07:51:32', null);
INSERT INTO `arrange` VALUES ('1406', '70', '9', '2018-05-08', '14:46:23', '16:34:23', '35.00', '2018-05-12 07:51:32', '2018-05-12 07:51:32', null);
INSERT INTO `arrange` VALUES ('1407', '70', '10', '2018-05-08', '14:46:23', '16:34:23', '35.00', '2018-05-12 07:51:32', '2018-05-12 07:51:32', null);
INSERT INTO `arrange` VALUES ('1408', '70', '14', '2018-05-08', '14:46:23', '16:34:23', '35.00', '2018-05-12 07:51:32', '2018-05-12 07:51:32', null);
INSERT INTO `arrange` VALUES ('1409', '70', '19', '2018-05-08', '14:46:23', '16:34:23', '35.00', '2018-05-12 07:51:32', '2018-05-12 07:51:32', null);
INSERT INTO `arrange` VALUES ('1410', '70', '9', '2018-05-09', '14:46:23', '16:34:23', '35.00', '2018-05-12 07:51:32', '2018-05-12 07:51:32', null);
INSERT INTO `arrange` VALUES ('1411', '70', '10', '2018-05-09', '14:46:23', '16:34:23', '35.00', '2018-05-12 07:51:32', '2018-05-12 07:51:32', null);
INSERT INTO `arrange` VALUES ('1412', '70', '14', '2018-05-09', '14:46:23', '16:34:23', '35.00', '2018-05-12 07:51:32', '2018-05-12 07:51:32', null);
INSERT INTO `arrange` VALUES ('1413', '70', '19', '2018-05-09', '14:46:23', '16:34:23', '35.00', '2018-05-12 07:51:32', '2018-05-12 07:51:32', null);
INSERT INTO `arrange` VALUES ('1414', '70', '9', '2018-05-10', '14:46:23', '16:34:23', '35.00', '2018-05-12 07:51:32', '2018-05-12 07:51:32', null);
INSERT INTO `arrange` VALUES ('1415', '70', '10', '2018-05-10', '14:46:23', '16:34:23', '35.00', '2018-05-12 07:51:32', '2018-05-12 07:51:32', null);
INSERT INTO `arrange` VALUES ('1416', '70', '14', '2018-05-10', '14:46:23', '16:34:23', '35.00', '2018-05-12 07:51:32', '2018-05-12 07:51:32', null);
INSERT INTO `arrange` VALUES ('1417', '70', '19', '2018-05-10', '14:46:23', '16:34:23', '35.00', '2018-05-12 07:51:32', '2018-05-12 07:51:32', null);
INSERT INTO `arrange` VALUES ('1418', '70', '9', '2018-05-11', '14:46:23', '16:34:23', '35.00', '2018-05-12 07:51:32', '2018-05-12 07:51:32', null);
INSERT INTO `arrange` VALUES ('1419', '70', '10', '2018-05-11', '14:46:23', '16:34:23', '35.00', '2018-05-12 07:51:32', '2018-05-12 07:51:32', null);
INSERT INTO `arrange` VALUES ('1420', '70', '14', '2018-05-11', '14:46:23', '16:34:23', '35.00', '2018-05-12 07:51:32', '2018-05-12 07:51:32', null);
INSERT INTO `arrange` VALUES ('1421', '70', '19', '2018-05-11', '14:46:23', '16:34:23', '35.00', '2018-05-12 07:51:32', '2018-05-12 07:51:32', null);
INSERT INTO `arrange` VALUES ('1422', '70', '9', '2018-05-12', '14:46:23', '16:34:23', '35.00', '2018-05-12 07:51:32', '2018-05-12 07:51:32', null);
INSERT INTO `arrange` VALUES ('1423', '70', '10', '2018-05-12', '14:46:23', '16:34:23', '35.00', '2018-05-12 07:51:32', '2018-05-12 07:51:32', null);
INSERT INTO `arrange` VALUES ('1424', '70', '14', '2018-05-12', '14:46:23', '16:34:23', '35.00', '2018-05-12 07:51:32', '2018-05-12 07:51:32', null);
INSERT INTO `arrange` VALUES ('1425', '70', '19', '2018-05-12', '14:46:23', '16:34:23', '35.00', '2018-05-12 07:51:32', '2018-05-12 07:51:32', null);
INSERT INTO `arrange` VALUES ('1426', '70', '9', '2018-05-13', '14:46:23', '16:34:23', '35.00', '2018-05-12 07:51:32', '2018-05-12 07:51:32', null);
INSERT INTO `arrange` VALUES ('1427', '70', '10', '2018-05-13', '14:46:23', '16:34:23', '35.00', '2018-05-12 07:51:32', '2018-05-12 07:51:32', null);
INSERT INTO `arrange` VALUES ('1428', '70', '14', '2018-05-13', '14:46:23', '16:34:23', '35.00', '2018-05-12 07:51:32', '2018-05-12 07:51:32', null);
INSERT INTO `arrange` VALUES ('1429', '70', '19', '2018-05-13', '14:46:23', '16:34:23', '35.00', '2018-05-12 07:51:32', '2018-05-12 07:51:32', null);
INSERT INTO `arrange` VALUES ('1430', '70', '9', '2018-05-14', '14:46:23', '16:34:23', '35.00', '2018-05-12 07:51:32', '2018-05-12 07:51:32', null);
INSERT INTO `arrange` VALUES ('1431', '70', '10', '2018-05-14', '14:46:23', '16:34:23', '35.00', '2018-05-12 07:51:32', '2018-05-12 07:51:32', null);
INSERT INTO `arrange` VALUES ('1432', '70', '14', '2018-05-14', '14:46:23', '16:34:23', '35.00', '2018-05-12 07:51:32', '2018-05-12 07:51:32', null);
INSERT INTO `arrange` VALUES ('1433', '70', '19', '2018-05-14', '14:46:23', '16:34:23', '35.00', '2018-05-12 07:51:32', '2018-05-12 07:51:32', null);
INSERT INTO `arrange` VALUES ('1434', '70', '9', '2018-05-15', '14:46:23', '16:34:23', '35.00', '2018-05-12 07:51:32', '2018-05-12 07:51:32', null);
INSERT INTO `arrange` VALUES ('1435', '70', '10', '2018-05-15', '14:46:23', '16:34:23', '35.00', '2018-05-12 07:51:32', '2018-05-12 07:51:32', null);
INSERT INTO `arrange` VALUES ('1436', '70', '14', '2018-05-15', '14:46:23', '16:34:23', '35.00', '2018-05-12 07:51:32', '2018-05-12 07:51:32', null);
INSERT INTO `arrange` VALUES ('1437', '70', '19', '2018-05-15', '14:46:23', '16:34:23', '35.00', '2018-05-12 07:51:32', '2018-05-12 07:51:32', null);
INSERT INTO `arrange` VALUES ('1438', '70', '9', '2018-05-16', '14:46:23', '16:34:23', '35.00', '2018-05-12 07:51:32', '2018-05-12 07:51:32', null);
INSERT INTO `arrange` VALUES ('1439', '70', '10', '2018-05-16', '14:46:23', '16:34:23', '35.00', '2018-05-12 07:51:32', '2018-05-12 07:51:32', null);
INSERT INTO `arrange` VALUES ('1440', '70', '14', '2018-05-16', '14:46:23', '16:34:23', '35.00', '2018-05-12 07:51:32', '2018-05-12 07:51:32', null);
INSERT INTO `arrange` VALUES ('1441', '70', '19', '2018-05-16', '14:46:23', '16:34:23', '35.00', '2018-05-12 07:51:32', '2018-05-12 07:51:32', null);
INSERT INTO `arrange` VALUES ('1442', '70', '9', '2018-05-17', '14:46:23', '16:34:23', '35.00', '2018-05-12 07:51:32', '2018-05-12 07:51:32', null);
INSERT INTO `arrange` VALUES ('1443', '70', '10', '2018-05-17', '14:46:23', '16:34:23', '35.00', '2018-05-12 07:51:32', '2018-05-12 07:51:32', null);
INSERT INTO `arrange` VALUES ('1444', '70', '14', '2018-05-17', '14:46:23', '16:34:23', '35.00', '2018-05-12 07:51:32', '2018-05-12 07:51:32', null);
INSERT INTO `arrange` VALUES ('1445', '70', '19', '2018-05-17', '14:46:23', '16:34:23', '35.00', '2018-05-12 07:51:32', '2018-05-12 07:51:32', null);
INSERT INTO `arrange` VALUES ('1446', '70', '9', '2018-05-18', '14:46:23', '16:34:23', '35.00', '2018-05-12 07:51:32', '2018-05-12 07:51:32', null);
INSERT INTO `arrange` VALUES ('1447', '70', '10', '2018-05-18', '14:46:23', '16:34:23', '35.00', '2018-05-12 07:51:32', '2018-05-12 07:51:32', null);
INSERT INTO `arrange` VALUES ('1448', '70', '14', '2018-05-18', '14:46:23', '16:34:23', '35.00', '2018-05-12 07:51:32', '2018-05-12 07:51:32', null);
INSERT INTO `arrange` VALUES ('1449', '70', '19', '2018-05-18', '14:46:23', '16:34:23', '35.00', '2018-05-12 07:51:32', '2018-05-12 07:51:32', null);
INSERT INTO `arrange` VALUES ('1450', '70', '9', '2018-05-19', '14:46:23', '16:34:23', '35.00', '2018-05-12 07:51:32', '2018-05-12 07:51:32', null);
INSERT INTO `arrange` VALUES ('1451', '70', '10', '2018-05-19', '14:46:23', '16:34:23', '35.00', '2018-05-12 07:51:32', '2018-05-12 07:51:32', null);
INSERT INTO `arrange` VALUES ('1452', '70', '14', '2018-05-19', '14:46:23', '16:34:23', '35.00', '2018-05-12 07:51:32', '2018-05-12 07:51:32', null);
INSERT INTO `arrange` VALUES ('1453', '70', '19', '2018-05-19', '14:46:23', '16:34:23', '35.00', '2018-05-12 07:51:32', '2018-05-12 07:51:32', null);
INSERT INTO `arrange` VALUES ('1454', '70', '9', '2018-05-20', '14:46:23', '16:34:23', '35.00', '2018-05-12 07:51:32', '2018-05-12 07:51:32', null);
INSERT INTO `arrange` VALUES ('1455', '70', '10', '2018-05-20', '14:46:23', '16:34:23', '35.00', '2018-05-12 07:51:32', '2018-05-12 07:51:32', null);
INSERT INTO `arrange` VALUES ('1456', '70', '14', '2018-05-20', '14:46:23', '16:34:23', '35.00', '2018-05-12 07:51:32', '2018-05-12 07:51:32', null);
INSERT INTO `arrange` VALUES ('1457', '70', '19', '2018-05-20', '14:46:23', '16:34:23', '35.00', '2018-05-12 07:51:32', '2018-05-12 07:51:32', null);
INSERT INTO `arrange` VALUES ('1458', '70', '9', '2018-05-21', '14:46:23', '16:34:23', '35.00', '2018-05-12 07:51:32', '2018-05-12 07:51:32', null);
INSERT INTO `arrange` VALUES ('1459', '70', '10', '2018-05-21', '14:46:23', '16:34:23', '35.00', '2018-05-12 07:51:32', '2018-05-12 07:51:32', null);
INSERT INTO `arrange` VALUES ('1460', '70', '14', '2018-05-21', '14:46:23', '16:34:23', '35.00', '2018-05-12 07:51:32', '2018-05-12 07:51:32', null);
INSERT INTO `arrange` VALUES ('1461', '70', '19', '2018-05-21', '14:46:23', '16:34:23', '35.00', '2018-05-12 07:51:32', '2018-05-12 07:51:32', null);
INSERT INTO `arrange` VALUES ('1462', '70', '9', '2018-05-22', '14:46:23', '16:34:23', '35.00', '2018-05-12 07:51:32', '2018-05-12 07:51:32', null);
INSERT INTO `arrange` VALUES ('1463', '70', '10', '2018-05-22', '14:46:23', '16:34:23', '35.00', '2018-05-12 07:51:32', '2018-05-12 07:51:32', null);
INSERT INTO `arrange` VALUES ('1464', '70', '14', '2018-05-22', '14:46:23', '16:34:23', '35.00', '2018-05-12 07:51:32', '2018-05-12 07:51:32', null);
INSERT INTO `arrange` VALUES ('1465', '70', '19', '2018-05-22', '14:46:23', '16:34:23', '35.00', '2018-05-12 07:51:32', '2018-05-12 07:51:32', null);
INSERT INTO `arrange` VALUES ('1466', '70', '9', '2018-05-23', '14:46:23', '16:34:23', '35.00', '2018-05-12 07:51:32', '2018-05-12 07:51:32', null);
INSERT INTO `arrange` VALUES ('1467', '70', '10', '2018-05-23', '14:46:23', '16:34:23', '35.00', '2018-05-12 07:51:32', '2018-05-12 07:51:32', null);
INSERT INTO `arrange` VALUES ('1468', '70', '14', '2018-05-23', '14:46:23', '16:34:23', '35.00', '2018-05-12 07:51:32', '2018-05-12 07:51:32', null);
INSERT INTO `arrange` VALUES ('1469', '70', '19', '2018-05-23', '14:46:23', '16:34:23', '35.00', '2018-05-12 07:51:32', '2018-05-12 07:51:32', null);
INSERT INTO `arrange` VALUES ('1470', '70', '9', '2018-05-24', '14:46:23', '16:34:23', '35.00', '2018-05-12 07:51:32', '2018-05-12 07:51:32', null);
INSERT INTO `arrange` VALUES ('1471', '70', '10', '2018-05-24', '14:46:23', '16:34:23', '35.00', '2018-05-12 07:51:32', '2018-05-12 07:51:32', null);
INSERT INTO `arrange` VALUES ('1472', '70', '14', '2018-05-24', '14:46:23', '16:34:23', '35.00', '2018-05-12 07:51:32', '2018-05-12 07:51:32', null);
INSERT INTO `arrange` VALUES ('1473', '70', '19', '2018-05-24', '14:46:23', '16:34:23', '35.00', '2018-05-12 07:51:32', '2018-05-12 07:51:32', null);
INSERT INTO `arrange` VALUES ('1474', '70', '9', '2018-05-25', '14:46:23', '16:34:23', '35.00', '2018-05-12 07:51:32', '2018-05-12 07:51:32', null);
INSERT INTO `arrange` VALUES ('1475', '70', '10', '2018-05-25', '14:46:23', '16:34:23', '35.00', '2018-05-12 07:51:32', '2018-05-12 07:51:32', null);
INSERT INTO `arrange` VALUES ('1476', '70', '14', '2018-05-25', '14:46:23', '16:34:23', '35.00', '2018-05-12 07:51:32', '2018-05-12 07:51:32', null);
INSERT INTO `arrange` VALUES ('1477', '70', '19', '2018-05-25', '14:46:23', '16:34:23', '35.00', '2018-05-12 07:51:32', '2018-05-12 07:51:32', null);
INSERT INTO `arrange` VALUES ('1478', '70', '9', '2018-05-26', '14:46:23', '16:34:23', '35.00', '2018-05-12 07:51:32', '2018-05-12 07:51:32', null);
INSERT INTO `arrange` VALUES ('1479', '70', '10', '2018-05-26', '14:46:23', '16:34:23', '35.00', '2018-05-12 07:51:32', '2018-05-12 07:51:32', null);
INSERT INTO `arrange` VALUES ('1480', '70', '14', '2018-05-26', '14:46:23', '16:34:23', '35.00', '2018-05-12 07:51:32', '2018-05-12 07:51:32', null);
INSERT INTO `arrange` VALUES ('1481', '70', '19', '2018-05-26', '14:46:23', '16:34:23', '35.00', '2018-05-12 07:51:32', '2018-05-12 07:51:32', null);
INSERT INTO `arrange` VALUES ('1482', '70', '9', '2018-05-27', '14:46:23', '16:34:23', '35.00', '2018-05-12 07:51:32', '2018-05-12 07:51:32', null);
INSERT INTO `arrange` VALUES ('1483', '70', '10', '2018-05-27', '14:46:23', '16:34:23', '35.00', '2018-05-12 07:51:32', '2018-05-12 07:51:32', null);
INSERT INTO `arrange` VALUES ('1484', '70', '14', '2018-05-27', '14:46:23', '16:34:23', '35.00', '2018-05-12 07:51:32', '2018-05-12 07:51:32', null);
INSERT INTO `arrange` VALUES ('1485', '70', '19', '2018-05-27', '14:46:23', '16:34:23', '35.00', '2018-05-12 07:51:32', '2018-05-12 07:51:32', null);
INSERT INTO `arrange` VALUES ('1486', '70', '9', '2018-05-28', '14:46:23', '16:34:23', '35.00', '2018-05-12 07:51:32', '2018-05-12 07:51:32', null);
INSERT INTO `arrange` VALUES ('1487', '70', '10', '2018-05-28', '14:46:23', '16:34:23', '35.00', '2018-05-12 07:51:32', '2018-05-12 07:51:32', null);
INSERT INTO `arrange` VALUES ('1488', '70', '14', '2018-05-28', '14:46:23', '16:34:23', '35.00', '2018-05-12 07:51:32', '2018-05-12 07:51:32', null);
INSERT INTO `arrange` VALUES ('1489', '70', '19', '2018-05-28', '14:46:23', '16:34:23', '35.00', '2018-05-12 07:51:32', '2018-05-12 07:51:32', null);
INSERT INTO `arrange` VALUES ('1490', '70', '9', '2018-05-29', '14:46:23', '16:34:23', '35.00', '2018-05-12 07:51:32', '2018-05-12 07:51:32', null);
INSERT INTO `arrange` VALUES ('1491', '70', '10', '2018-05-29', '14:46:23', '16:34:23', '35.00', '2018-05-12 07:51:32', '2018-05-12 07:51:32', null);
INSERT INTO `arrange` VALUES ('1492', '70', '14', '2018-05-29', '14:46:23', '16:34:23', '35.00', '2018-05-12 07:51:32', '2018-05-12 07:51:32', null);
INSERT INTO `arrange` VALUES ('1493', '70', '19', '2018-05-29', '14:46:23', '16:34:23', '35.00', '2018-05-12 07:51:32', '2018-05-12 07:51:32', null);
INSERT INTO `arrange` VALUES ('1494', '70', '9', '2018-05-30', '14:46:23', '16:34:23', '35.00', '2018-05-12 07:51:32', '2018-05-12 07:51:32', null);
INSERT INTO `arrange` VALUES ('1495', '70', '10', '2018-05-30', '14:46:23', '16:34:23', '35.00', '2018-05-12 07:51:32', '2018-05-12 07:51:32', null);
INSERT INTO `arrange` VALUES ('1496', '70', '14', '2018-05-30', '14:46:23', '16:34:23', '35.00', '2018-05-12 07:51:32', '2018-05-12 07:51:32', null);
INSERT INTO `arrange` VALUES ('1497', '70', '19', '2018-05-30', '14:46:23', '16:34:23', '35.00', '2018-05-12 07:51:32', '2018-05-12 07:51:32', null);
INSERT INTO `arrange` VALUES ('1498', '70', '9', '2018-05-31', '14:46:23', '16:34:23', '35.00', '2018-05-12 07:51:32', '2018-05-12 07:51:32', null);
INSERT INTO `arrange` VALUES ('1499', '70', '10', '2018-05-31', '14:46:23', '16:34:23', '35.00', '2018-05-12 07:51:32', '2018-05-12 07:51:32', null);
INSERT INTO `arrange` VALUES ('1500', '70', '14', '2018-05-31', '14:46:23', '16:34:23', '35.00', '2018-05-12 07:51:32', '2018-05-12 07:51:32', null);
INSERT INTO `arrange` VALUES ('1501', '70', '19', '2018-05-31', '14:46:23', '16:34:23', '35.00', '2018-05-12 07:51:32', '2018-05-12 07:51:32', null);
INSERT INTO `arrange` VALUES ('1502', '70', '9', '2018-06-01', '14:46:23', '16:34:23', '35.00', '2018-05-12 07:51:32', '2018-05-12 07:51:32', null);
INSERT INTO `arrange` VALUES ('1503', '70', '10', '2018-06-01', '14:46:23', '16:34:23', '35.00', '2018-05-12 07:51:32', '2018-05-12 07:51:32', null);
INSERT INTO `arrange` VALUES ('1504', '70', '14', '2018-06-01', '14:46:23', '16:34:23', '35.00', '2018-05-12 07:51:32', '2018-05-12 07:51:32', null);
INSERT INTO `arrange` VALUES ('1505', '70', '19', '2018-06-01', '14:46:23', '16:34:23', '35.00', '2018-05-12 07:51:32', '2018-05-12 07:51:32', null);
INSERT INTO `arrange` VALUES ('1506', '70', '9', '2018-06-02', '14:46:23', '16:34:23', '35.00', '2018-05-12 07:51:32', '2018-05-12 07:51:32', null);
INSERT INTO `arrange` VALUES ('1507', '70', '10', '2018-06-02', '14:46:23', '16:34:23', '35.00', '2018-05-12 07:51:32', '2018-05-12 07:51:32', null);
INSERT INTO `arrange` VALUES ('1508', '70', '14', '2018-06-02', '14:46:23', '16:34:23', '35.00', '2018-05-12 07:51:32', '2018-05-12 07:51:32', null);
INSERT INTO `arrange` VALUES ('1509', '70', '19', '2018-06-02', '14:46:23', '16:34:23', '35.00', '2018-05-12 07:51:32', '2018-05-12 07:51:32', null);
INSERT INTO `arrange` VALUES ('1510', '70', '9', '2018-06-03', '14:46:23', '16:34:23', '35.00', '2018-05-12 07:51:32', '2018-05-12 07:51:32', null);
INSERT INTO `arrange` VALUES ('1511', '70', '10', '2018-06-03', '14:46:23', '16:34:23', '35.00', '2018-05-12 07:51:32', '2018-05-12 07:51:32', null);
INSERT INTO `arrange` VALUES ('1512', '70', '14', '2018-06-03', '14:46:23', '16:34:23', '35.00', '2018-05-12 07:51:32', '2018-05-12 07:51:32', null);
INSERT INTO `arrange` VALUES ('1513', '70', '19', '2018-06-03', '14:46:23', '16:34:23', '35.00', '2018-05-12 07:51:32', '2018-05-12 07:51:32', null);
INSERT INTO `arrange` VALUES ('1514', '70', '9', '2018-06-04', '14:46:23', '16:34:23', '35.00', '2018-05-12 07:51:32', '2018-05-12 07:51:32', null);
INSERT INTO `arrange` VALUES ('1515', '70', '10', '2018-06-04', '14:46:23', '16:34:23', '35.00', '2018-05-12 07:51:32', '2018-05-12 07:51:32', null);
INSERT INTO `arrange` VALUES ('1516', '70', '14', '2018-06-04', '14:46:23', '16:34:23', '35.00', '2018-05-12 07:51:32', '2018-05-12 07:51:32', null);
INSERT INTO `arrange` VALUES ('1517', '70', '19', '2018-06-04', '14:46:23', '16:34:23', '35.00', '2018-05-12 07:51:32', '2018-05-12 07:51:32', null);
INSERT INTO `arrange` VALUES ('1518', '70', '9', '2018-06-05', '14:46:23', '16:34:23', '35.00', '2018-05-12 07:51:32', '2018-05-12 07:51:32', null);
INSERT INTO `arrange` VALUES ('1519', '70', '10', '2018-06-05', '14:46:23', '16:34:23', '35.00', '2018-05-12 07:51:32', '2018-05-12 07:51:32', null);
INSERT INTO `arrange` VALUES ('1520', '70', '14', '2018-06-05', '14:46:23', '16:34:23', '35.00', '2018-05-12 07:51:32', '2018-05-12 07:51:32', null);
INSERT INTO `arrange` VALUES ('1521', '70', '19', '2018-06-05', '14:46:23', '16:34:23', '35.00', '2018-05-12 07:51:32', '2018-05-12 07:51:32', null);
INSERT INTO `arrange` VALUES ('1522', '70', '9', '2018-06-06', '14:46:23', '16:34:23', '35.00', '2018-05-12 07:51:32', '2018-05-12 07:51:32', null);
INSERT INTO `arrange` VALUES ('1523', '70', '10', '2018-06-06', '14:46:23', '16:34:23', '35.00', '2018-05-12 07:51:32', '2018-05-12 07:51:32', null);
INSERT INTO `arrange` VALUES ('1524', '70', '14', '2018-06-06', '14:46:23', '16:34:23', '35.00', '2018-05-12 07:51:32', '2018-05-12 07:51:32', null);
INSERT INTO `arrange` VALUES ('1525', '70', '19', '2018-06-06', '14:46:23', '16:34:23', '35.00', '2018-05-12 07:51:32', '2018-05-12 07:51:32', null);
INSERT INTO `arrange` VALUES ('1526', '70', '9', '2018-06-07', '14:46:23', '16:34:23', '35.00', '2018-05-12 07:51:32', '2018-05-12 07:51:32', null);
INSERT INTO `arrange` VALUES ('1527', '70', '10', '2018-06-07', '14:46:23', '16:34:23', '35.00', '2018-05-12 07:51:32', '2018-05-12 07:51:32', null);
INSERT INTO `arrange` VALUES ('1528', '70', '14', '2018-06-07', '14:46:23', '16:34:23', '35.00', '2018-05-12 07:51:32', '2018-05-12 07:51:32', null);
INSERT INTO `arrange` VALUES ('1529', '70', '19', '2018-06-07', '14:46:23', '16:34:23', '35.00', '2018-05-12 07:51:32', '2018-05-12 07:51:32', null);
INSERT INTO `arrange` VALUES ('1530', '70', '9', '2018-06-08', '14:46:23', '16:34:23', '35.00', '2018-05-12 07:51:32', '2018-05-12 07:51:32', null);
INSERT INTO `arrange` VALUES ('1531', '70', '10', '2018-06-08', '14:46:23', '16:34:23', '35.00', '2018-05-12 07:51:32', '2018-05-12 07:51:32', null);
INSERT INTO `arrange` VALUES ('1532', '70', '14', '2018-06-08', '14:46:23', '16:34:23', '35.00', '2018-05-12 07:51:32', '2018-05-12 07:51:32', null);
INSERT INTO `arrange` VALUES ('1533', '70', '19', '2018-06-08', '14:46:23', '16:34:23', '35.00', '2018-05-12 07:51:32', '2018-05-12 07:51:32', null);
INSERT INTO `arrange` VALUES ('1534', '70', '9', '2018-06-09', '14:46:23', '16:34:23', '35.00', '2018-05-12 07:51:32', '2018-05-12 07:51:32', null);
INSERT INTO `arrange` VALUES ('1535', '70', '10', '2018-06-09', '14:46:23', '16:34:23', '35.00', '2018-05-12 07:51:32', '2018-05-12 07:51:32', null);
INSERT INTO `arrange` VALUES ('1536', '70', '14', '2018-06-09', '14:46:23', '16:34:23', '35.00', '2018-05-12 07:51:32', '2018-05-12 07:51:32', null);
INSERT INTO `arrange` VALUES ('1537', '70', '19', '2018-06-09', '14:46:23', '16:34:23', '35.00', '2018-05-12 07:51:32', '2018-05-12 07:51:32', null);
INSERT INTO `arrange` VALUES ('1538', '70', '9', '2018-06-10', '14:46:23', '16:34:23', '35.00', '2018-05-12 07:51:32', '2018-05-12 07:51:32', null);
INSERT INTO `arrange` VALUES ('1539', '70', '10', '2018-06-10', '14:46:23', '16:34:23', '35.00', '2018-05-12 07:51:32', '2018-05-12 07:51:32', null);
INSERT INTO `arrange` VALUES ('1540', '70', '14', '2018-06-10', '14:46:23', '16:34:23', '35.00', '2018-05-12 07:51:32', '2018-05-12 07:51:32', null);
INSERT INTO `arrange` VALUES ('1541', '70', '19', '2018-06-10', '14:46:23', '16:34:23', '35.00', '2018-05-12 07:51:32', '2018-05-12 07:51:32', null);
INSERT INTO `arrange` VALUES ('1542', '70', '9', '2018-06-11', '14:46:23', '16:34:23', '35.00', '2018-05-12 07:51:32', '2018-05-12 07:51:32', null);
INSERT INTO `arrange` VALUES ('1543', '70', '10', '2018-06-11', '14:46:23', '16:34:23', '35.00', '2018-05-12 07:51:32', '2018-05-12 07:51:32', null);
INSERT INTO `arrange` VALUES ('1544', '70', '14', '2018-06-11', '14:46:23', '16:34:23', '35.00', '2018-05-12 07:51:32', '2018-05-12 07:51:32', null);
INSERT INTO `arrange` VALUES ('1545', '70', '19', '2018-06-11', '14:46:23', '16:34:23', '35.00', '2018-05-12 07:51:32', '2018-05-12 07:51:32', null);
INSERT INTO `arrange` VALUES ('1546', '70', '9', '2018-06-12', '14:46:23', '16:34:23', '35.00', '2018-05-12 07:51:32', '2018-05-12 07:51:32', null);
INSERT INTO `arrange` VALUES ('1547', '70', '10', '2018-06-12', '14:46:23', '16:34:23', '35.00', '2018-05-12 07:51:32', '2018-05-12 07:51:32', null);
INSERT INTO `arrange` VALUES ('1548', '70', '14', '2018-06-12', '14:46:23', '16:34:23', '35.00', '2018-05-12 07:51:32', '2018-05-12 07:51:32', null);
INSERT INTO `arrange` VALUES ('1549', '70', '19', '2018-06-12', '14:46:23', '16:34:23', '35.00', '2018-05-12 07:51:32', '2018-05-12 07:51:32', null);
INSERT INTO `arrange` VALUES ('1550', '70', '9', '2018-06-13', '14:46:23', '16:34:23', '35.00', '2018-05-12 07:51:32', '2018-05-12 07:51:32', null);
INSERT INTO `arrange` VALUES ('1551', '70', '10', '2018-06-13', '14:46:23', '16:34:23', '35.00', '2018-05-12 07:51:32', '2018-05-12 07:51:32', null);
INSERT INTO `arrange` VALUES ('1552', '70', '14', '2018-06-13', '14:46:23', '16:34:23', '35.00', '2018-05-12 07:51:32', '2018-05-12 07:51:32', null);
INSERT INTO `arrange` VALUES ('1553', '70', '19', '2018-06-13', '14:46:23', '16:34:23', '35.00', '2018-05-12 07:51:32', '2018-05-12 07:51:32', null);
INSERT INTO `arrange` VALUES ('1554', '70', '9', '2018-06-14', '14:46:23', '16:34:23', '35.00', '2018-05-12 07:51:32', '2018-05-12 07:51:32', null);
INSERT INTO `arrange` VALUES ('1555', '70', '10', '2018-06-14', '14:46:23', '16:34:23', '35.00', '2018-05-12 07:51:32', '2018-05-12 07:51:32', null);
INSERT INTO `arrange` VALUES ('1556', '70', '14', '2018-06-14', '14:46:23', '16:34:23', '35.00', '2018-05-12 07:51:32', '2018-05-12 07:51:32', null);
INSERT INTO `arrange` VALUES ('1557', '70', '19', '2018-06-14', '14:46:23', '16:34:23', '35.00', '2018-05-12 07:51:32', '2018-05-12 07:51:32', null);
INSERT INTO `arrange` VALUES ('1558', '70', '9', '2018-06-15', '14:46:23', '16:34:23', '35.00', '2018-05-12 07:51:32', '2018-05-12 07:51:32', null);
INSERT INTO `arrange` VALUES ('1559', '70', '10', '2018-06-15', '14:46:23', '16:34:23', '35.00', '2018-05-12 07:51:32', '2018-05-12 07:51:32', null);
INSERT INTO `arrange` VALUES ('1560', '70', '14', '2018-06-15', '14:46:23', '16:34:23', '35.00', '2018-05-12 07:51:32', '2018-05-12 07:51:32', null);
INSERT INTO `arrange` VALUES ('1561', '70', '19', '2018-06-15', '14:46:23', '16:34:23', '35.00', '2018-05-12 07:51:32', '2018-05-12 07:51:32', null);
INSERT INTO `arrange` VALUES ('1562', '70', '9', '2018-06-16', '14:46:23', '16:34:23', '35.00', '2018-05-12 07:51:32', '2018-05-12 07:51:32', null);
INSERT INTO `arrange` VALUES ('1563', '70', '10', '2018-06-16', '14:46:23', '16:34:23', '35.00', '2018-05-12 07:51:32', '2018-05-12 07:51:32', null);
INSERT INTO `arrange` VALUES ('1564', '70', '14', '2018-06-16', '14:46:23', '16:34:23', '35.00', '2018-05-12 07:51:32', '2018-05-12 07:51:32', null);
INSERT INTO `arrange` VALUES ('1565', '70', '19', '2018-06-16', '14:46:23', '16:34:23', '35.00', '2018-05-12 07:51:32', '2018-05-12 07:51:32', null);
INSERT INTO `arrange` VALUES ('1566', '70', '9', '2018-06-17', '14:46:23', '16:34:23', '35.00', '2018-05-12 07:51:32', '2018-05-12 07:51:32', null);
INSERT INTO `arrange` VALUES ('1567', '70', '10', '2018-06-17', '14:46:23', '16:34:23', '35.00', '2018-05-12 07:51:32', '2018-05-12 07:51:32', null);
INSERT INTO `arrange` VALUES ('1568', '70', '14', '2018-06-17', '14:46:23', '16:34:23', '35.00', '2018-05-12 07:51:32', '2018-05-12 07:51:32', null);
INSERT INTO `arrange` VALUES ('1569', '70', '19', '2018-06-17', '14:46:23', '16:34:23', '35.00', '2018-05-12 07:51:32', '2018-05-12 07:51:32', null);
INSERT INTO `arrange` VALUES ('1570', '70', '9', '2018-06-18', '14:46:23', '16:34:23', '35.00', '2018-05-12 07:51:32', '2018-05-12 07:51:32', null);
INSERT INTO `arrange` VALUES ('1571', '70', '10', '2018-06-18', '14:46:23', '16:34:23', '35.00', '2018-05-12 07:51:32', '2018-05-12 07:51:32', null);
INSERT INTO `arrange` VALUES ('1572', '70', '14', '2018-06-18', '14:46:23', '16:34:23', '35.00', '2018-05-12 07:51:32', '2018-05-12 07:51:32', null);
INSERT INTO `arrange` VALUES ('1573', '70', '19', '2018-06-18', '14:46:23', '16:34:23', '35.00', '2018-05-12 07:51:32', '2018-05-12 07:51:32', null);
INSERT INTO `arrange` VALUES ('1574', '70', '9', '2018-06-19', '14:46:23', '16:34:23', '35.00', '2018-05-12 07:51:32', '2018-05-12 07:51:32', null);
INSERT INTO `arrange` VALUES ('1575', '70', '10', '2018-06-19', '14:46:23', '16:34:23', '35.00', '2018-05-12 07:51:32', '2018-05-12 07:51:32', null);
INSERT INTO `arrange` VALUES ('1576', '70', '14', '2018-06-19', '14:46:23', '16:34:23', '35.00', '2018-05-12 07:51:32', '2018-05-12 07:51:32', null);
INSERT INTO `arrange` VALUES ('1577', '70', '19', '2018-06-19', '14:46:23', '16:34:23', '35.00', '2018-05-12 07:51:32', '2018-05-12 07:51:32', null);
INSERT INTO `arrange` VALUES ('1578', '70', '9', '2018-06-20', '14:46:23', '16:34:23', '35.00', '2018-05-12 07:51:32', '2018-05-12 07:51:32', null);
INSERT INTO `arrange` VALUES ('1579', '70', '10', '2018-06-20', '14:46:23', '16:34:23', '35.00', '2018-05-12 07:51:32', '2018-05-12 07:51:32', null);
INSERT INTO `arrange` VALUES ('1580', '70', '14', '2018-06-20', '14:46:23', '16:34:23', '35.00', '2018-05-12 07:51:32', '2018-05-12 07:51:32', null);
INSERT INTO `arrange` VALUES ('1581', '70', '19', '2018-06-20', '14:46:23', '16:34:23', '35.00', '2018-05-12 07:51:32', '2018-05-12 07:51:32', null);
INSERT INTO `arrange` VALUES ('1582', '70', '9', '2018-06-21', '14:46:23', '16:34:23', '35.00', '2018-05-12 07:51:32', '2018-05-12 07:51:32', null);
INSERT INTO `arrange` VALUES ('1583', '70', '10', '2018-06-21', '14:46:23', '16:34:23', '35.00', '2018-05-12 07:51:32', '2018-05-12 07:51:32', null);
INSERT INTO `arrange` VALUES ('1584', '70', '14', '2018-06-21', '14:46:23', '16:34:23', '35.00', '2018-05-12 07:51:32', '2018-05-12 07:51:32', null);
INSERT INTO `arrange` VALUES ('1585', '70', '19', '2018-06-21', '14:46:23', '16:34:23', '35.00', '2018-05-12 07:51:32', '2018-05-12 07:51:32', null);
INSERT INTO `arrange` VALUES ('1586', '70', '9', '2018-06-22', '14:46:23', '16:34:23', '35.00', '2018-05-12 07:51:32', '2018-05-12 07:51:32', null);
INSERT INTO `arrange` VALUES ('1587', '70', '10', '2018-06-22', '14:46:23', '16:34:23', '35.00', '2018-05-12 07:51:32', '2018-05-12 07:51:32', null);
INSERT INTO `arrange` VALUES ('1588', '70', '14', '2018-06-22', '14:46:23', '16:34:23', '35.00', '2018-05-12 07:51:32', '2018-05-12 07:51:32', null);
INSERT INTO `arrange` VALUES ('1589', '70', '19', '2018-06-22', '14:46:23', '16:34:23', '35.00', '2018-05-12 07:51:32', '2018-05-12 07:51:32', null);
INSERT INTO `arrange` VALUES ('1590', '70', '9', '2018-06-23', '14:46:23', '16:34:23', '35.00', '2018-05-12 07:51:32', '2018-05-12 07:51:32', null);
INSERT INTO `arrange` VALUES ('1591', '70', '10', '2018-06-23', '14:46:23', '16:34:23', '35.00', '2018-05-12 07:51:32', '2018-05-12 07:51:32', null);
INSERT INTO `arrange` VALUES ('1592', '70', '14', '2018-06-23', '14:46:23', '16:34:23', '35.00', '2018-05-12 07:51:32', '2018-05-12 07:51:32', null);
INSERT INTO `arrange` VALUES ('1593', '70', '19', '2018-06-23', '14:46:23', '16:34:23', '35.00', '2018-05-12 07:51:32', '2018-05-12 07:51:32', null);
INSERT INTO `arrange` VALUES ('1594', '70', '9', '2018-06-24', '14:46:23', '16:34:23', '35.00', '2018-05-12 07:51:32', '2018-05-12 07:51:32', null);
INSERT INTO `arrange` VALUES ('1595', '70', '10', '2018-06-24', '14:46:23', '16:34:23', '35.00', '2018-05-12 07:51:32', '2018-05-12 07:51:32', null);
INSERT INTO `arrange` VALUES ('1596', '70', '14', '2018-06-24', '14:46:23', '16:34:23', '35.00', '2018-05-12 07:51:32', '2018-05-12 07:51:32', null);
INSERT INTO `arrange` VALUES ('1597', '70', '19', '2018-06-24', '14:46:23', '16:34:23', '35.00', '2018-05-12 07:51:32', '2018-05-12 07:51:32', null);
INSERT INTO `arrange` VALUES ('1598', '70', '9', '2018-06-25', '14:46:23', '16:34:23', '35.00', '2018-05-12 07:51:32', '2018-05-12 07:51:32', null);
INSERT INTO `arrange` VALUES ('1599', '70', '10', '2018-06-25', '14:46:23', '16:34:23', '35.00', '2018-05-12 07:51:32', '2018-05-12 07:51:32', null);
INSERT INTO `arrange` VALUES ('1600', '70', '14', '2018-06-25', '14:46:23', '16:34:23', '35.00', '2018-05-12 07:51:32', '2018-05-12 07:51:32', null);
INSERT INTO `arrange` VALUES ('1601', '70', '19', '2018-06-25', '14:46:23', '16:34:23', '35.00', '2018-05-12 07:51:32', '2018-05-12 07:51:32', null);
INSERT INTO `arrange` VALUES ('1602', '70', '9', '2018-06-26', '14:46:23', '16:34:23', '35.00', '2018-05-12 07:51:32', '2018-05-12 07:51:32', null);
INSERT INTO `arrange` VALUES ('1603', '70', '10', '2018-06-26', '14:46:23', '16:34:23', '35.00', '2018-05-12 07:51:32', '2018-05-12 07:51:32', null);
INSERT INTO `arrange` VALUES ('1604', '70', '14', '2018-06-26', '14:46:23', '16:34:23', '35.00', '2018-05-12 07:51:32', '2018-05-12 07:51:32', null);
INSERT INTO `arrange` VALUES ('1605', '70', '19', '2018-06-26', '14:46:23', '16:34:23', '35.00', '2018-05-12 07:51:32', '2018-05-12 07:51:32', null);
INSERT INTO `arrange` VALUES ('1606', '70', '9', '2018-06-27', '14:46:23', '16:34:23', '35.00', '2018-05-12 07:51:32', '2018-05-12 07:51:32', null);
INSERT INTO `arrange` VALUES ('1607', '70', '10', '2018-06-27', '14:46:23', '16:34:23', '35.00', '2018-05-12 07:51:32', '2018-05-12 07:51:32', null);
INSERT INTO `arrange` VALUES ('1608', '70', '14', '2018-06-27', '14:46:23', '16:34:23', '35.00', '2018-05-12 07:51:32', '2018-05-12 07:51:32', null);
INSERT INTO `arrange` VALUES ('1609', '70', '19', '2018-06-27', '14:46:23', '16:34:23', '35.00', '2018-05-12 07:51:32', '2018-05-12 07:51:32', null);
INSERT INTO `arrange` VALUES ('1610', '70', '9', '2018-06-28', '14:46:23', '16:34:23', '35.00', '2018-05-12 07:51:32', '2018-05-12 07:51:32', null);
INSERT INTO `arrange` VALUES ('1611', '70', '10', '2018-06-28', '14:46:23', '16:34:23', '35.00', '2018-05-12 07:51:32', '2018-05-12 07:51:32', null);
INSERT INTO `arrange` VALUES ('1612', '70', '14', '2018-06-28', '14:46:23', '16:34:23', '35.00', '2018-05-12 07:51:32', '2018-05-12 07:51:32', null);
INSERT INTO `arrange` VALUES ('1613', '70', '19', '2018-06-28', '14:46:23', '16:34:23', '35.00', '2018-05-12 07:51:32', '2018-05-12 07:51:32', null);
INSERT INTO `arrange` VALUES ('1614', '70', '9', '2018-06-29', '14:46:23', '16:34:23', '35.00', '2018-05-12 07:51:32', '2018-05-12 07:51:32', null);
INSERT INTO `arrange` VALUES ('1615', '70', '10', '2018-06-29', '14:46:23', '16:34:23', '35.00', '2018-05-12 07:51:32', '2018-05-12 07:51:32', null);
INSERT INTO `arrange` VALUES ('1616', '70', '14', '2018-06-29', '14:46:23', '16:34:23', '35.00', '2018-05-12 07:51:32', '2018-05-12 07:51:32', null);
INSERT INTO `arrange` VALUES ('1617', '70', '19', '2018-06-29', '14:46:23', '16:34:23', '35.00', '2018-05-12 07:51:32', '2018-05-12 07:51:32', null);
INSERT INTO `arrange` VALUES ('1618', '70', '9', '2018-06-30', '14:46:23', '16:34:23', '35.00', '2018-05-12 07:51:32', '2018-05-12 07:51:32', null);
INSERT INTO `arrange` VALUES ('1619', '70', '10', '2018-06-30', '14:46:23', '16:34:23', '35.00', '2018-05-12 07:51:32', '2018-05-12 07:51:32', null);
INSERT INTO `arrange` VALUES ('1620', '70', '14', '2018-06-30', '14:46:23', '16:34:23', '35.00', '2018-05-12 07:51:32', '2018-05-12 07:51:32', null);
INSERT INTO `arrange` VALUES ('1621', '70', '19', '2018-06-30', '14:46:23', '16:34:23', '35.00', '2018-05-12 07:51:32', '2018-05-12 07:51:32', null);
INSERT INTO `arrange` VALUES ('1622', '70', '9', '2018-07-01', '14:46:23', '16:34:23', '35.00', '2018-05-12 07:51:32', '2018-05-12 07:51:32', null);
INSERT INTO `arrange` VALUES ('1623', '70', '10', '2018-07-01', '14:46:23', '16:34:23', '35.00', '2018-05-12 07:51:32', '2018-05-12 07:51:32', null);
INSERT INTO `arrange` VALUES ('1624', '70', '14', '2018-07-01', '14:46:23', '16:34:23', '35.00', '2018-05-12 07:51:32', '2018-05-12 07:51:32', null);
INSERT INTO `arrange` VALUES ('1625', '70', '19', '2018-07-01', '14:46:23', '16:34:23', '35.00', '2018-05-12 07:51:32', '2018-05-12 07:51:32', null);
INSERT INTO `arrange` VALUES ('1626', '70', '9', '2018-07-02', '14:46:23', '16:34:23', '35.00', '2018-05-12 07:51:32', '2018-05-12 07:51:32', null);
INSERT INTO `arrange` VALUES ('1627', '70', '10', '2018-07-02', '14:46:23', '16:34:23', '35.00', '2018-05-12 07:51:32', '2018-05-12 07:51:32', null);
INSERT INTO `arrange` VALUES ('1628', '70', '14', '2018-07-02', '14:46:23', '16:34:23', '35.00', '2018-05-12 07:51:32', '2018-05-12 07:51:32', null);
INSERT INTO `arrange` VALUES ('1629', '70', '19', '2018-07-02', '14:46:23', '16:34:23', '35.00', '2018-05-12 07:51:32', '2018-05-12 07:51:32', null);
INSERT INTO `arrange` VALUES ('1630', '70', '9', '2018-07-03', '14:46:23', '16:34:23', '35.00', '2018-05-12 07:51:32', '2018-05-12 07:51:32', null);
INSERT INTO `arrange` VALUES ('1631', '70', '10', '2018-07-03', '14:46:23', '16:34:23', '35.00', '2018-05-12 07:51:32', '2018-05-12 07:51:32', null);
INSERT INTO `arrange` VALUES ('1632', '70', '14', '2018-07-03', '14:46:23', '16:34:23', '35.00', '2018-05-12 07:51:32', '2018-05-12 07:51:32', null);
INSERT INTO `arrange` VALUES ('1633', '70', '19', '2018-07-03', '14:46:23', '16:34:23', '35.00', '2018-05-12 07:51:32', '2018-05-12 07:51:32', null);
INSERT INTO `arrange` VALUES ('1634', '70', '9', '2018-07-04', '14:46:23', '16:34:23', '35.00', '2018-05-12 07:51:32', '2018-05-12 07:51:32', null);
INSERT INTO `arrange` VALUES ('1635', '70', '10', '2018-07-04', '14:46:23', '16:34:23', '35.00', '2018-05-12 07:51:32', '2018-05-12 07:51:32', null);
INSERT INTO `arrange` VALUES ('1636', '70', '14', '2018-07-04', '14:46:23', '16:34:23', '35.00', '2018-05-12 07:51:32', '2018-05-12 07:51:32', null);
INSERT INTO `arrange` VALUES ('1637', '70', '19', '2018-07-04', '14:46:23', '16:34:23', '35.00', '2018-05-12 07:51:32', '2018-05-12 07:51:32', null);
INSERT INTO `arrange` VALUES ('1638', '70', '9', '2018-07-05', '14:46:23', '16:34:23', '35.00', '2018-05-12 07:51:32', '2018-05-12 07:51:32', null);
INSERT INTO `arrange` VALUES ('1639', '70', '10', '2018-07-05', '14:46:23', '16:34:23', '35.00', '2018-05-12 07:51:32', '2018-05-12 07:51:32', null);
INSERT INTO `arrange` VALUES ('1640', '70', '14', '2018-07-05', '14:46:23', '16:34:23', '35.00', '2018-05-12 07:51:32', '2018-05-12 07:51:32', null);
INSERT INTO `arrange` VALUES ('1641', '70', '19', '2018-07-05', '14:46:23', '16:34:23', '35.00', '2018-05-12 07:51:32', '2018-05-12 07:51:32', null);
INSERT INTO `arrange` VALUES ('1642', '70', '9', '2018-07-06', '14:46:23', '16:34:23', '35.00', '2018-05-12 07:51:32', '2018-05-12 07:51:32', null);
INSERT INTO `arrange` VALUES ('1643', '70', '10', '2018-07-06', '14:46:23', '16:34:23', '35.00', '2018-05-12 07:51:32', '2018-05-12 07:51:32', null);
INSERT INTO `arrange` VALUES ('1644', '70', '14', '2018-07-06', '14:46:23', '16:34:23', '35.00', '2018-05-12 07:51:32', '2018-05-12 07:51:32', null);
INSERT INTO `arrange` VALUES ('1645', '70', '19', '2018-07-06', '14:46:23', '16:34:23', '35.00', '2018-05-12 07:51:32', '2018-05-12 07:51:32', null);
INSERT INTO `arrange` VALUES ('1646', '70', '9', '2018-07-07', '14:46:23', '16:34:23', '35.00', '2018-05-12 07:51:32', '2018-05-12 07:51:32', null);
INSERT INTO `arrange` VALUES ('1647', '70', '10', '2018-07-07', '14:46:23', '16:34:23', '35.00', '2018-05-12 07:51:32', '2018-05-12 07:51:32', null);
INSERT INTO `arrange` VALUES ('1648', '70', '14', '2018-07-07', '14:46:23', '16:34:23', '35.00', '2018-05-12 07:51:32', '2018-05-12 07:51:32', null);
INSERT INTO `arrange` VALUES ('1649', '70', '19', '2018-07-07', '14:46:23', '16:34:23', '35.00', '2018-05-12 07:51:32', '2018-05-12 07:51:32', null);
INSERT INTO `arrange` VALUES ('1650', '70', '9', '2018-07-08', '14:46:23', '16:34:23', '35.00', '2018-05-12 07:51:32', '2018-05-12 07:51:32', null);
INSERT INTO `arrange` VALUES ('1651', '70', '10', '2018-07-08', '14:46:23', '16:34:23', '35.00', '2018-05-12 07:51:32', '2018-05-12 07:51:32', null);
INSERT INTO `arrange` VALUES ('1652', '70', '14', '2018-07-08', '14:46:23', '16:34:23', '35.00', '2018-05-12 07:51:32', '2018-05-12 07:51:32', null);
INSERT INTO `arrange` VALUES ('1653', '70', '19', '2018-07-08', '14:46:23', '16:34:23', '35.00', '2018-05-12 07:51:32', '2018-05-12 07:51:32', null);
INSERT INTO `arrange` VALUES ('1654', '70', '9', '2018-07-09', '14:46:23', '16:34:23', '35.00', '2018-05-12 07:51:32', '2018-05-12 07:51:32', null);
INSERT INTO `arrange` VALUES ('1655', '70', '10', '2018-07-09', '14:46:23', '16:34:23', '35.00', '2018-05-12 07:51:32', '2018-05-12 07:51:32', null);
INSERT INTO `arrange` VALUES ('1656', '70', '14', '2018-07-09', '14:46:23', '16:34:23', '35.00', '2018-05-12 07:51:32', '2018-05-12 07:51:32', null);
INSERT INTO `arrange` VALUES ('1657', '70', '19', '2018-07-09', '14:46:23', '16:34:23', '35.00', '2018-05-12 07:51:32', '2018-05-12 07:51:32', null);
INSERT INTO `arrange` VALUES ('1658', '70', '9', '2018-07-10', '14:46:23', '16:34:23', '35.00', '2018-05-12 07:51:32', '2018-05-12 07:51:32', null);
INSERT INTO `arrange` VALUES ('1659', '70', '10', '2018-07-10', '14:46:23', '16:34:23', '35.00', '2018-05-12 07:51:32', '2018-05-12 07:51:32', null);
INSERT INTO `arrange` VALUES ('1660', '70', '14', '2018-07-10', '14:46:23', '16:34:23', '35.00', '2018-05-12 07:51:32', '2018-05-12 07:51:32', null);
INSERT INTO `arrange` VALUES ('1661', '70', '19', '2018-07-10', '14:46:23', '16:34:23', '35.00', '2018-05-12 07:51:32', '2018-05-12 07:51:32', null);
INSERT INTO `arrange` VALUES ('1662', '70', '9', '2018-07-11', '14:46:23', '16:34:23', '35.00', '2018-05-12 07:51:32', '2018-05-12 07:51:32', null);
INSERT INTO `arrange` VALUES ('1663', '70', '10', '2018-07-11', '14:46:23', '16:34:23', '35.00', '2018-05-12 07:51:32', '2018-05-12 07:51:32', null);
INSERT INTO `arrange` VALUES ('1664', '70', '14', '2018-07-11', '14:46:23', '16:34:23', '35.00', '2018-05-12 07:51:32', '2018-05-12 07:51:32', null);
INSERT INTO `arrange` VALUES ('1665', '70', '19', '2018-07-11', '14:46:23', '16:34:23', '35.00', '2018-05-12 07:51:32', '2018-05-12 07:51:32', null);
INSERT INTO `arrange` VALUES ('1666', '70', '9', '2018-07-12', '14:46:23', '16:34:23', '35.00', '2018-05-12 07:51:32', '2018-05-12 07:51:32', null);
INSERT INTO `arrange` VALUES ('1667', '70', '10', '2018-07-12', '14:46:23', '16:34:23', '35.00', '2018-05-12 07:51:32', '2018-05-12 07:51:32', null);
INSERT INTO `arrange` VALUES ('1668', '70', '14', '2018-07-12', '14:46:23', '16:34:23', '35.00', '2018-05-12 07:51:32', '2018-05-12 07:51:32', null);
INSERT INTO `arrange` VALUES ('1669', '70', '19', '2018-07-12', '14:46:23', '16:34:23', '35.00', '2018-05-12 07:51:32', '2018-05-12 07:51:32', null);
INSERT INTO `arrange` VALUES ('1670', '70', '9', '2018-07-13', '14:46:23', '16:34:23', '35.00', '2018-05-12 07:51:32', '2018-05-12 07:51:32', null);
INSERT INTO `arrange` VALUES ('1671', '70', '10', '2018-07-13', '14:46:23', '16:34:23', '35.00', '2018-05-12 07:51:32', '2018-05-12 07:51:32', null);
INSERT INTO `arrange` VALUES ('1672', '70', '14', '2018-07-13', '14:46:23', '16:34:23', '35.00', '2018-05-12 07:51:32', '2018-05-12 07:51:32', null);
INSERT INTO `arrange` VALUES ('1673', '70', '19', '2018-07-13', '14:46:23', '16:34:23', '35.00', '2018-05-12 07:51:32', '2018-05-12 07:51:32', null);
INSERT INTO `arrange` VALUES ('1674', '70', '9', '2018-07-14', '14:46:23', '16:34:23', '35.00', '2018-05-12 07:51:32', '2018-05-12 07:51:32', null);
INSERT INTO `arrange` VALUES ('1675', '70', '10', '2018-07-14', '14:46:23', '16:34:23', '35.00', '2018-05-12 07:51:32', '2018-05-12 07:51:32', null);
INSERT INTO `arrange` VALUES ('1676', '70', '14', '2018-07-14', '14:46:23', '16:34:23', '35.00', '2018-05-12 07:51:32', '2018-05-12 07:51:32', null);
INSERT INTO `arrange` VALUES ('1677', '70', '19', '2018-07-14', '14:46:23', '16:34:23', '35.00', '2018-05-12 07:51:32', '2018-05-12 07:51:32', null);
INSERT INTO `arrange` VALUES ('1678', '70', '9', '2018-07-15', '14:46:23', '16:34:23', '35.00', '2018-05-12 07:51:32', '2018-05-12 07:51:32', null);
INSERT INTO `arrange` VALUES ('1679', '70', '10', '2018-07-15', '14:46:23', '16:34:23', '35.00', '2018-05-12 07:51:32', '2018-05-12 07:51:32', null);
INSERT INTO `arrange` VALUES ('1680', '70', '14', '2018-07-15', '14:46:23', '16:34:23', '35.00', '2018-05-12 07:51:32', '2018-05-12 07:51:32', null);
INSERT INTO `arrange` VALUES ('1681', '70', '19', '2018-07-15', '14:46:23', '16:34:23', '35.00', '2018-05-12 07:51:32', '2018-05-12 07:51:32', null);
INSERT INTO `arrange` VALUES ('1682', '70', '9', '2018-07-16', '14:46:23', '16:34:23', '35.00', '2018-05-12 07:51:32', '2018-05-12 07:51:32', null);
INSERT INTO `arrange` VALUES ('1683', '70', '10', '2018-07-16', '14:46:23', '16:34:23', '35.00', '2018-05-12 07:51:32', '2018-05-12 07:51:32', null);
INSERT INTO `arrange` VALUES ('1684', '70', '14', '2018-07-16', '14:46:23', '16:34:23', '35.00', '2018-05-12 07:51:32', '2018-05-12 07:51:32', null);
INSERT INTO `arrange` VALUES ('1685', '70', '19', '2018-07-16', '14:46:23', '16:34:23', '35.00', '2018-05-12 07:51:32', '2018-05-12 07:51:32', null);
INSERT INTO `arrange` VALUES ('1686', '70', '9', '2018-07-17', '14:46:23', '16:34:23', '35.00', '2018-05-12 07:51:32', '2018-05-12 07:51:32', null);
INSERT INTO `arrange` VALUES ('1687', '70', '10', '2018-07-17', '14:46:23', '16:34:23', '35.00', '2018-05-12 07:51:32', '2018-05-12 07:51:32', null);
INSERT INTO `arrange` VALUES ('1688', '70', '14', '2018-07-17', '14:46:23', '16:34:23', '35.00', '2018-05-12 07:51:32', '2018-05-12 07:51:32', null);
INSERT INTO `arrange` VALUES ('1689', '70', '19', '2018-07-17', '14:46:23', '16:34:23', '35.00', '2018-05-12 07:51:32', '2018-05-12 07:51:32', null);
INSERT INTO `arrange` VALUES ('1690', '70', '9', '2018-07-18', '14:46:23', '16:34:23', '35.00', '2018-05-12 07:51:32', '2018-05-12 07:51:32', null);
INSERT INTO `arrange` VALUES ('1691', '70', '10', '2018-07-18', '14:46:23', '16:34:23', '35.00', '2018-05-12 07:51:32', '2018-05-12 07:51:32', null);
INSERT INTO `arrange` VALUES ('1692', '70', '14', '2018-07-18', '14:46:23', '16:34:23', '35.00', '2018-05-12 07:51:32', '2018-05-12 07:51:32', null);
INSERT INTO `arrange` VALUES ('1693', '70', '19', '2018-07-18', '14:46:23', '16:34:23', '35.00', '2018-05-12 07:51:32', '2018-05-12 07:51:32', null);
INSERT INTO `arrange` VALUES ('1694', '70', '9', '2018-07-19', '14:46:23', '16:34:23', '35.00', '2018-05-12 07:51:32', '2018-05-12 07:51:32', null);
INSERT INTO `arrange` VALUES ('1695', '70', '10', '2018-07-19', '14:46:23', '16:34:23', '35.00', '2018-05-12 07:51:32', '2018-05-12 07:51:32', null);
INSERT INTO `arrange` VALUES ('1696', '70', '14', '2018-07-19', '14:46:23', '16:34:23', '35.00', '2018-05-12 07:51:32', '2018-05-12 07:51:32', null);
INSERT INTO `arrange` VALUES ('1697', '70', '19', '2018-07-19', '14:46:23', '16:34:23', '35.00', '2018-05-12 07:51:32', '2018-05-12 07:51:32', null);
INSERT INTO `arrange` VALUES ('1698', '70', '9', '2018-04-04', '09:46:23', '11:34:23', '35.00', '2018-05-12 07:52:08', '2018-05-12 07:52:08', null);
INSERT INTO `arrange` VALUES ('1699', '70', '10', '2018-04-04', '09:46:23', '11:34:23', '35.00', '2018-05-12 07:52:08', '2018-05-12 07:52:08', null);
INSERT INTO `arrange` VALUES ('1700', '70', '14', '2018-04-04', '09:46:23', '11:34:23', '35.00', '2018-05-12 07:52:08', '2018-05-12 07:52:08', null);
INSERT INTO `arrange` VALUES ('1701', '70', '19', '2018-04-04', '09:46:23', '11:34:23', '35.00', '2018-05-12 07:52:08', '2018-05-12 07:52:08', null);
INSERT INTO `arrange` VALUES ('1702', '70', '9', '2018-04-05', '09:46:23', '11:34:23', '35.00', '2018-05-12 07:52:08', '2018-05-12 07:52:08', null);
INSERT INTO `arrange` VALUES ('1703', '70', '10', '2018-04-05', '09:46:23', '11:34:23', '35.00', '2018-05-12 07:52:08', '2018-05-12 07:52:08', null);
INSERT INTO `arrange` VALUES ('1704', '70', '14', '2018-04-05', '09:46:23', '11:34:23', '35.00', '2018-05-12 07:52:08', '2018-05-12 07:52:08', null);
INSERT INTO `arrange` VALUES ('1705', '70', '19', '2018-04-05', '09:46:23', '11:34:23', '35.00', '2018-05-12 07:52:08', '2018-05-12 07:52:08', null);
INSERT INTO `arrange` VALUES ('1706', '70', '9', '2018-04-06', '09:46:23', '11:34:23', '35.00', '2018-05-12 07:52:08', '2018-05-12 07:52:08', null);
INSERT INTO `arrange` VALUES ('1707', '70', '10', '2018-04-06', '09:46:23', '11:34:23', '35.00', '2018-05-12 07:52:08', '2018-05-12 07:52:08', null);
INSERT INTO `arrange` VALUES ('1708', '70', '14', '2018-04-06', '09:46:23', '11:34:23', '35.00', '2018-05-12 07:52:08', '2018-05-12 07:52:08', null);
INSERT INTO `arrange` VALUES ('1709', '70', '19', '2018-04-06', '09:46:23', '11:34:23', '35.00', '2018-05-12 07:52:08', '2018-05-12 07:52:08', null);
INSERT INTO `arrange` VALUES ('1710', '70', '9', '2018-04-07', '09:46:23', '11:34:23', '35.00', '2018-05-12 07:52:08', '2018-05-12 07:52:08', null);
INSERT INTO `arrange` VALUES ('1711', '70', '10', '2018-04-07', '09:46:23', '11:34:23', '35.00', '2018-05-12 07:52:08', '2018-05-12 07:52:08', null);
INSERT INTO `arrange` VALUES ('1712', '70', '14', '2018-04-07', '09:46:23', '11:34:23', '35.00', '2018-05-12 07:52:08', '2018-05-12 07:52:08', null);
INSERT INTO `arrange` VALUES ('1713', '70', '19', '2018-04-07', '09:46:23', '11:34:23', '35.00', '2018-05-12 07:52:08', '2018-05-12 07:52:08', null);
INSERT INTO `arrange` VALUES ('1714', '70', '9', '2018-04-08', '09:46:23', '11:34:23', '35.00', '2018-05-12 07:52:08', '2018-05-12 07:52:08', null);
INSERT INTO `arrange` VALUES ('1715', '70', '10', '2018-04-08', '09:46:23', '11:34:23', '35.00', '2018-05-12 07:52:08', '2018-05-12 07:52:08', null);
INSERT INTO `arrange` VALUES ('1716', '70', '14', '2018-04-08', '09:46:23', '11:34:23', '35.00', '2018-05-12 07:52:08', '2018-05-12 07:52:08', null);
INSERT INTO `arrange` VALUES ('1717', '70', '19', '2018-04-08', '09:46:23', '11:34:23', '35.00', '2018-05-12 07:52:08', '2018-05-12 07:52:08', null);
INSERT INTO `arrange` VALUES ('1718', '70', '9', '2018-04-09', '09:46:23', '11:34:23', '35.00', '2018-05-12 07:52:08', '2018-05-12 07:52:08', null);
INSERT INTO `arrange` VALUES ('1719', '70', '10', '2018-04-09', '09:46:23', '11:34:23', '35.00', '2018-05-12 07:52:08', '2018-05-12 07:52:08', null);
INSERT INTO `arrange` VALUES ('1720', '70', '14', '2018-04-09', '09:46:23', '11:34:23', '35.00', '2018-05-12 07:52:08', '2018-05-12 07:52:08', null);
INSERT INTO `arrange` VALUES ('1721', '70', '19', '2018-04-09', '09:46:23', '11:34:23', '35.00', '2018-05-12 07:52:08', '2018-05-12 07:52:08', null);
INSERT INTO `arrange` VALUES ('1722', '70', '9', '2018-04-10', '09:46:23', '11:34:23', '35.00', '2018-05-12 07:52:08', '2018-05-12 07:52:08', null);
INSERT INTO `arrange` VALUES ('1723', '70', '10', '2018-04-10', '09:46:23', '11:34:23', '35.00', '2018-05-12 07:52:08', '2018-05-12 07:52:08', null);
INSERT INTO `arrange` VALUES ('1724', '70', '14', '2018-04-10', '09:46:23', '11:34:23', '35.00', '2018-05-12 07:52:08', '2018-05-12 07:52:08', null);
INSERT INTO `arrange` VALUES ('1725', '70', '19', '2018-04-10', '09:46:23', '11:34:23', '35.00', '2018-05-12 07:52:08', '2018-05-12 07:52:08', null);
INSERT INTO `arrange` VALUES ('1726', '70', '9', '2018-04-11', '09:46:23', '11:34:23', '35.00', '2018-05-12 07:52:08', '2018-05-12 07:52:08', null);
INSERT INTO `arrange` VALUES ('1727', '70', '10', '2018-04-11', '09:46:23', '11:34:23', '35.00', '2018-05-12 07:52:08', '2018-05-12 07:52:08', null);
INSERT INTO `arrange` VALUES ('1728', '70', '14', '2018-04-11', '09:46:23', '11:34:23', '35.00', '2018-05-12 07:52:08', '2018-05-12 07:52:08', null);
INSERT INTO `arrange` VALUES ('1729', '70', '19', '2018-04-11', '09:46:23', '11:34:23', '35.00', '2018-05-12 07:52:08', '2018-05-12 07:52:08', null);
INSERT INTO `arrange` VALUES ('1730', '70', '9', '2018-04-12', '09:46:23', '11:34:23', '35.00', '2018-05-12 07:52:08', '2018-05-12 07:52:08', null);
INSERT INTO `arrange` VALUES ('1731', '70', '10', '2018-04-12', '09:46:23', '11:34:23', '35.00', '2018-05-12 07:52:08', '2018-05-12 07:52:08', null);
INSERT INTO `arrange` VALUES ('1732', '70', '14', '2018-04-12', '09:46:23', '11:34:23', '35.00', '2018-05-12 07:52:08', '2018-05-12 07:52:08', null);
INSERT INTO `arrange` VALUES ('1733', '70', '19', '2018-04-12', '09:46:23', '11:34:23', '35.00', '2018-05-12 07:52:08', '2018-05-12 07:52:08', null);
INSERT INTO `arrange` VALUES ('1734', '70', '9', '2018-04-13', '09:46:23', '11:34:23', '35.00', '2018-05-12 07:52:08', '2018-05-12 07:52:08', null);
INSERT INTO `arrange` VALUES ('1735', '70', '10', '2018-04-13', '09:46:23', '11:34:23', '35.00', '2018-05-12 07:52:08', '2018-05-12 07:52:08', null);
INSERT INTO `arrange` VALUES ('1736', '70', '14', '2018-04-13', '09:46:23', '11:34:23', '35.00', '2018-05-12 07:52:08', '2018-05-12 07:52:08', null);
INSERT INTO `arrange` VALUES ('1737', '70', '19', '2018-04-13', '09:46:23', '11:34:23', '35.00', '2018-05-12 07:52:08', '2018-05-12 07:52:08', null);
INSERT INTO `arrange` VALUES ('1738', '70', '9', '2018-04-14', '09:46:23', '11:34:23', '35.00', '2018-05-12 07:52:08', '2018-05-12 07:52:08', null);
INSERT INTO `arrange` VALUES ('1739', '70', '10', '2018-04-14', '09:46:23', '11:34:23', '35.00', '2018-05-12 07:52:08', '2018-05-12 07:52:08', null);
INSERT INTO `arrange` VALUES ('1740', '70', '14', '2018-04-14', '09:46:23', '11:34:23', '35.00', '2018-05-12 07:52:08', '2018-05-12 07:52:08', null);
INSERT INTO `arrange` VALUES ('1741', '70', '19', '2018-04-14', '09:46:23', '11:34:23', '35.00', '2018-05-12 07:52:08', '2018-05-12 07:52:08', null);
INSERT INTO `arrange` VALUES ('1742', '70', '9', '2018-04-15', '09:46:23', '11:34:23', '35.00', '2018-05-12 07:52:08', '2018-05-12 07:52:08', null);
INSERT INTO `arrange` VALUES ('1743', '70', '10', '2018-04-15', '09:46:23', '11:34:23', '35.00', '2018-05-12 07:52:08', '2018-05-12 07:52:08', null);
INSERT INTO `arrange` VALUES ('1744', '70', '14', '2018-04-15', '09:46:23', '11:34:23', '35.00', '2018-05-12 07:52:08', '2018-05-12 07:52:08', null);
INSERT INTO `arrange` VALUES ('1745', '70', '19', '2018-04-15', '09:46:23', '11:34:23', '35.00', '2018-05-12 07:52:08', '2018-05-12 07:52:08', null);
INSERT INTO `arrange` VALUES ('1746', '70', '9', '2018-04-16', '09:46:23', '11:34:23', '35.00', '2018-05-12 07:52:08', '2018-05-12 07:52:08', null);
INSERT INTO `arrange` VALUES ('1747', '70', '10', '2018-04-16', '09:46:23', '11:34:23', '35.00', '2018-05-12 07:52:08', '2018-05-12 07:52:08', null);
INSERT INTO `arrange` VALUES ('1748', '70', '14', '2018-04-16', '09:46:23', '11:34:23', '35.00', '2018-05-12 07:52:08', '2018-05-12 07:52:08', null);
INSERT INTO `arrange` VALUES ('1749', '70', '19', '2018-04-16', '09:46:23', '11:34:23', '35.00', '2018-05-12 07:52:08', '2018-05-12 07:52:08', null);
INSERT INTO `arrange` VALUES ('1750', '70', '9', '2018-04-17', '09:46:23', '11:34:23', '35.00', '2018-05-12 07:52:08', '2018-05-12 07:52:08', null);
INSERT INTO `arrange` VALUES ('1751', '70', '10', '2018-04-17', '09:46:23', '11:34:23', '35.00', '2018-05-12 07:52:08', '2018-05-12 07:52:08', null);
INSERT INTO `arrange` VALUES ('1752', '70', '14', '2018-04-17', '09:46:23', '11:34:23', '35.00', '2018-05-12 07:52:08', '2018-05-12 07:52:08', null);
INSERT INTO `arrange` VALUES ('1753', '70', '19', '2018-04-17', '09:46:23', '11:34:23', '35.00', '2018-05-12 07:52:08', '2018-05-12 07:52:08', null);
INSERT INTO `arrange` VALUES ('1754', '70', '9', '2018-04-18', '09:46:23', '11:34:23', '35.00', '2018-05-12 07:52:08', '2018-05-12 07:52:08', null);
INSERT INTO `arrange` VALUES ('1755', '70', '10', '2018-04-18', '09:46:23', '11:34:23', '35.00', '2018-05-12 07:52:08', '2018-05-12 07:52:08', null);
INSERT INTO `arrange` VALUES ('1756', '70', '14', '2018-04-18', '09:46:23', '11:34:23', '35.00', '2018-05-12 07:52:08', '2018-05-12 07:52:08', null);
INSERT INTO `arrange` VALUES ('1757', '70', '19', '2018-04-18', '09:46:23', '11:34:23', '35.00', '2018-05-12 07:52:08', '2018-05-12 07:52:08', null);
INSERT INTO `arrange` VALUES ('1758', '70', '9', '2018-04-19', '09:46:23', '11:34:23', '35.00', '2018-05-12 07:52:08', '2018-05-12 07:52:08', null);
INSERT INTO `arrange` VALUES ('1759', '70', '10', '2018-04-19', '09:46:23', '11:34:23', '35.00', '2018-05-12 07:52:08', '2018-05-12 07:52:08', null);
INSERT INTO `arrange` VALUES ('1760', '70', '14', '2018-04-19', '09:46:23', '11:34:23', '35.00', '2018-05-12 07:52:08', '2018-05-12 07:52:08', null);
INSERT INTO `arrange` VALUES ('1761', '70', '19', '2018-04-19', '09:46:23', '11:34:23', '35.00', '2018-05-12 07:52:08', '2018-05-12 07:52:08', null);
INSERT INTO `arrange` VALUES ('1762', '70', '9', '2018-04-20', '09:46:23', '11:34:23', '35.00', '2018-05-12 07:52:08', '2018-05-12 07:52:08', null);
INSERT INTO `arrange` VALUES ('1763', '70', '10', '2018-04-20', '09:46:23', '11:34:23', '35.00', '2018-05-12 07:52:08', '2018-05-12 07:52:08', null);
INSERT INTO `arrange` VALUES ('1764', '70', '14', '2018-04-20', '09:46:23', '11:34:23', '35.00', '2018-05-12 07:52:08', '2018-05-12 07:52:08', null);
INSERT INTO `arrange` VALUES ('1765', '70', '19', '2018-04-20', '09:46:23', '11:34:23', '35.00', '2018-05-12 07:52:08', '2018-05-12 07:52:08', null);
INSERT INTO `arrange` VALUES ('1766', '70', '9', '2018-04-21', '09:46:23', '11:34:23', '35.00', '2018-05-12 07:52:08', '2018-05-12 07:52:08', null);
INSERT INTO `arrange` VALUES ('1767', '70', '10', '2018-04-21', '09:46:23', '11:34:23', '35.00', '2018-05-12 07:52:08', '2018-05-12 07:52:08', null);
INSERT INTO `arrange` VALUES ('1768', '70', '14', '2018-04-21', '09:46:23', '11:34:23', '35.00', '2018-05-12 07:52:08', '2018-05-12 07:52:08', null);
INSERT INTO `arrange` VALUES ('1769', '70', '19', '2018-04-21', '09:46:23', '11:34:23', '35.00', '2018-05-12 07:52:08', '2018-05-12 07:52:08', null);
INSERT INTO `arrange` VALUES ('1770', '70', '9', '2018-04-22', '09:46:23', '11:34:23', '35.00', '2018-05-12 07:52:08', '2018-05-12 07:52:08', null);
INSERT INTO `arrange` VALUES ('1771', '70', '10', '2018-04-22', '09:46:23', '11:34:23', '35.00', '2018-05-12 07:52:08', '2018-05-12 07:52:08', null);
INSERT INTO `arrange` VALUES ('1772', '70', '14', '2018-04-22', '09:46:23', '11:34:23', '35.00', '2018-05-12 07:52:08', '2018-05-12 07:52:08', null);
INSERT INTO `arrange` VALUES ('1773', '70', '19', '2018-04-22', '09:46:23', '11:34:23', '35.00', '2018-05-12 07:52:08', '2018-05-12 07:52:08', null);
INSERT INTO `arrange` VALUES ('1774', '70', '9', '2018-04-23', '09:46:23', '11:34:23', '35.00', '2018-05-12 07:52:08', '2018-05-12 07:52:08', null);
INSERT INTO `arrange` VALUES ('1775', '70', '10', '2018-04-23', '09:46:23', '11:34:23', '35.00', '2018-05-12 07:52:08', '2018-05-12 07:52:08', null);
INSERT INTO `arrange` VALUES ('1776', '70', '14', '2018-04-23', '09:46:23', '11:34:23', '35.00', '2018-05-12 07:52:08', '2018-05-12 07:52:08', null);
INSERT INTO `arrange` VALUES ('1777', '70', '19', '2018-04-23', '09:46:23', '11:34:23', '35.00', '2018-05-12 07:52:08', '2018-05-12 07:52:08', null);
INSERT INTO `arrange` VALUES ('1778', '70', '9', '2018-04-24', '09:46:23', '11:34:23', '35.00', '2018-05-12 07:52:08', '2018-05-12 07:52:08', null);
INSERT INTO `arrange` VALUES ('1779', '70', '10', '2018-04-24', '09:46:23', '11:34:23', '35.00', '2018-05-12 07:52:08', '2018-05-12 07:52:08', null);
INSERT INTO `arrange` VALUES ('1780', '70', '14', '2018-04-24', '09:46:23', '11:34:23', '35.00', '2018-05-12 07:52:08', '2018-05-12 07:52:08', null);
INSERT INTO `arrange` VALUES ('1781', '70', '19', '2018-04-24', '09:46:23', '11:34:23', '35.00', '2018-05-12 07:52:08', '2018-05-12 07:52:08', null);
INSERT INTO `arrange` VALUES ('1782', '70', '9', '2018-04-25', '09:46:23', '11:34:23', '35.00', '2018-05-12 07:52:08', '2018-05-12 07:52:08', null);
INSERT INTO `arrange` VALUES ('1783', '70', '10', '2018-04-25', '09:46:23', '11:34:23', '35.00', '2018-05-12 07:52:08', '2018-05-12 07:52:08', null);
INSERT INTO `arrange` VALUES ('1784', '70', '14', '2018-04-25', '09:46:23', '11:34:23', '35.00', '2018-05-12 07:52:08', '2018-05-12 07:52:08', null);
INSERT INTO `arrange` VALUES ('1785', '70', '19', '2018-04-25', '09:46:23', '11:34:23', '35.00', '2018-05-12 07:52:08', '2018-05-12 07:52:08', null);
INSERT INTO `arrange` VALUES ('1786', '70', '9', '2018-04-26', '09:46:23', '11:34:23', '35.00', '2018-05-12 07:52:08', '2018-05-12 07:52:08', null);
INSERT INTO `arrange` VALUES ('1787', '70', '10', '2018-04-26', '09:46:23', '11:34:23', '35.00', '2018-05-12 07:52:08', '2018-05-12 07:52:08', null);
INSERT INTO `arrange` VALUES ('1788', '70', '14', '2018-04-26', '09:46:23', '11:34:23', '35.00', '2018-05-12 07:52:08', '2018-05-12 07:52:08', null);
INSERT INTO `arrange` VALUES ('1789', '70', '19', '2018-04-26', '09:46:23', '11:34:23', '35.00', '2018-05-12 07:52:08', '2018-05-12 07:52:08', null);
INSERT INTO `arrange` VALUES ('1790', '70', '9', '2018-04-27', '09:46:23', '11:34:23', '35.00', '2018-05-12 07:52:08', '2018-05-12 07:52:08', null);
INSERT INTO `arrange` VALUES ('1791', '70', '10', '2018-04-27', '09:46:23', '11:34:23', '35.00', '2018-05-12 07:52:08', '2018-05-12 07:52:08', null);
INSERT INTO `arrange` VALUES ('1792', '70', '14', '2018-04-27', '09:46:23', '11:34:23', '35.00', '2018-05-12 07:52:08', '2018-05-12 07:52:08', null);
INSERT INTO `arrange` VALUES ('1793', '70', '19', '2018-04-27', '09:46:23', '11:34:23', '35.00', '2018-05-12 07:52:08', '2018-05-12 07:52:08', null);
INSERT INTO `arrange` VALUES ('1794', '70', '9', '2018-04-28', '09:46:23', '11:34:23', '35.00', '2018-05-12 07:52:08', '2018-05-12 07:52:08', null);
INSERT INTO `arrange` VALUES ('1795', '70', '10', '2018-04-28', '09:46:23', '11:34:23', '35.00', '2018-05-12 07:52:08', '2018-05-12 07:52:08', null);
INSERT INTO `arrange` VALUES ('1796', '70', '14', '2018-04-28', '09:46:23', '11:34:23', '35.00', '2018-05-12 07:52:08', '2018-05-12 07:52:08', null);
INSERT INTO `arrange` VALUES ('1797', '70', '19', '2018-04-28', '09:46:23', '11:34:23', '35.00', '2018-05-12 07:52:08', '2018-05-12 07:52:08', null);
INSERT INTO `arrange` VALUES ('1798', '70', '9', '2018-04-29', '09:46:23', '11:34:23', '35.00', '2018-05-12 07:52:08', '2018-05-12 07:52:08', null);
INSERT INTO `arrange` VALUES ('1799', '70', '10', '2018-04-29', '09:46:23', '11:34:23', '35.00', '2018-05-12 07:52:08', '2018-05-12 07:52:08', null);
INSERT INTO `arrange` VALUES ('1800', '70', '14', '2018-04-29', '09:46:23', '11:34:23', '35.00', '2018-05-12 07:52:08', '2018-05-12 07:52:08', null);
INSERT INTO `arrange` VALUES ('1801', '70', '19', '2018-04-29', '09:46:23', '11:34:23', '35.00', '2018-05-12 07:52:08', '2018-05-12 07:52:08', null);
INSERT INTO `arrange` VALUES ('1802', '70', '9', '2018-04-30', '09:46:23', '11:34:23', '35.00', '2018-05-12 07:52:08', '2018-05-12 07:52:08', null);
INSERT INTO `arrange` VALUES ('1803', '70', '10', '2018-04-30', '09:46:23', '11:34:23', '35.00', '2018-05-12 07:52:08', '2018-05-12 07:52:08', null);
INSERT INTO `arrange` VALUES ('1804', '70', '14', '2018-04-30', '09:46:23', '11:34:23', '35.00', '2018-05-12 07:52:08', '2018-05-12 07:52:08', null);
INSERT INTO `arrange` VALUES ('1805', '70', '19', '2018-04-30', '09:46:23', '11:34:23', '35.00', '2018-05-12 07:52:08', '2018-05-12 07:52:08', null);
INSERT INTO `arrange` VALUES ('1806', '70', '9', '2018-05-01', '09:46:23', '11:34:23', '35.00', '2018-05-12 07:52:08', '2018-05-12 07:52:08', null);
INSERT INTO `arrange` VALUES ('1807', '70', '10', '2018-05-01', '09:46:23', '11:34:23', '35.00', '2018-05-12 07:52:08', '2018-05-12 07:52:08', null);
INSERT INTO `arrange` VALUES ('1808', '70', '14', '2018-05-01', '09:46:23', '11:34:23', '35.00', '2018-05-12 07:52:08', '2018-05-12 07:52:08', null);
INSERT INTO `arrange` VALUES ('1809', '70', '19', '2018-05-01', '09:46:23', '11:34:23', '35.00', '2018-05-12 07:52:08', '2018-05-12 07:52:08', null);
INSERT INTO `arrange` VALUES ('1810', '70', '9', '2018-05-02', '09:46:23', '11:34:23', '35.00', '2018-05-12 07:52:08', '2018-05-12 07:52:08', null);
INSERT INTO `arrange` VALUES ('1811', '70', '10', '2018-05-02', '09:46:23', '11:34:23', '35.00', '2018-05-12 07:52:08', '2018-05-12 07:52:08', null);
INSERT INTO `arrange` VALUES ('1812', '70', '14', '2018-05-02', '09:46:23', '11:34:23', '35.00', '2018-05-12 07:52:08', '2018-05-12 07:52:08', null);
INSERT INTO `arrange` VALUES ('1813', '70', '19', '2018-05-02', '09:46:23', '11:34:23', '35.00', '2018-05-12 07:52:08', '2018-05-12 07:52:08', null);
INSERT INTO `arrange` VALUES ('1814', '70', '9', '2018-05-03', '09:46:23', '11:34:23', '35.00', '2018-05-12 07:52:08', '2018-05-12 07:52:08', null);
INSERT INTO `arrange` VALUES ('1815', '70', '10', '2018-05-03', '09:46:23', '11:34:23', '35.00', '2018-05-12 07:52:08', '2018-05-12 07:52:08', null);
INSERT INTO `arrange` VALUES ('1816', '70', '14', '2018-05-03', '09:46:23', '11:34:23', '35.00', '2018-05-12 07:52:08', '2018-05-12 07:52:08', null);
INSERT INTO `arrange` VALUES ('1817', '70', '19', '2018-05-03', '09:46:23', '11:34:23', '35.00', '2018-05-12 07:52:08', '2018-05-12 07:52:08', null);
INSERT INTO `arrange` VALUES ('1818', '70', '9', '2018-05-04', '09:46:23', '11:34:23', '35.00', '2018-05-12 07:52:08', '2018-05-12 07:52:08', null);
INSERT INTO `arrange` VALUES ('1819', '70', '10', '2018-05-04', '09:46:23', '11:34:23', '35.00', '2018-05-12 07:52:08', '2018-05-12 07:52:08', null);
INSERT INTO `arrange` VALUES ('1820', '70', '14', '2018-05-04', '09:46:23', '11:34:23', '35.00', '2018-05-12 07:52:08', '2018-05-12 07:52:08', null);
INSERT INTO `arrange` VALUES ('1821', '70', '19', '2018-05-04', '09:46:23', '11:34:23', '35.00', '2018-05-12 07:52:08', '2018-05-12 07:52:08', null);
INSERT INTO `arrange` VALUES ('1822', '70', '9', '2018-05-05', '09:46:23', '11:34:23', '35.00', '2018-05-12 07:52:08', '2018-05-12 07:52:08', null);
INSERT INTO `arrange` VALUES ('1823', '70', '10', '2018-05-05', '09:46:23', '11:34:23', '35.00', '2018-05-12 07:52:08', '2018-05-12 07:52:08', null);
INSERT INTO `arrange` VALUES ('1824', '70', '14', '2018-05-05', '09:46:23', '11:34:23', '35.00', '2018-05-12 07:52:08', '2018-05-12 07:52:08', null);
INSERT INTO `arrange` VALUES ('1825', '70', '19', '2018-05-05', '09:46:23', '11:34:23', '35.00', '2018-05-12 07:52:08', '2018-05-12 07:52:08', null);
INSERT INTO `arrange` VALUES ('1826', '70', '9', '2018-05-06', '09:46:23', '11:34:23', '35.00', '2018-05-12 07:52:08', '2018-05-12 07:52:08', null);
INSERT INTO `arrange` VALUES ('1827', '70', '10', '2018-05-06', '09:46:23', '11:34:23', '35.00', '2018-05-12 07:52:08', '2018-05-12 07:52:08', null);
INSERT INTO `arrange` VALUES ('1828', '70', '14', '2018-05-06', '09:46:23', '11:34:23', '35.00', '2018-05-12 07:52:08', '2018-05-12 07:52:08', null);
INSERT INTO `arrange` VALUES ('1829', '70', '19', '2018-05-06', '09:46:23', '11:34:23', '35.00', '2018-05-12 07:52:08', '2018-05-12 07:52:08', null);
INSERT INTO `arrange` VALUES ('1830', '70', '9', '2018-05-07', '09:46:23', '11:34:23', '35.00', '2018-05-12 07:52:08', '2018-05-12 07:52:08', null);
INSERT INTO `arrange` VALUES ('1831', '70', '10', '2018-05-07', '09:46:23', '11:34:23', '35.00', '2018-05-12 07:52:08', '2018-05-12 07:52:08', null);
INSERT INTO `arrange` VALUES ('1832', '70', '14', '2018-05-07', '09:46:23', '11:34:23', '35.00', '2018-05-12 07:52:08', '2018-05-12 07:52:08', null);
INSERT INTO `arrange` VALUES ('1833', '70', '19', '2018-05-07', '09:46:23', '11:34:23', '35.00', '2018-05-12 07:52:08', '2018-05-12 07:52:08', null);
INSERT INTO `arrange` VALUES ('1834', '70', '9', '2018-05-08', '09:46:23', '11:34:23', '35.00', '2018-05-12 07:52:08', '2018-05-12 07:52:08', null);
INSERT INTO `arrange` VALUES ('1835', '70', '10', '2018-05-08', '09:46:23', '11:34:23', '35.00', '2018-05-12 07:52:08', '2018-05-12 07:52:08', null);
INSERT INTO `arrange` VALUES ('1836', '70', '14', '2018-05-08', '09:46:23', '11:34:23', '35.00', '2018-05-12 07:52:08', '2018-05-12 07:52:08', null);
INSERT INTO `arrange` VALUES ('1837', '70', '19', '2018-05-08', '09:46:23', '11:34:23', '35.00', '2018-05-12 07:52:08', '2018-05-12 07:52:08', null);
INSERT INTO `arrange` VALUES ('1838', '70', '9', '2018-05-09', '09:46:23', '11:34:23', '35.00', '2018-05-12 07:52:08', '2018-05-12 07:52:08', null);
INSERT INTO `arrange` VALUES ('1839', '70', '10', '2018-05-09', '09:46:23', '11:34:23', '35.00', '2018-05-12 07:52:08', '2018-05-12 07:52:08', null);
INSERT INTO `arrange` VALUES ('1840', '70', '14', '2018-05-09', '09:46:23', '11:34:23', '35.00', '2018-05-12 07:52:08', '2018-05-12 07:52:08', null);
INSERT INTO `arrange` VALUES ('1841', '70', '19', '2018-05-09', '09:46:23', '11:34:23', '35.00', '2018-05-12 07:52:08', '2018-05-12 07:52:08', null);
INSERT INTO `arrange` VALUES ('1842', '70', '9', '2018-05-10', '09:46:23', '11:34:23', '35.00', '2018-05-12 07:52:08', '2018-05-12 07:52:08', null);
INSERT INTO `arrange` VALUES ('1843', '70', '10', '2018-05-10', '09:46:23', '11:34:23', '35.00', '2018-05-12 07:52:08', '2018-05-12 07:52:08', null);
INSERT INTO `arrange` VALUES ('1844', '70', '14', '2018-05-10', '09:46:23', '11:34:23', '35.00', '2018-05-12 07:52:08', '2018-05-12 07:52:08', null);
INSERT INTO `arrange` VALUES ('1845', '70', '19', '2018-05-10', '09:46:23', '11:34:23', '35.00', '2018-05-12 07:52:08', '2018-05-12 07:52:08', null);
INSERT INTO `arrange` VALUES ('1846', '70', '9', '2018-05-11', '09:46:23', '11:34:23', '35.00', '2018-05-12 07:52:08', '2018-05-12 07:52:08', null);
INSERT INTO `arrange` VALUES ('1847', '70', '10', '2018-05-11', '09:46:23', '11:34:23', '35.00', '2018-05-12 07:52:08', '2018-05-12 07:52:08', null);
INSERT INTO `arrange` VALUES ('1848', '70', '14', '2018-05-11', '09:46:23', '11:34:23', '35.00', '2018-05-12 07:52:08', '2018-05-12 07:52:08', null);
INSERT INTO `arrange` VALUES ('1849', '70', '19', '2018-05-11', '09:46:23', '11:34:23', '35.00', '2018-05-12 07:52:08', '2018-05-12 07:52:08', null);
INSERT INTO `arrange` VALUES ('1850', '70', '9', '2018-05-12', '09:46:23', '11:34:23', '35.00', '2018-05-12 07:52:08', '2018-05-12 07:52:08', null);
INSERT INTO `arrange` VALUES ('1851', '70', '10', '2018-05-12', '09:46:23', '11:34:23', '35.00', '2018-05-12 07:52:08', '2018-05-12 07:52:08', null);
INSERT INTO `arrange` VALUES ('1852', '70', '14', '2018-05-12', '09:46:23', '11:34:23', '35.00', '2018-05-12 07:52:08', '2018-05-12 07:52:08', null);
INSERT INTO `arrange` VALUES ('1853', '70', '19', '2018-05-12', '09:46:23', '11:34:23', '35.00', '2018-05-12 07:52:08', '2018-05-12 07:52:08', null);
INSERT INTO `arrange` VALUES ('1854', '70', '9', '2018-05-13', '09:46:23', '11:34:23', '35.00', '2018-05-12 07:52:08', '2018-05-12 07:52:08', null);
INSERT INTO `arrange` VALUES ('1855', '70', '10', '2018-05-13', '09:46:23', '11:34:23', '35.00', '2018-05-12 07:52:08', '2018-05-12 07:52:08', null);
INSERT INTO `arrange` VALUES ('1856', '70', '14', '2018-05-13', '09:46:23', '11:34:23', '35.00', '2018-05-12 07:52:08', '2018-05-12 07:52:08', null);
INSERT INTO `arrange` VALUES ('1857', '70', '19', '2018-05-13', '09:46:23', '11:34:23', '35.00', '2018-05-12 07:52:08', '2018-05-12 07:52:08', null);
INSERT INTO `arrange` VALUES ('1858', '70', '9', '2018-05-14', '09:46:23', '11:34:23', '35.00', '2018-05-12 07:52:08', '2018-05-12 07:52:08', null);
INSERT INTO `arrange` VALUES ('1859', '70', '10', '2018-05-14', '09:46:23', '11:34:23', '35.00', '2018-05-12 07:52:08', '2018-05-12 07:52:08', null);
INSERT INTO `arrange` VALUES ('1860', '70', '14', '2018-05-14', '09:46:23', '11:34:23', '35.00', '2018-05-12 07:52:08', '2018-05-12 07:52:08', null);
INSERT INTO `arrange` VALUES ('1861', '70', '19', '2018-05-14', '09:46:23', '11:34:23', '35.00', '2018-05-12 07:52:08', '2018-05-12 07:52:08', null);
INSERT INTO `arrange` VALUES ('1862', '70', '9', '2018-05-15', '09:46:23', '11:34:23', '35.00', '2018-05-12 07:52:08', '2018-05-12 07:52:08', null);
INSERT INTO `arrange` VALUES ('1863', '70', '10', '2018-05-15', '09:46:23', '11:34:23', '35.00', '2018-05-12 07:52:08', '2018-05-12 07:52:08', null);
INSERT INTO `arrange` VALUES ('1864', '70', '14', '2018-05-15', '09:46:23', '11:34:23', '35.00', '2018-05-12 07:52:08', '2018-05-12 07:52:08', null);
INSERT INTO `arrange` VALUES ('1865', '70', '19', '2018-05-15', '09:46:23', '11:34:23', '35.00', '2018-05-12 07:52:08', '2018-05-12 07:52:08', null);
INSERT INTO `arrange` VALUES ('1866', '70', '9', '2018-05-16', '09:46:23', '11:34:23', '35.00', '2018-05-12 07:52:08', '2018-05-12 07:52:08', null);
INSERT INTO `arrange` VALUES ('1867', '70', '10', '2018-05-16', '09:46:23', '11:34:23', '35.00', '2018-05-12 07:52:08', '2018-05-12 07:52:08', null);
INSERT INTO `arrange` VALUES ('1868', '70', '14', '2018-05-16', '09:46:23', '11:34:23', '35.00', '2018-05-12 07:52:08', '2018-05-12 07:52:08', null);
INSERT INTO `arrange` VALUES ('1869', '70', '19', '2018-05-16', '09:46:23', '11:34:23', '35.00', '2018-05-12 07:52:08', '2018-05-12 07:52:08', null);
INSERT INTO `arrange` VALUES ('1870', '70', '9', '2018-05-17', '09:46:23', '11:34:23', '35.00', '2018-05-12 07:52:08', '2018-05-12 07:52:08', null);
INSERT INTO `arrange` VALUES ('1871', '70', '10', '2018-05-17', '09:46:23', '11:34:23', '35.00', '2018-05-12 07:52:08', '2018-05-12 07:52:08', null);
INSERT INTO `arrange` VALUES ('1872', '70', '14', '2018-05-17', '09:46:23', '11:34:23', '35.00', '2018-05-12 07:52:08', '2018-05-12 07:52:08', null);
INSERT INTO `arrange` VALUES ('1873', '70', '19', '2018-05-17', '09:46:23', '11:34:23', '35.00', '2018-05-12 07:52:08', '2018-05-12 07:52:08', null);
INSERT INTO `arrange` VALUES ('1874', '70', '9', '2018-05-18', '09:46:23', '11:34:23', '35.00', '2018-05-12 07:52:08', '2018-05-12 07:52:08', null);
INSERT INTO `arrange` VALUES ('1875', '70', '10', '2018-05-18', '09:46:23', '11:34:23', '35.00', '2018-05-12 07:52:08', '2018-05-12 07:52:08', null);
INSERT INTO `arrange` VALUES ('1876', '70', '14', '2018-05-18', '09:46:23', '11:34:23', '35.00', '2018-05-12 07:52:08', '2018-05-12 07:52:08', null);
INSERT INTO `arrange` VALUES ('1877', '70', '19', '2018-05-18', '09:46:23', '11:34:23', '35.00', '2018-05-12 07:52:08', '2018-05-12 07:52:08', null);
INSERT INTO `arrange` VALUES ('1878', '70', '9', '2018-05-19', '09:46:23', '11:34:23', '35.00', '2018-05-12 07:52:08', '2018-05-12 07:52:08', null);
INSERT INTO `arrange` VALUES ('1879', '70', '10', '2018-05-19', '09:46:23', '11:34:23', '35.00', '2018-05-12 07:52:08', '2018-05-12 07:52:08', null);
INSERT INTO `arrange` VALUES ('1880', '70', '14', '2018-05-19', '09:46:23', '11:34:23', '35.00', '2018-05-12 07:52:08', '2018-05-12 07:52:08', null);
INSERT INTO `arrange` VALUES ('1881', '70', '19', '2018-05-19', '09:46:23', '11:34:23', '35.00', '2018-05-12 07:52:08', '2018-05-12 07:52:08', null);
INSERT INTO `arrange` VALUES ('1882', '70', '9', '2018-05-20', '09:46:23', '11:34:23', '35.00', '2018-05-12 07:52:08', '2018-05-12 07:52:08', null);
INSERT INTO `arrange` VALUES ('1883', '70', '10', '2018-05-20', '09:46:23', '11:34:23', '35.00', '2018-05-12 07:52:08', '2018-05-12 07:52:08', null);
INSERT INTO `arrange` VALUES ('1884', '70', '14', '2018-05-20', '09:46:23', '11:34:23', '35.00', '2018-05-12 07:52:08', '2018-05-12 07:52:08', null);
INSERT INTO `arrange` VALUES ('1885', '70', '19', '2018-05-20', '09:46:23', '11:34:23', '35.00', '2018-05-12 07:52:08', '2018-05-12 07:52:08', null);
INSERT INTO `arrange` VALUES ('1886', '70', '9', '2018-05-21', '09:46:23', '11:34:23', '35.00', '2018-05-12 07:52:08', '2018-05-12 07:52:08', null);
INSERT INTO `arrange` VALUES ('1887', '70', '10', '2018-05-21', '09:46:23', '11:34:23', '35.00', '2018-05-12 07:52:08', '2018-05-12 07:52:08', null);
INSERT INTO `arrange` VALUES ('1888', '70', '14', '2018-05-21', '09:46:23', '11:34:23', '35.00', '2018-05-12 07:52:08', '2018-05-12 07:52:08', null);
INSERT INTO `arrange` VALUES ('1889', '70', '19', '2018-05-21', '09:46:23', '11:34:23', '35.00', '2018-05-12 07:52:08', '2018-05-12 07:52:08', null);
INSERT INTO `arrange` VALUES ('1890', '70', '9', '2018-05-22', '09:46:23', '11:34:23', '35.00', '2018-05-12 07:52:08', '2018-05-12 07:52:08', null);
INSERT INTO `arrange` VALUES ('1891', '70', '10', '2018-05-22', '09:46:23', '11:34:23', '35.00', '2018-05-12 07:52:08', '2018-05-12 07:52:08', null);
INSERT INTO `arrange` VALUES ('1892', '70', '14', '2018-05-22', '09:46:23', '11:34:23', '35.00', '2018-05-12 07:52:08', '2018-05-12 07:52:08', null);
INSERT INTO `arrange` VALUES ('1893', '70', '19', '2018-05-22', '09:46:23', '11:34:23', '35.00', '2018-05-12 07:52:08', '2018-05-12 07:52:08', null);
INSERT INTO `arrange` VALUES ('1894', '70', '9', '2018-05-23', '09:46:23', '11:34:23', '35.00', '2018-05-12 07:52:08', '2018-05-12 07:52:08', null);
INSERT INTO `arrange` VALUES ('1895', '70', '10', '2018-05-23', '09:46:23', '11:34:23', '35.00', '2018-05-12 07:52:08', '2018-05-12 07:52:08', null);
INSERT INTO `arrange` VALUES ('1896', '70', '14', '2018-05-23', '09:46:23', '11:34:23', '35.00', '2018-05-12 07:52:08', '2018-05-12 07:52:08', null);
INSERT INTO `arrange` VALUES ('1897', '70', '19', '2018-05-23', '09:46:23', '11:34:23', '35.00', '2018-05-12 07:52:08', '2018-05-12 07:52:08', null);
INSERT INTO `arrange` VALUES ('1898', '70', '9', '2018-05-24', '09:46:23', '11:34:23', '35.00', '2018-05-12 07:52:08', '2018-05-12 07:52:08', null);
INSERT INTO `arrange` VALUES ('1899', '70', '10', '2018-05-24', '09:46:23', '11:34:23', '35.00', '2018-05-12 07:52:08', '2018-05-12 07:52:08', null);
INSERT INTO `arrange` VALUES ('1900', '70', '14', '2018-05-24', '09:46:23', '11:34:23', '35.00', '2018-05-12 07:52:08', '2018-05-12 07:52:08', null);
INSERT INTO `arrange` VALUES ('1901', '70', '19', '2018-05-24', '09:46:23', '11:34:23', '35.00', '2018-05-12 07:52:08', '2018-05-12 07:52:08', null);
INSERT INTO `arrange` VALUES ('1902', '70', '9', '2018-05-25', '09:46:23', '11:34:23', '35.00', '2018-05-12 07:52:08', '2018-05-12 07:52:08', null);
INSERT INTO `arrange` VALUES ('1903', '70', '10', '2018-05-25', '09:46:23', '11:34:23', '35.00', '2018-05-12 07:52:08', '2018-05-12 07:52:08', null);
INSERT INTO `arrange` VALUES ('1904', '70', '14', '2018-05-25', '09:46:23', '11:34:23', '35.00', '2018-05-12 07:52:08', '2018-05-12 07:52:08', null);
INSERT INTO `arrange` VALUES ('1905', '70', '19', '2018-05-25', '09:46:23', '11:34:23', '35.00', '2018-05-12 07:52:08', '2018-05-12 07:52:08', null);
INSERT INTO `arrange` VALUES ('1906', '70', '9', '2018-05-26', '09:46:23', '11:34:23', '35.00', '2018-05-12 07:52:08', '2018-05-12 07:52:08', null);
INSERT INTO `arrange` VALUES ('1907', '70', '10', '2018-05-26', '09:46:23', '11:34:23', '35.00', '2018-05-12 07:52:08', '2018-05-12 07:52:08', null);
INSERT INTO `arrange` VALUES ('1908', '70', '14', '2018-05-26', '09:46:23', '11:34:23', '35.00', '2018-05-12 07:52:08', '2018-05-12 07:52:08', null);
INSERT INTO `arrange` VALUES ('1909', '70', '19', '2018-05-26', '09:46:23', '11:34:23', '35.00', '2018-05-12 07:52:08', '2018-05-12 07:52:08', null);
INSERT INTO `arrange` VALUES ('1910', '70', '9', '2018-05-27', '09:46:23', '11:34:23', '35.00', '2018-05-12 07:52:08', '2018-05-12 07:52:08', null);
INSERT INTO `arrange` VALUES ('1911', '70', '10', '2018-05-27', '09:46:23', '11:34:23', '35.00', '2018-05-12 07:52:08', '2018-05-12 07:52:08', null);
INSERT INTO `arrange` VALUES ('1912', '70', '14', '2018-05-27', '09:46:23', '11:34:23', '35.00', '2018-05-12 07:52:08', '2018-05-12 07:52:08', null);
INSERT INTO `arrange` VALUES ('1913', '70', '19', '2018-05-27', '09:46:23', '11:34:23', '35.00', '2018-05-12 07:52:08', '2018-05-12 07:52:08', null);
INSERT INTO `arrange` VALUES ('1914', '70', '9', '2018-05-28', '09:46:23', '11:34:23', '35.00', '2018-05-12 07:52:08', '2018-05-12 07:52:08', null);
INSERT INTO `arrange` VALUES ('1915', '70', '10', '2018-05-28', '09:46:23', '11:34:23', '35.00', '2018-05-12 07:52:08', '2018-05-12 07:52:08', null);
INSERT INTO `arrange` VALUES ('1916', '70', '14', '2018-05-28', '09:46:23', '11:34:23', '35.00', '2018-05-12 07:52:08', '2018-05-12 07:52:08', null);
INSERT INTO `arrange` VALUES ('1917', '70', '19', '2018-05-28', '09:46:23', '11:34:23', '35.00', '2018-05-12 07:52:08', '2018-05-12 07:52:08', null);
INSERT INTO `arrange` VALUES ('1918', '70', '9', '2018-05-29', '09:46:23', '11:34:23', '35.00', '2018-05-12 07:52:08', '2018-05-12 07:52:08', null);
INSERT INTO `arrange` VALUES ('1919', '70', '10', '2018-05-29', '09:46:23', '11:34:23', '35.00', '2018-05-12 07:52:08', '2018-05-12 07:52:08', null);
INSERT INTO `arrange` VALUES ('1920', '70', '14', '2018-05-29', '09:46:23', '11:34:23', '35.00', '2018-05-12 07:52:08', '2018-05-12 07:52:08', null);
INSERT INTO `arrange` VALUES ('1921', '70', '19', '2018-05-29', '09:46:23', '11:34:23', '35.00', '2018-05-12 07:52:08', '2018-05-12 07:52:08', null);
INSERT INTO `arrange` VALUES ('1922', '70', '9', '2018-05-30', '09:46:23', '11:34:23', '35.00', '2018-05-12 07:52:08', '2018-05-12 07:52:08', null);
INSERT INTO `arrange` VALUES ('1923', '70', '10', '2018-05-30', '09:46:23', '11:34:23', '35.00', '2018-05-12 07:52:08', '2018-05-12 07:52:08', null);
INSERT INTO `arrange` VALUES ('1924', '70', '14', '2018-05-30', '09:46:23', '11:34:23', '35.00', '2018-05-12 07:52:08', '2018-05-12 07:52:08', null);
INSERT INTO `arrange` VALUES ('1925', '70', '19', '2018-05-30', '09:46:23', '11:34:23', '35.00', '2018-05-12 07:52:08', '2018-05-12 07:52:08', null);
INSERT INTO `arrange` VALUES ('1926', '70', '9', '2018-05-31', '09:46:23', '11:34:23', '35.00', '2018-05-12 07:52:08', '2018-05-12 07:52:08', null);
INSERT INTO `arrange` VALUES ('1927', '70', '10', '2018-05-31', '09:46:23', '11:34:23', '35.00', '2018-05-12 07:52:08', '2018-05-12 07:52:08', null);
INSERT INTO `arrange` VALUES ('1928', '70', '14', '2018-05-31', '09:46:23', '11:34:23', '35.00', '2018-05-12 07:52:08', '2018-05-12 07:52:08', null);
INSERT INTO `arrange` VALUES ('1929', '70', '19', '2018-05-31', '09:46:23', '11:34:23', '35.00', '2018-05-12 07:52:08', '2018-05-12 07:52:08', null);
INSERT INTO `arrange` VALUES ('1930', '70', '9', '2018-06-01', '09:46:23', '11:34:23', '35.00', '2018-05-12 07:52:08', '2018-05-12 07:52:08', null);
INSERT INTO `arrange` VALUES ('1931', '70', '10', '2018-06-01', '09:46:23', '11:34:23', '35.00', '2018-05-12 07:52:08', '2018-05-12 07:52:08', null);
INSERT INTO `arrange` VALUES ('1932', '70', '14', '2018-06-01', '09:46:23', '11:34:23', '35.00', '2018-05-12 07:52:08', '2018-05-12 07:52:08', null);
INSERT INTO `arrange` VALUES ('1933', '70', '19', '2018-06-01', '09:46:23', '11:34:23', '35.00', '2018-05-12 07:52:08', '2018-05-12 07:52:08', null);
INSERT INTO `arrange` VALUES ('1934', '70', '9', '2018-06-02', '09:46:23', '11:34:23', '35.00', '2018-05-12 07:52:08', '2018-05-12 07:52:08', null);
INSERT INTO `arrange` VALUES ('1935', '70', '10', '2018-06-02', '09:46:23', '11:34:23', '35.00', '2018-05-12 07:52:08', '2018-05-12 07:52:08', null);
INSERT INTO `arrange` VALUES ('1936', '70', '14', '2018-06-02', '09:46:23', '11:34:23', '35.00', '2018-05-12 07:52:08', '2018-05-12 07:52:08', null);
INSERT INTO `arrange` VALUES ('1937', '70', '19', '2018-06-02', '09:46:23', '11:34:23', '35.00', '2018-05-12 07:52:08', '2018-05-12 07:52:08', null);
INSERT INTO `arrange` VALUES ('1938', '70', '9', '2018-06-03', '09:46:23', '11:34:23', '35.00', '2018-05-12 07:52:08', '2018-05-12 07:52:08', null);
INSERT INTO `arrange` VALUES ('1939', '70', '10', '2018-06-03', '09:46:23', '11:34:23', '35.00', '2018-05-12 07:52:08', '2018-05-12 07:52:08', null);
INSERT INTO `arrange` VALUES ('1940', '70', '14', '2018-06-03', '09:46:23', '11:34:23', '35.00', '2018-05-12 07:52:08', '2018-05-12 07:52:08', null);
INSERT INTO `arrange` VALUES ('1941', '70', '19', '2018-06-03', '09:46:23', '11:34:23', '35.00', '2018-05-12 07:52:08', '2018-05-12 07:52:08', null);
INSERT INTO `arrange` VALUES ('1942', '70', '9', '2018-06-04', '09:46:23', '11:34:23', '35.00', '2018-05-12 07:52:08', '2018-05-12 07:52:08', null);
INSERT INTO `arrange` VALUES ('1943', '70', '10', '2018-06-04', '09:46:23', '11:34:23', '35.00', '2018-05-12 07:52:08', '2018-05-12 07:52:08', null);
INSERT INTO `arrange` VALUES ('1944', '70', '14', '2018-06-04', '09:46:23', '11:34:23', '35.00', '2018-05-12 07:52:08', '2018-05-12 07:52:08', null);
INSERT INTO `arrange` VALUES ('1945', '70', '19', '2018-06-04', '09:46:23', '11:34:23', '35.00', '2018-05-12 07:52:08', '2018-05-12 07:52:08', null);
INSERT INTO `arrange` VALUES ('1946', '70', '9', '2018-06-05', '09:46:23', '11:34:23', '35.00', '2018-05-12 07:52:08', '2018-05-12 07:52:08', null);
INSERT INTO `arrange` VALUES ('1947', '70', '10', '2018-06-05', '09:46:23', '11:34:23', '35.00', '2018-05-12 07:52:08', '2018-05-12 07:52:08', null);
INSERT INTO `arrange` VALUES ('1948', '70', '14', '2018-06-05', '09:46:23', '11:34:23', '35.00', '2018-05-12 07:52:08', '2018-05-12 07:52:08', null);
INSERT INTO `arrange` VALUES ('1949', '70', '19', '2018-06-05', '09:46:23', '11:34:23', '35.00', '2018-05-12 07:52:08', '2018-05-12 07:52:08', null);
INSERT INTO `arrange` VALUES ('1950', '70', '9', '2018-06-06', '09:46:23', '11:34:23', '35.00', '2018-05-12 07:52:08', '2018-05-12 07:52:08', null);
INSERT INTO `arrange` VALUES ('1951', '70', '10', '2018-06-06', '09:46:23', '11:34:23', '35.00', '2018-05-12 07:52:08', '2018-05-12 07:52:08', null);
INSERT INTO `arrange` VALUES ('1952', '70', '14', '2018-06-06', '09:46:23', '11:34:23', '35.00', '2018-05-12 07:52:08', '2018-05-12 07:52:08', null);
INSERT INTO `arrange` VALUES ('1953', '70', '19', '2018-06-06', '09:46:23', '11:34:23', '35.00', '2018-05-12 07:52:08', '2018-05-12 07:52:08', null);
INSERT INTO `arrange` VALUES ('1954', '70', '9', '2018-06-07', '09:46:23', '11:34:23', '35.00', '2018-05-12 07:52:08', '2018-05-12 07:52:08', null);
INSERT INTO `arrange` VALUES ('1955', '70', '10', '2018-06-07', '09:46:23', '11:34:23', '35.00', '2018-05-12 07:52:08', '2018-05-12 07:52:08', null);
INSERT INTO `arrange` VALUES ('1956', '70', '14', '2018-06-07', '09:46:23', '11:34:23', '35.00', '2018-05-12 07:52:08', '2018-05-12 07:52:08', null);
INSERT INTO `arrange` VALUES ('1957', '70', '19', '2018-06-07', '09:46:23', '11:34:23', '35.00', '2018-05-12 07:52:08', '2018-05-12 07:52:08', null);
INSERT INTO `arrange` VALUES ('1958', '70', '9', '2018-06-08', '09:46:23', '11:34:23', '35.00', '2018-05-12 07:52:08', '2018-05-12 07:52:08', null);
INSERT INTO `arrange` VALUES ('1959', '70', '10', '2018-06-08', '09:46:23', '11:34:23', '35.00', '2018-05-12 07:52:08', '2018-05-12 07:52:08', null);
INSERT INTO `arrange` VALUES ('1960', '70', '14', '2018-06-08', '09:46:23', '11:34:23', '35.00', '2018-05-12 07:52:08', '2018-05-12 07:52:08', null);
INSERT INTO `arrange` VALUES ('1961', '70', '19', '2018-06-08', '09:46:23', '11:34:23', '35.00', '2018-05-12 07:52:08', '2018-05-12 07:52:08', null);
INSERT INTO `arrange` VALUES ('1962', '70', '9', '2018-06-09', '09:46:23', '11:34:23', '35.00', '2018-05-12 07:52:08', '2018-05-12 07:52:08', null);
INSERT INTO `arrange` VALUES ('1963', '70', '10', '2018-06-09', '09:46:23', '11:34:23', '35.00', '2018-05-12 07:52:08', '2018-05-12 07:52:08', null);
INSERT INTO `arrange` VALUES ('1964', '70', '14', '2018-06-09', '09:46:23', '11:34:23', '35.00', '2018-05-12 07:52:08', '2018-05-12 07:52:08', null);
INSERT INTO `arrange` VALUES ('1965', '70', '19', '2018-06-09', '09:46:23', '11:34:23', '35.00', '2018-05-12 07:52:08', '2018-05-12 07:52:08', null);
INSERT INTO `arrange` VALUES ('1966', '70', '9', '2018-06-10', '09:46:23', '11:34:23', '35.00', '2018-05-12 07:52:08', '2018-05-12 07:52:08', null);
INSERT INTO `arrange` VALUES ('1967', '70', '10', '2018-06-10', '09:46:23', '11:34:23', '35.00', '2018-05-12 07:52:08', '2018-05-12 07:52:08', null);
INSERT INTO `arrange` VALUES ('1968', '70', '14', '2018-06-10', '09:46:23', '11:34:23', '35.00', '2018-05-12 07:52:08', '2018-05-12 07:52:08', null);
INSERT INTO `arrange` VALUES ('1969', '70', '19', '2018-06-10', '09:46:23', '11:34:23', '35.00', '2018-05-12 07:52:08', '2018-05-12 07:52:08', null);
INSERT INTO `arrange` VALUES ('1970', '70', '9', '2018-06-11', '09:46:23', '11:34:23', '35.00', '2018-05-12 07:52:08', '2018-05-12 07:52:08', null);
INSERT INTO `arrange` VALUES ('1971', '70', '10', '2018-06-11', '09:46:23', '11:34:23', '35.00', '2018-05-12 07:52:08', '2018-05-12 07:52:08', null);
INSERT INTO `arrange` VALUES ('1972', '70', '14', '2018-06-11', '09:46:23', '11:34:23', '35.00', '2018-05-12 07:52:08', '2018-05-12 07:52:08', null);
INSERT INTO `arrange` VALUES ('1973', '70', '19', '2018-06-11', '09:46:23', '11:34:23', '35.00', '2018-05-12 07:52:08', '2018-05-12 07:52:08', null);
INSERT INTO `arrange` VALUES ('1974', '70', '9', '2018-06-12', '09:46:23', '11:34:23', '35.00', '2018-05-12 07:52:08', '2018-05-12 07:52:08', null);
INSERT INTO `arrange` VALUES ('1975', '70', '10', '2018-06-12', '09:46:23', '11:34:23', '35.00', '2018-05-12 07:52:08', '2018-05-12 07:52:08', null);
INSERT INTO `arrange` VALUES ('1976', '70', '14', '2018-06-12', '09:46:23', '11:34:23', '35.00', '2018-05-12 07:52:08', '2018-05-12 07:52:08', null);
INSERT INTO `arrange` VALUES ('1977', '70', '19', '2018-06-12', '09:46:23', '11:34:23', '35.00', '2018-05-12 07:52:08', '2018-05-12 07:52:08', null);
INSERT INTO `arrange` VALUES ('1978', '70', '9', '2018-06-13', '09:46:23', '11:34:23', '35.00', '2018-05-12 07:52:08', '2018-05-12 07:52:08', null);
INSERT INTO `arrange` VALUES ('1979', '70', '10', '2018-06-13', '09:46:23', '11:34:23', '35.00', '2018-05-12 07:52:08', '2018-05-12 07:52:08', null);
INSERT INTO `arrange` VALUES ('1980', '70', '14', '2018-06-13', '09:46:23', '11:34:23', '35.00', '2018-05-12 07:52:08', '2018-05-12 07:52:08', null);
INSERT INTO `arrange` VALUES ('1981', '70', '19', '2018-06-13', '09:46:23', '11:34:23', '35.00', '2018-05-12 07:52:08', '2018-05-12 07:52:08', null);
INSERT INTO `arrange` VALUES ('1982', '70', '9', '2018-06-14', '09:46:23', '11:34:23', '35.00', '2018-05-12 07:52:08', '2018-05-12 07:52:08', null);
INSERT INTO `arrange` VALUES ('1983', '70', '10', '2018-06-14', '09:46:23', '11:34:23', '35.00', '2018-05-12 07:52:08', '2018-05-12 07:52:08', null);
INSERT INTO `arrange` VALUES ('1984', '70', '14', '2018-06-14', '09:46:23', '11:34:23', '35.00', '2018-05-12 07:52:08', '2018-05-12 07:52:08', null);
INSERT INTO `arrange` VALUES ('1985', '70', '19', '2018-06-14', '09:46:23', '11:34:23', '35.00', '2018-05-12 07:52:08', '2018-05-12 07:52:08', null);
INSERT INTO `arrange` VALUES ('1986', '70', '9', '2018-06-15', '09:46:23', '11:34:23', '35.00', '2018-05-12 07:52:08', '2018-05-12 07:52:08', null);
INSERT INTO `arrange` VALUES ('1987', '70', '10', '2018-06-15', '09:46:23', '11:34:23', '35.00', '2018-05-12 07:52:08', '2018-05-12 07:52:08', null);
INSERT INTO `arrange` VALUES ('1988', '70', '14', '2018-06-15', '09:46:23', '11:34:23', '35.00', '2018-05-12 07:52:08', '2018-05-12 07:52:08', null);
INSERT INTO `arrange` VALUES ('1989', '70', '19', '2018-06-15', '09:46:23', '11:34:23', '35.00', '2018-05-12 07:52:08', '2018-05-12 07:52:08', null);
INSERT INTO `arrange` VALUES ('1990', '70', '9', '2018-06-16', '09:46:23', '11:34:23', '35.00', '2018-05-12 07:52:08', '2018-05-12 07:52:08', null);
INSERT INTO `arrange` VALUES ('1991', '70', '10', '2018-06-16', '09:46:23', '11:34:23', '35.00', '2018-05-12 07:52:08', '2018-05-12 07:52:08', null);
INSERT INTO `arrange` VALUES ('1992', '70', '14', '2018-06-16', '09:46:23', '11:34:23', '35.00', '2018-05-12 07:52:08', '2018-05-12 07:52:08', null);
INSERT INTO `arrange` VALUES ('1993', '70', '19', '2018-06-16', '09:46:23', '11:34:23', '35.00', '2018-05-12 07:52:08', '2018-05-12 07:52:08', null);
INSERT INTO `arrange` VALUES ('1994', '70', '9', '2018-06-17', '09:46:23', '11:34:23', '35.00', '2018-05-12 07:52:08', '2018-05-12 07:52:08', null);
INSERT INTO `arrange` VALUES ('1995', '70', '10', '2018-06-17', '09:46:23', '11:34:23', '35.00', '2018-05-12 07:52:08', '2018-05-12 07:52:08', null);
INSERT INTO `arrange` VALUES ('1996', '70', '14', '2018-06-17', '09:46:23', '11:34:23', '35.00', '2018-05-12 07:52:08', '2018-05-12 07:52:08', null);
INSERT INTO `arrange` VALUES ('1997', '70', '19', '2018-06-17', '09:46:23', '11:34:23', '35.00', '2018-05-12 07:52:08', '2018-05-12 07:52:08', null);
INSERT INTO `arrange` VALUES ('1998', '70', '9', '2018-06-18', '09:46:23', '11:34:23', '35.00', '2018-05-12 07:52:08', '2018-05-12 07:52:08', null);
INSERT INTO `arrange` VALUES ('1999', '70', '10', '2018-06-18', '09:46:23', '11:34:23', '35.00', '2018-05-12 07:52:08', '2018-05-12 07:52:08', null);
INSERT INTO `arrange` VALUES ('2000', '70', '14', '2018-06-18', '09:46:23', '11:34:23', '35.00', '2018-05-12 07:52:08', '2018-05-12 07:52:08', null);
INSERT INTO `arrange` VALUES ('2001', '70', '19', '2018-06-18', '09:46:23', '11:34:23', '35.00', '2018-05-12 07:52:08', '2018-05-12 07:52:08', null);
INSERT INTO `arrange` VALUES ('2002', '70', '9', '2018-06-19', '09:46:23', '11:34:23', '35.00', '2018-05-12 07:52:08', '2018-05-12 07:52:08', null);
INSERT INTO `arrange` VALUES ('2003', '70', '10', '2018-06-19', '09:46:23', '11:34:23', '35.00', '2018-05-12 07:52:08', '2018-05-12 07:52:08', null);
INSERT INTO `arrange` VALUES ('2004', '70', '14', '2018-06-19', '09:46:23', '11:34:23', '35.00', '2018-05-12 07:52:08', '2018-05-12 07:52:08', null);
INSERT INTO `arrange` VALUES ('2005', '70', '19', '2018-06-19', '09:46:23', '11:34:23', '35.00', '2018-05-12 07:52:08', '2018-05-12 07:52:08', null);
INSERT INTO `arrange` VALUES ('2006', '70', '9', '2018-06-20', '09:46:23', '11:34:23', '35.00', '2018-05-12 07:52:08', '2018-05-12 07:52:08', null);
INSERT INTO `arrange` VALUES ('2007', '70', '10', '2018-06-20', '09:46:23', '11:34:23', '35.00', '2018-05-12 07:52:08', '2018-05-12 07:52:08', null);
INSERT INTO `arrange` VALUES ('2008', '70', '14', '2018-06-20', '09:46:23', '11:34:23', '35.00', '2018-05-12 07:52:08', '2018-05-12 07:52:08', null);
INSERT INTO `arrange` VALUES ('2009', '70', '19', '2018-06-20', '09:46:23', '11:34:23', '35.00', '2018-05-12 07:52:08', '2018-05-12 07:52:08', null);
INSERT INTO `arrange` VALUES ('2010', '70', '9', '2018-06-21', '09:46:23', '11:34:23', '35.00', '2018-05-12 07:52:08', '2018-05-12 07:52:08', null);
INSERT INTO `arrange` VALUES ('2011', '70', '10', '2018-06-21', '09:46:23', '11:34:23', '35.00', '2018-05-12 07:52:08', '2018-05-12 07:52:08', null);
INSERT INTO `arrange` VALUES ('2012', '70', '14', '2018-06-21', '09:46:23', '11:34:23', '35.00', '2018-05-12 07:52:08', '2018-05-12 07:52:08', null);
INSERT INTO `arrange` VALUES ('2013', '70', '19', '2018-06-21', '09:46:23', '11:34:23', '35.00', '2018-05-12 07:52:08', '2018-05-12 07:52:08', null);
INSERT INTO `arrange` VALUES ('2014', '70', '9', '2018-06-22', '09:46:23', '11:34:23', '35.00', '2018-05-12 07:52:08', '2018-05-12 07:52:08', null);
INSERT INTO `arrange` VALUES ('2015', '70', '10', '2018-06-22', '09:46:23', '11:34:23', '35.00', '2018-05-12 07:52:08', '2018-05-12 07:52:08', null);
INSERT INTO `arrange` VALUES ('2016', '70', '14', '2018-06-22', '09:46:23', '11:34:23', '35.00', '2018-05-12 07:52:08', '2018-05-12 07:52:08', null);
INSERT INTO `arrange` VALUES ('2017', '70', '19', '2018-06-22', '09:46:23', '11:34:23', '35.00', '2018-05-12 07:52:08', '2018-05-12 07:52:08', null);
INSERT INTO `arrange` VALUES ('2018', '70', '9', '2018-06-23', '09:46:23', '11:34:23', '35.00', '2018-05-12 07:52:08', '2018-05-12 07:52:08', null);
INSERT INTO `arrange` VALUES ('2019', '70', '10', '2018-06-23', '09:46:23', '11:34:23', '35.00', '2018-05-12 07:52:08', '2018-05-12 07:52:08', null);
INSERT INTO `arrange` VALUES ('2020', '70', '14', '2018-06-23', '09:46:23', '11:34:23', '35.00', '2018-05-12 07:52:08', '2018-05-12 07:52:08', null);
INSERT INTO `arrange` VALUES ('2021', '70', '19', '2018-06-23', '09:46:23', '11:34:23', '35.00', '2018-05-12 07:52:08', '2018-05-12 07:52:08', null);
INSERT INTO `arrange` VALUES ('2022', '70', '9', '2018-06-24', '09:46:23', '11:34:23', '35.00', '2018-05-12 07:52:08', '2018-05-12 07:52:08', null);
INSERT INTO `arrange` VALUES ('2023', '70', '10', '2018-06-24', '09:46:23', '11:34:23', '35.00', '2018-05-12 07:52:08', '2018-05-12 07:52:08', null);
INSERT INTO `arrange` VALUES ('2024', '70', '14', '2018-06-24', '09:46:23', '11:34:23', '35.00', '2018-05-12 07:52:08', '2018-05-12 07:52:08', null);
INSERT INTO `arrange` VALUES ('2025', '70', '19', '2018-06-24', '09:46:23', '11:34:23', '35.00', '2018-05-12 07:52:08', '2018-05-12 07:52:08', null);
INSERT INTO `arrange` VALUES ('2026', '70', '9', '2018-06-25', '09:46:23', '11:34:23', '35.00', '2018-05-12 07:52:08', '2018-05-12 07:52:08', null);
INSERT INTO `arrange` VALUES ('2027', '70', '10', '2018-06-25', '09:46:23', '11:34:23', '35.00', '2018-05-12 07:52:08', '2018-05-12 07:52:08', null);
INSERT INTO `arrange` VALUES ('2028', '70', '14', '2018-06-25', '09:46:23', '11:34:23', '35.00', '2018-05-12 07:52:08', '2018-05-12 07:52:08', null);
INSERT INTO `arrange` VALUES ('2029', '70', '19', '2018-06-25', '09:46:23', '11:34:23', '35.00', '2018-05-12 07:52:08', '2018-05-12 07:52:08', null);
INSERT INTO `arrange` VALUES ('2030', '70', '9', '2018-06-26', '09:46:23', '11:34:23', '35.00', '2018-05-12 07:52:08', '2018-05-12 07:52:08', null);
INSERT INTO `arrange` VALUES ('2031', '70', '10', '2018-06-26', '09:46:23', '11:34:23', '35.00', '2018-05-12 07:52:08', '2018-05-12 07:52:08', null);
INSERT INTO `arrange` VALUES ('2032', '70', '14', '2018-06-26', '09:46:23', '11:34:23', '35.00', '2018-05-12 07:52:08', '2018-05-12 07:52:08', null);
INSERT INTO `arrange` VALUES ('2033', '70', '19', '2018-06-26', '09:46:23', '11:34:23', '35.00', '2018-05-12 07:52:08', '2018-05-12 07:52:08', null);
INSERT INTO `arrange` VALUES ('2034', '70', '9', '2018-06-27', '09:46:23', '11:34:23', '35.00', '2018-05-12 07:52:08', '2018-05-12 07:52:08', null);
INSERT INTO `arrange` VALUES ('2035', '70', '10', '2018-06-27', '09:46:23', '11:34:23', '35.00', '2018-05-12 07:52:08', '2018-05-12 07:52:08', null);
INSERT INTO `arrange` VALUES ('2036', '70', '14', '2018-06-27', '09:46:23', '11:34:23', '35.00', '2018-05-12 07:52:08', '2018-05-12 07:52:08', null);
INSERT INTO `arrange` VALUES ('2037', '70', '19', '2018-06-27', '09:46:23', '11:34:23', '35.00', '2018-05-12 07:52:08', '2018-05-12 07:52:08', null);
INSERT INTO `arrange` VALUES ('2038', '70', '9', '2018-06-28', '09:46:23', '11:34:23', '35.00', '2018-05-12 07:52:08', '2018-05-12 07:52:08', null);
INSERT INTO `arrange` VALUES ('2039', '70', '10', '2018-06-28', '09:46:23', '11:34:23', '35.00', '2018-05-12 07:52:08', '2018-05-12 07:52:08', null);
INSERT INTO `arrange` VALUES ('2040', '70', '14', '2018-06-28', '09:46:23', '11:34:23', '35.00', '2018-05-12 07:52:08', '2018-05-12 07:52:08', null);
INSERT INTO `arrange` VALUES ('2041', '70', '19', '2018-06-28', '09:46:23', '11:34:23', '35.00', '2018-05-12 07:52:08', '2018-05-12 07:52:08', null);
INSERT INTO `arrange` VALUES ('2042', '70', '9', '2018-06-29', '09:46:23', '11:34:23', '35.00', '2018-05-12 07:52:08', '2018-05-12 07:52:08', null);
INSERT INTO `arrange` VALUES ('2043', '70', '10', '2018-06-29', '09:46:23', '11:34:23', '35.00', '2018-05-12 07:52:08', '2018-05-12 07:52:08', null);
INSERT INTO `arrange` VALUES ('2044', '70', '14', '2018-06-29', '09:46:23', '11:34:23', '35.00', '2018-05-12 07:52:08', '2018-05-12 07:52:08', null);
INSERT INTO `arrange` VALUES ('2045', '70', '19', '2018-06-29', '09:46:23', '11:34:23', '35.00', '2018-05-12 07:52:08', '2018-05-12 07:52:08', null);
INSERT INTO `arrange` VALUES ('2046', '70', '9', '2018-06-30', '09:46:23', '11:34:23', '35.00', '2018-05-12 07:52:08', '2018-05-12 07:52:08', null);
INSERT INTO `arrange` VALUES ('2047', '70', '10', '2018-06-30', '09:46:23', '11:34:23', '35.00', '2018-05-12 07:52:08', '2018-05-12 07:52:08', null);
INSERT INTO `arrange` VALUES ('2048', '70', '14', '2018-06-30', '09:46:23', '11:34:23', '35.00', '2018-05-12 07:52:08', '2018-05-12 07:52:08', null);
INSERT INTO `arrange` VALUES ('2049', '70', '19', '2018-06-30', '09:46:23', '11:34:23', '35.00', '2018-05-12 07:52:08', '2018-05-12 07:52:08', null);
INSERT INTO `arrange` VALUES ('2050', '70', '9', '2018-07-01', '09:46:23', '11:34:23', '35.00', '2018-05-12 07:52:08', '2018-05-12 07:52:08', null);
INSERT INTO `arrange` VALUES ('2051', '70', '10', '2018-07-01', '09:46:23', '11:34:23', '35.00', '2018-05-12 07:52:08', '2018-05-12 07:52:08', null);
INSERT INTO `arrange` VALUES ('2052', '70', '14', '2018-07-01', '09:46:23', '11:34:23', '35.00', '2018-05-12 07:52:08', '2018-05-12 07:52:08', null);
INSERT INTO `arrange` VALUES ('2053', '70', '19', '2018-07-01', '09:46:23', '11:34:23', '35.00', '2018-05-12 07:52:08', '2018-05-12 07:52:08', null);
INSERT INTO `arrange` VALUES ('2054', '70', '9', '2018-07-02', '09:46:23', '11:34:23', '35.00', '2018-05-12 07:52:08', '2018-05-12 07:52:08', null);
INSERT INTO `arrange` VALUES ('2055', '70', '10', '2018-07-02', '09:46:23', '11:34:23', '35.00', '2018-05-12 07:52:08', '2018-05-12 07:52:08', null);
INSERT INTO `arrange` VALUES ('2056', '70', '14', '2018-07-02', '09:46:23', '11:34:23', '35.00', '2018-05-12 07:52:08', '2018-05-12 07:52:08', null);
INSERT INTO `arrange` VALUES ('2057', '70', '19', '2018-07-02', '09:46:23', '11:34:23', '35.00', '2018-05-12 07:52:08', '2018-05-12 07:52:08', null);
INSERT INTO `arrange` VALUES ('2058', '70', '9', '2018-07-03', '09:46:23', '11:34:23', '35.00', '2018-05-12 07:52:08', '2018-05-12 07:52:08', null);
INSERT INTO `arrange` VALUES ('2059', '70', '10', '2018-07-03', '09:46:23', '11:34:23', '35.00', '2018-05-12 07:52:08', '2018-05-12 07:52:08', null);
INSERT INTO `arrange` VALUES ('2060', '70', '14', '2018-07-03', '09:46:23', '11:34:23', '35.00', '2018-05-12 07:52:08', '2018-05-12 07:52:08', null);
INSERT INTO `arrange` VALUES ('2061', '70', '19', '2018-07-03', '09:46:23', '11:34:23', '35.00', '2018-05-12 07:52:08', '2018-05-12 07:52:08', null);
INSERT INTO `arrange` VALUES ('2062', '70', '9', '2018-07-04', '09:46:23', '11:34:23', '35.00', '2018-05-12 07:52:08', '2018-05-12 07:52:08', null);
INSERT INTO `arrange` VALUES ('2063', '70', '10', '2018-07-04', '09:46:23', '11:34:23', '35.00', '2018-05-12 07:52:08', '2018-05-12 07:52:08', null);
INSERT INTO `arrange` VALUES ('2064', '70', '14', '2018-07-04', '09:46:23', '11:34:23', '35.00', '2018-05-12 07:52:08', '2018-05-12 07:52:08', null);
INSERT INTO `arrange` VALUES ('2065', '70', '19', '2018-07-04', '09:46:23', '11:34:23', '35.00', '2018-05-12 07:52:08', '2018-05-12 07:52:08', null);
INSERT INTO `arrange` VALUES ('2066', '70', '9', '2018-07-05', '09:46:23', '11:34:23', '35.00', '2018-05-12 07:52:08', '2018-05-12 07:52:08', null);
INSERT INTO `arrange` VALUES ('2067', '70', '10', '2018-07-05', '09:46:23', '11:34:23', '35.00', '2018-05-12 07:52:08', '2018-05-12 07:52:08', null);
INSERT INTO `arrange` VALUES ('2068', '70', '14', '2018-07-05', '09:46:23', '11:34:23', '35.00', '2018-05-12 07:52:08', '2018-05-12 07:52:08', null);
INSERT INTO `arrange` VALUES ('2069', '70', '19', '2018-07-05', '09:46:23', '11:34:23', '35.00', '2018-05-12 07:52:08', '2018-05-12 07:52:08', null);
INSERT INTO `arrange` VALUES ('2070', '70', '9', '2018-07-06', '09:46:23', '11:34:23', '35.00', '2018-05-12 07:52:08', '2018-05-12 07:52:08', null);
INSERT INTO `arrange` VALUES ('2071', '70', '10', '2018-07-06', '09:46:23', '11:34:23', '35.00', '2018-05-12 07:52:08', '2018-05-12 07:52:08', null);
INSERT INTO `arrange` VALUES ('2072', '70', '14', '2018-07-06', '09:46:23', '11:34:23', '35.00', '2018-05-12 07:52:08', '2018-05-12 07:52:08', null);
INSERT INTO `arrange` VALUES ('2073', '70', '19', '2018-07-06', '09:46:23', '11:34:23', '35.00', '2018-05-12 07:52:08', '2018-05-12 07:52:08', null);
INSERT INTO `arrange` VALUES ('2074', '70', '9', '2018-07-07', '09:46:23', '11:34:23', '35.00', '2018-05-12 07:52:08', '2018-05-12 07:52:08', null);
INSERT INTO `arrange` VALUES ('2075', '70', '10', '2018-07-07', '09:46:23', '11:34:23', '35.00', '2018-05-12 07:52:08', '2018-05-12 07:52:08', null);
INSERT INTO `arrange` VALUES ('2076', '70', '14', '2018-07-07', '09:46:23', '11:34:23', '35.00', '2018-05-12 07:52:08', '2018-05-12 07:52:08', null);
INSERT INTO `arrange` VALUES ('2077', '70', '19', '2018-07-07', '09:46:23', '11:34:23', '35.00', '2018-05-12 07:52:08', '2018-05-12 07:52:08', null);
INSERT INTO `arrange` VALUES ('2078', '70', '9', '2018-07-08', '09:46:23', '11:34:23', '35.00', '2018-05-12 07:52:08', '2018-05-12 07:52:08', null);
INSERT INTO `arrange` VALUES ('2079', '70', '10', '2018-07-08', '09:46:23', '11:34:23', '35.00', '2018-05-12 07:52:08', '2018-05-12 07:52:08', null);
INSERT INTO `arrange` VALUES ('2080', '70', '14', '2018-07-08', '09:46:23', '11:34:23', '35.00', '2018-05-12 07:52:08', '2018-05-12 07:52:08', null);
INSERT INTO `arrange` VALUES ('2081', '70', '19', '2018-07-08', '09:46:23', '11:34:23', '35.00', '2018-05-12 07:52:08', '2018-05-12 07:52:08', null);
INSERT INTO `arrange` VALUES ('2082', '70', '9', '2018-07-09', '09:46:23', '11:34:23', '35.00', '2018-05-12 07:52:08', '2018-05-12 07:52:08', null);
INSERT INTO `arrange` VALUES ('2083', '70', '10', '2018-07-09', '09:46:23', '11:34:23', '35.00', '2018-05-12 07:52:08', '2018-05-12 07:52:08', null);
INSERT INTO `arrange` VALUES ('2084', '70', '14', '2018-07-09', '09:46:23', '11:34:23', '35.00', '2018-05-12 07:52:08', '2018-05-12 07:52:08', null);
INSERT INTO `arrange` VALUES ('2085', '70', '19', '2018-07-09', '09:46:23', '11:34:23', '35.00', '2018-05-12 07:52:08', '2018-05-12 07:52:08', null);
INSERT INTO `arrange` VALUES ('2086', '70', '9', '2018-07-10', '09:46:23', '11:34:23', '35.00', '2018-05-12 07:52:08', '2018-05-12 07:52:08', null);
INSERT INTO `arrange` VALUES ('2087', '70', '10', '2018-07-10', '09:46:23', '11:34:23', '35.00', '2018-05-12 07:52:08', '2018-05-12 07:52:08', null);
INSERT INTO `arrange` VALUES ('2088', '70', '14', '2018-07-10', '09:46:23', '11:34:23', '35.00', '2018-05-12 07:52:08', '2018-05-12 07:52:08', null);
INSERT INTO `arrange` VALUES ('2089', '70', '19', '2018-07-10', '09:46:23', '11:34:23', '35.00', '2018-05-12 07:52:08', '2018-05-12 07:52:08', null);
INSERT INTO `arrange` VALUES ('2090', '70', '9', '2018-07-11', '09:46:23', '11:34:23', '35.00', '2018-05-12 07:52:08', '2018-05-12 07:52:08', null);
INSERT INTO `arrange` VALUES ('2091', '70', '10', '2018-07-11', '09:46:23', '11:34:23', '35.00', '2018-05-12 07:52:08', '2018-05-12 07:52:08', null);
INSERT INTO `arrange` VALUES ('2092', '70', '14', '2018-07-11', '09:46:23', '11:34:23', '35.00', '2018-05-12 07:52:08', '2018-05-12 07:52:08', null);
INSERT INTO `arrange` VALUES ('2093', '70', '19', '2018-07-11', '09:46:23', '11:34:23', '35.00', '2018-05-12 07:52:08', '2018-05-12 07:52:08', null);
INSERT INTO `arrange` VALUES ('2094', '70', '9', '2018-07-12', '09:46:23', '11:34:23', '35.00', '2018-05-12 07:52:08', '2018-05-12 07:52:08', null);
INSERT INTO `arrange` VALUES ('2095', '70', '10', '2018-07-12', '09:46:23', '11:34:23', '35.00', '2018-05-12 07:52:08', '2018-05-12 07:52:08', null);
INSERT INTO `arrange` VALUES ('2096', '70', '14', '2018-07-12', '09:46:23', '11:34:23', '35.00', '2018-05-12 07:52:08', '2018-05-12 07:52:08', null);
INSERT INTO `arrange` VALUES ('2097', '70', '19', '2018-07-12', '09:46:23', '11:34:23', '35.00', '2018-05-12 07:52:08', '2018-05-12 07:52:08', null);
INSERT INTO `arrange` VALUES ('2098', '70', '9', '2018-07-13', '09:46:23', '11:34:23', '35.00', '2018-05-12 07:52:08', '2018-05-12 07:52:08', null);
INSERT INTO `arrange` VALUES ('2099', '70', '10', '2018-07-13', '09:46:23', '11:34:23', '35.00', '2018-05-12 07:52:08', '2018-05-12 07:52:08', null);
INSERT INTO `arrange` VALUES ('2100', '70', '14', '2018-07-13', '09:46:23', '11:34:23', '35.00', '2018-05-12 07:52:08', '2018-05-12 07:52:08', null);
INSERT INTO `arrange` VALUES ('2101', '70', '19', '2018-07-13', '09:46:23', '11:34:23', '35.00', '2018-05-12 07:52:08', '2018-05-12 07:52:08', null);
INSERT INTO `arrange` VALUES ('2102', '70', '9', '2018-07-14', '09:46:23', '11:34:23', '35.00', '2018-05-12 07:52:08', '2018-05-12 07:52:08', null);
INSERT INTO `arrange` VALUES ('2103', '70', '10', '2018-07-14', '09:46:23', '11:34:23', '35.00', '2018-05-12 07:52:08', '2018-05-12 07:52:08', null);
INSERT INTO `arrange` VALUES ('2104', '70', '14', '2018-07-14', '09:46:23', '11:34:23', '35.00', '2018-05-12 07:52:08', '2018-05-12 07:52:08', null);
INSERT INTO `arrange` VALUES ('2105', '70', '19', '2018-07-14', '09:46:23', '11:34:23', '35.00', '2018-05-12 07:52:08', '2018-05-12 07:52:08', null);
INSERT INTO `arrange` VALUES ('2106', '70', '9', '2018-07-15', '09:46:23', '11:34:23', '35.00', '2018-05-12 07:52:08', '2018-05-12 07:52:08', null);
INSERT INTO `arrange` VALUES ('2107', '70', '10', '2018-07-15', '09:46:23', '11:34:23', '35.00', '2018-05-12 07:52:08', '2018-05-12 07:52:08', null);
INSERT INTO `arrange` VALUES ('2108', '70', '14', '2018-07-15', '09:46:23', '11:34:23', '35.00', '2018-05-12 07:52:08', '2018-05-12 07:52:08', null);
INSERT INTO `arrange` VALUES ('2109', '70', '19', '2018-07-15', '09:46:23', '11:34:23', '35.00', '2018-05-12 07:52:08', '2018-05-12 07:52:08', null);
INSERT INTO `arrange` VALUES ('2110', '70', '9', '2018-07-16', '09:46:23', '11:34:23', '35.00', '2018-05-12 07:52:08', '2018-05-12 07:52:08', null);
INSERT INTO `arrange` VALUES ('2111', '70', '10', '2018-07-16', '09:46:23', '11:34:23', '35.00', '2018-05-12 07:52:08', '2018-05-12 07:52:08', null);
INSERT INTO `arrange` VALUES ('2112', '70', '14', '2018-07-16', '09:46:23', '11:34:23', '35.00', '2018-05-12 07:52:08', '2018-05-12 07:52:08', null);
INSERT INTO `arrange` VALUES ('2113', '70', '19', '2018-07-16', '09:46:23', '11:34:23', '35.00', '2018-05-12 07:52:08', '2018-05-12 07:52:08', null);
INSERT INTO `arrange` VALUES ('2114', '70', '9', '2018-07-17', '09:46:23', '11:34:23', '35.00', '2018-05-12 07:52:08', '2018-05-12 07:52:08', null);
INSERT INTO `arrange` VALUES ('2115', '70', '10', '2018-07-17', '09:46:23', '11:34:23', '35.00', '2018-05-12 07:52:08', '2018-05-12 07:52:08', null);
INSERT INTO `arrange` VALUES ('2116', '70', '14', '2018-07-17', '09:46:23', '11:34:23', '35.00', '2018-05-12 07:52:08', '2018-05-12 07:52:08', null);
INSERT INTO `arrange` VALUES ('2117', '70', '19', '2018-07-17', '09:46:23', '11:34:23', '35.00', '2018-05-12 07:52:08', '2018-05-12 07:52:08', null);
INSERT INTO `arrange` VALUES ('2118', '70', '9', '2018-07-18', '09:46:23', '11:34:23', '35.00', '2018-05-12 07:52:08', '2018-05-12 07:52:08', null);
INSERT INTO `arrange` VALUES ('2119', '70', '10', '2018-07-18', '09:46:23', '11:34:23', '35.00', '2018-05-12 07:52:08', '2018-05-12 07:52:08', null);
INSERT INTO `arrange` VALUES ('2120', '70', '14', '2018-07-18', '09:46:23', '11:34:23', '35.00', '2018-05-12 07:52:08', '2018-05-12 07:52:08', null);
INSERT INTO `arrange` VALUES ('2121', '70', '19', '2018-07-18', '09:46:23', '11:34:23', '35.00', '2018-05-12 07:52:08', '2018-05-12 07:52:08', null);
INSERT INTO `arrange` VALUES ('2122', '70', '9', '2018-07-19', '09:46:23', '11:34:23', '35.00', '2018-05-12 07:52:08', '2018-05-12 07:52:08', null);
INSERT INTO `arrange` VALUES ('2123', '70', '10', '2018-07-19', '09:46:23', '11:34:23', '35.00', '2018-05-12 07:52:08', '2018-05-12 07:52:08', null);
INSERT INTO `arrange` VALUES ('2124', '70', '14', '2018-07-19', '09:46:23', '11:34:23', '35.00', '2018-05-12 07:52:08', '2018-05-12 07:52:08', null);
INSERT INTO `arrange` VALUES ('2125', '70', '19', '2018-07-19', '09:46:23', '11:34:23', '35.00', '2018-05-12 07:52:08', '2018-05-12 07:52:08', null);
INSERT INTO `arrange` VALUES ('2126', '70', '9', '2018-07-20', '09:46:23', '11:34:23', '35.00', '2018-05-12 07:52:08', '2018-05-12 07:52:08', null);
INSERT INTO `arrange` VALUES ('2127', '70', '10', '2018-07-20', '09:46:23', '11:34:23', '35.00', '2018-05-12 07:52:08', '2018-05-12 07:52:08', null);
INSERT INTO `arrange` VALUES ('2128', '70', '14', '2018-07-20', '09:46:23', '11:34:23', '35.00', '2018-05-12 07:52:08', '2018-05-12 07:52:08', null);
INSERT INTO `arrange` VALUES ('2129', '70', '19', '2018-07-20', '09:46:23', '11:34:23', '35.00', '2018-05-12 07:52:08', '2018-05-12 07:52:08', null);
INSERT INTO `arrange` VALUES ('2130', '70', '9', '2018-07-21', '09:46:23', '11:34:23', '35.00', '2018-05-12 07:52:08', '2018-05-12 07:52:08', null);
INSERT INTO `arrange` VALUES ('2131', '70', '10', '2018-07-21', '09:46:23', '11:34:23', '35.00', '2018-05-12 07:52:08', '2018-05-12 07:52:08', null);
INSERT INTO `arrange` VALUES ('2132', '70', '14', '2018-07-21', '09:46:23', '11:34:23', '35.00', '2018-05-12 07:52:08', '2018-05-12 07:52:08', null);
INSERT INTO `arrange` VALUES ('2133', '70', '19', '2018-07-21', '09:46:23', '11:34:23', '35.00', '2018-05-12 07:52:08', '2018-05-12 07:52:08', null);
INSERT INTO `arrange` VALUES ('2134', '70', '9', '2018-07-22', '09:46:23', '11:34:23', '35.00', '2018-05-12 07:52:08', '2018-05-12 07:52:08', null);
INSERT INTO `arrange` VALUES ('2135', '70', '10', '2018-07-22', '09:46:23', '11:34:23', '35.00', '2018-05-12 07:52:08', '2018-05-12 07:52:08', null);
INSERT INTO `arrange` VALUES ('2136', '70', '14', '2018-07-22', '09:46:23', '11:34:23', '35.00', '2018-05-12 07:52:08', '2018-05-12 07:52:08', null);
INSERT INTO `arrange` VALUES ('2137', '70', '19', '2018-07-22', '09:46:23', '11:34:23', '35.00', '2018-05-12 07:52:08', '2018-05-12 07:52:08', null);
INSERT INTO `arrange` VALUES ('2138', '70', '9', '2018-07-23', '09:46:23', '11:34:23', '35.00', '2018-05-12 07:52:08', '2018-05-12 07:52:08', null);
INSERT INTO `arrange` VALUES ('2139', '70', '10', '2018-07-23', '09:46:23', '11:34:23', '35.00', '2018-05-12 07:52:08', '2018-05-12 07:52:08', null);
INSERT INTO `arrange` VALUES ('2140', '70', '14', '2018-07-23', '09:46:23', '11:34:23', '35.00', '2018-05-12 07:52:08', '2018-05-12 07:52:08', null);
INSERT INTO `arrange` VALUES ('2141', '70', '19', '2018-07-23', '09:46:23', '11:34:23', '35.00', '2018-05-12 07:52:08', '2018-05-12 07:52:08', null);
INSERT INTO `arrange` VALUES ('2142', '70', '9', '2018-07-24', '09:46:23', '11:34:23', '35.00', '2018-05-12 07:52:08', '2018-05-12 07:52:08', null);
INSERT INTO `arrange` VALUES ('2143', '70', '10', '2018-07-24', '09:46:23', '11:34:23', '35.00', '2018-05-12 07:52:08', '2018-05-12 07:52:08', null);
INSERT INTO `arrange` VALUES ('2144', '70', '14', '2018-07-24', '09:46:23', '11:34:23', '35.00', '2018-05-12 07:52:08', '2018-05-12 07:52:08', null);
INSERT INTO `arrange` VALUES ('2145', '70', '19', '2018-07-24', '09:46:23', '11:34:23', '35.00', '2018-05-12 07:52:08', '2018-05-12 07:52:08', null);
INSERT INTO `arrange` VALUES ('2146', '70', '9', '2018-07-25', '09:46:23', '11:34:23', '35.00', '2018-05-12 07:52:08', '2018-05-12 07:52:08', null);
INSERT INTO `arrange` VALUES ('2147', '70', '10', '2018-07-25', '09:46:23', '11:34:23', '35.00', '2018-05-12 07:52:08', '2018-05-12 07:52:08', null);
INSERT INTO `arrange` VALUES ('2148', '70', '14', '2018-07-25', '09:46:23', '11:34:23', '35.00', '2018-05-12 07:52:08', '2018-05-12 07:52:08', null);
INSERT INTO `arrange` VALUES ('2149', '70', '19', '2018-07-25', '09:46:23', '11:34:23', '35.00', '2018-05-12 07:52:08', '2018-05-12 07:52:08', null);
INSERT INTO `arrange` VALUES ('2150', '70', '9', '2018-07-26', '09:46:23', '11:34:23', '35.00', '2018-05-12 07:52:08', '2018-05-12 07:52:08', null);
INSERT INTO `arrange` VALUES ('2151', '70', '10', '2018-07-26', '09:46:23', '11:34:23', '35.00', '2018-05-12 07:52:08', '2018-05-12 07:52:08', null);
INSERT INTO `arrange` VALUES ('2152', '70', '14', '2018-07-26', '09:46:23', '11:34:23', '35.00', '2018-05-12 07:52:08', '2018-05-12 07:52:08', null);
INSERT INTO `arrange` VALUES ('2153', '70', '19', '2018-07-26', '09:46:23', '11:34:23', '35.00', '2018-05-12 07:52:08', '2018-05-12 07:52:08', null);
INSERT INTO `arrange` VALUES ('2154', '70', '9', '2018-07-27', '09:46:23', '11:34:23', '35.00', '2018-05-12 07:52:08', '2018-05-12 07:52:08', null);
INSERT INTO `arrange` VALUES ('2155', '70', '10', '2018-07-27', '09:46:23', '11:34:23', '35.00', '2018-05-12 07:52:08', '2018-05-12 07:52:08', null);
INSERT INTO `arrange` VALUES ('2156', '70', '14', '2018-07-27', '09:46:23', '11:34:23', '35.00', '2018-05-12 07:52:08', '2018-05-12 07:52:08', null);
INSERT INTO `arrange` VALUES ('2157', '70', '19', '2018-07-27', '09:46:23', '11:34:23', '35.00', '2018-05-12 07:52:08', '2018-05-12 07:52:08', null);

-- ----------------------------
-- Table structure for `booking`
-- ----------------------------
DROP TABLE IF EXISTS `booking`;
CREATE TABLE `booking` (
  `id` bigint(20) NOT NULL AUTO_INCREMENT,
  `arrangeId` bigint(20) DEFAULT NULL,
  `userId` int(11) DEFAULT NULL,
  `seatId` int(11) DEFAULT NULL,
  `filmId` bigint(20) DEFAULT NULL,
  `roomId` int(11) DEFAULT NULL,
  `ticketCode` varchar(32) DEFAULT NULL,
  `status` varchar(32) DEFAULT NULL,
  `createdAt` datetime DEFAULT NULL,
  `updatedAt` datetime DEFAULT NULL,
  `deletedAt` datetime DEFAULT NULL,
  PRIMARY KEY (`id`),
  KEY `userId` (`userId`),
  KEY `seatId` (`seatId`),
  KEY `filmId` (`filmId`),
  KEY `roomId` (`roomId`),
  KEY `arrangeId` (`arrangeId`),
  CONSTRAINT `booking_ibfk_1` FOREIGN KEY (`userId`) REFERENCES `user` (`userId`),
  CONSTRAINT `booking_ibfk_2` FOREIGN KEY (`seatId`) REFERENCES `seatinfo` (`seatId`),
  CONSTRAINT `booking_ibfk_3` FOREIGN KEY (`filmId`) REFERENCES `film` (`filmId`),
  CONSTRAINT `booking_ibfk_4` FOREIGN KEY (`roomId`) REFERENCES `filmroom` (`roomId`),
  CONSTRAINT `booking_ibfk_5` FOREIGN KEY (`arrangeId`) REFERENCES `arrange` (`arrangeId`)
) ENGINE=InnoDB AUTO_INCREMENT=163 DEFAULT CHARSET=utf8;

-- ----------------------------
-- Records of booking
-- ----------------------------
INSERT INTO `booking` VALUES ('1', '68', '1', '19', '35', '10', '123456', '', '2018-02-26 16:55:48', '2018-02-26 16:55:48', null);
INSERT INTO `booking` VALUES ('4', '62', '1', '119', '35', '10', '234521', '', '2018-02-26 17:44:23', '2018-02-26 17:44:23', null);
INSERT INTO `booking` VALUES ('5', '62', '1', '120', '35', '10', '223111', '', '2018-02-26 17:44:23', '2018-02-26 17:44:23', null);
INSERT INTO `booking` VALUES ('6', '63', '1', '124', '35', '10', '111111', '', '2018-02-27 09:09:44', '2018-02-27 09:09:44', null);
INSERT INTO `booking` VALUES ('7', '63', '1', '125', '35', '10', '222222', '', '2018-02-27 09:09:44', '2018-02-27 09:09:44', null);
INSERT INTO `booking` VALUES ('8', '63', '1', '124', '35', '10', '382959', '', '2018-02-27 09:10:56', '2018-02-27 09:10:56', null);
INSERT INTO `booking` VALUES ('9', '63', '1', '125', '35', '10', '231356', '', '2018-02-27 09:10:56', '2018-02-27 09:10:56', null);
INSERT INTO `booking` VALUES ('10', '63', '1', '113', '35', '10', '364197', '', '2018-02-27 09:11:21', '2018-02-27 09:11:21', null);
INSERT INTO `booking` VALUES ('11', '63', '1', '114', '35', '10', '755442', '', '2018-02-27 09:11:21', '2018-02-27 09:11:21', null);
INSERT INTO `booking` VALUES ('12', '63', '1', '114', '35', '10', '493303', '', '2018-02-27 09:13:23', '2018-02-27 09:13:23', null);
INSERT INTO `booking` VALUES ('13', '63', '1', '115', '35', '10', '626667', '', '2018-02-27 09:13:23', '2018-02-27 09:13:23', null);
INSERT INTO `booking` VALUES ('14', '63', '1', '114', '35', '10', '233205', '', '2018-02-27 09:13:44', '2018-02-27 09:13:44', null);
INSERT INTO `booking` VALUES ('15', '63', '1', '115', '35', '10', '763823', '', '2018-02-27 09:13:44', '2018-02-27 09:13:44', null);
INSERT INTO `booking` VALUES ('16', '63', '1', '113', '35', '10', '499442', '', '2018-02-27 09:14:27', '2018-02-27 09:14:27', null);
INSERT INTO `booking` VALUES ('17', '63', '1', '114', '35', '10', '106166', '', '2018-02-27 09:14:27', '2018-02-27 09:14:27', null);
INSERT INTO `booking` VALUES ('18', '63', '1', '112', '35', '10', '755691', '', '2018-02-27 09:14:59', '2018-02-27 09:14:59', null);
INSERT INTO `booking` VALUES ('19', '63', '1', '114', '35', '10', '630711', '', '2018-02-27 09:14:59', '2018-02-27 09:14:59', null);
INSERT INTO `booking` VALUES ('20', '63', '1', '119', '35', '10', '900783', '', '2018-02-27 09:15:39', '2018-02-27 09:15:39', null);
INSERT INTO `booking` VALUES ('21', '63', '1', '120', '35', '10', '257764', '', '2018-02-27 09:15:39', '2018-02-27 09:15:39', null);
INSERT INTO `booking` VALUES ('22', '63', '1', '119', '35', '10', '901116', '', '2018-02-27 09:15:45', '2018-02-27 09:15:45', null);
INSERT INTO `booking` VALUES ('23', '63', '1', '120', '35', '10', '650939', '', '2018-02-27 09:15:45', '2018-02-27 09:15:45', null);
INSERT INTO `booking` VALUES ('24', '63', '1', '119', '35', '10', '131046', '', '2018-02-27 09:16:08', '2018-02-27 09:16:08', null);
INSERT INTO `booking` VALUES ('25', '63', '1', '120', '35', '10', '646840', '', '2018-02-27 09:16:08', '2018-02-27 09:16:08', null);
INSERT INTO `booking` VALUES ('26', '63', '1', '125', '35', '10', '513774', '', '2018-02-27 09:16:08', '2018-02-27 09:16:08', null);
INSERT INTO `booking` VALUES ('27', '63', '1', '124', '35', '10', '260001', '', '2018-02-27 09:16:08', '2018-02-27 09:16:08', null);
INSERT INTO `booking` VALUES ('28', '63', '1', '122', '35', '10', '626619', '', '2018-02-27 09:16:08', '2018-02-27 09:16:08', null);
INSERT INTO `booking` VALUES ('29', '63', '1', '123', '35', '10', '499426', '', '2018-02-27 09:16:08', '2018-02-27 09:16:08', null);
INSERT INTO `booking` VALUES ('30', '63', '1', '119', '35', '10', '251637', '', '2018-02-27 09:17:18', '2018-02-27 09:17:18', null);
INSERT INTO `booking` VALUES ('31', '63', '1', '120', '35', '10', '784370', '', '2018-02-27 09:17:18', '2018-02-27 09:17:18', null);
INSERT INTO `booking` VALUES ('32', '63', '1', '119', '35', '10', '636859', '', '2018-02-27 09:17:37', '2018-02-27 09:17:37', null);
INSERT INTO `booking` VALUES ('33', '63', '1', '120', '35', '10', '630696', '', '2018-02-27 09:17:37', '2018-02-27 09:17:37', null);
INSERT INTO `booking` VALUES ('34', '68', '1', '113', '35', '10', '382898', '', '2018-03-04 09:48:35', '2018-03-04 09:48:35', null);
INSERT INTO `booking` VALUES ('35', '68', '1', '114', '35', '10', '763832', '', '2018-03-04 09:48:35', '2018-03-04 09:48:35', null);
INSERT INTO `booking` VALUES ('36', '68', '1', '119', '35', '10', '247469', '', '2018-03-04 09:52:16', '2018-03-04 09:52:16', null);
INSERT INTO `booking` VALUES ('37', '68', '1', '120', '35', '10', '773857', '', '2018-03-04 09:52:16', '2018-03-04 09:52:16', null);
INSERT INTO `booking` VALUES ('38', '68', '1', '117', '35', '10', '391137', '', '2018-03-04 11:25:32', '2018-03-04 11:25:32', null);
INSERT INTO `booking` VALUES ('39', '68', '1', '118', '35', '10', '649204', '', '2018-03-04 11:25:32', '2018-03-04 11:25:32', null);
INSERT INTO `booking` VALUES ('40', '148', '1', '80', '35', '19', '376571', '', '2018-03-23 13:42:46', '2018-03-23 13:42:46', null);
INSERT INTO `booking` VALUES ('41', '148', '1', '81', '35', '19', '130789', '', '2018-03-23 13:42:46', '2018-03-23 13:42:46', null);
INSERT INTO `booking` VALUES ('42', '147', '1', '91', '35', '9', '902838', '', '2018-03-23 13:45:31', '2018-03-23 13:45:31', null);
INSERT INTO `booking` VALUES ('43', '147', '1', '95', '35', '9', '114420', '', '2018-03-23 13:45:31', '2018-03-23 13:45:31', null);
INSERT INTO `booking` VALUES ('44', '148', '1', '75', '35', '19', '782241', '', '2018-03-23 13:47:06', '2018-03-23 13:47:06', null);
INSERT INTO `booking` VALUES ('45', '148', '1', '76', '35', '19', '130720', '', '2018-03-23 13:47:06', '2018-03-23 13:47:06', null);
INSERT INTO `booking` VALUES ('46', '148', '1', '77', '35', '19', '786401', '', '2018-03-23 13:48:33', '2018-03-23 13:48:33', null);
INSERT INTO `booking` VALUES ('47', '148', '1', '78', '35', '19', '241334', '', '2018-03-23 13:48:33', '2018-03-23 13:48:33', null);
INSERT INTO `booking` VALUES ('48', '147', '1', '96', '35', '9', '249831', '', '2018-03-23 13:50:14', '2018-03-23 13:50:14', null);
INSERT INTO `booking` VALUES ('49', '147', '1', '99', '35', '9', '368296', '', '2018-03-23 13:50:14', '2018-03-23 13:50:14', null);
INSERT INTO `booking` VALUES ('50', '148', '1', '82', '35', '19', '495273', '', '2018-03-23 13:53:08', '2018-03-23 13:53:08', null);
INSERT INTO `booking` VALUES ('51', '148', '1', '84', '35', '19', '901113', '', '2018-03-23 13:53:08', '2018-03-23 13:53:08', null);
INSERT INTO `booking` VALUES ('52', '148', '1', '74', '35', '19', '775906', '', '2018-03-23 13:56:23', '2018-03-23 13:56:23', null);
INSERT INTO `booking` VALUES ('53', '148', '1', '79', '35', '19', '775850', '', '2018-03-23 13:56:23', '2018-03-23 13:56:23', null);
INSERT INTO `booking` VALUES ('54', '148', '1', '83', '35', '19', '376822', '', '2018-03-23 13:56:23', '2018-03-23 13:56:23', null);
INSERT INTO `booking` VALUES ('55', '147', '1', '92', '35', '9', '493499', '', '2018-03-23 21:18:16', '2018-03-23 21:18:16', null);
INSERT INTO `booking` VALUES ('56', '147', '1', '93', '35', '9', '899059', '', '2018-03-23 21:18:16', '2018-03-23 21:18:16', null);
INSERT INTO `booking` VALUES ('57', '147', '1', '97', '35', '9', '120766', '', '2018-03-23 21:18:16', '2018-03-23 21:18:16', null);
INSERT INTO `booking` VALUES ('58', '145', '1', '95', '35', '9', '233465', '', '2018-03-23 21:19:40', '2018-03-23 21:19:40', null);
INSERT INTO `booking` VALUES ('59', '145', '1', '96', '35', '9', '890801', '', '2018-03-23 21:19:40', '2018-03-23 21:19:40', null);
INSERT INTO `booking` VALUES ('60', '145', '1', '93', '35', '9', '129003', '', '2018-03-23 21:20:51', '2018-03-23 21:20:51', null);
INSERT INTO `booking` VALUES ('61', '145', '1', '98', '35', '9', '120490', '', '2018-03-23 21:21:02', '2018-03-23 21:21:02', null);
INSERT INTO `booking` VALUES ('62', '145', '1', '101', '35', '9', '378597', '', '2018-03-23 21:21:02', '2018-03-23 21:21:02', null);
INSERT INTO `booking` VALUES ('63', '147', '1', '98', '35', '9', '497655', '', '2018-03-23 21:21:12', '2018-03-23 21:21:12', null);
INSERT INTO `booking` VALUES ('64', '147', '1', '101', '35', '9', '505507', '', '2018-03-23 21:21:12', '2018-03-23 21:21:12', null);
INSERT INTO `booking` VALUES ('65', '159', '1', '96', '35', '9', '523963', '', '2018-03-30 15:53:53', '2018-03-30 15:53:53', null);
INSERT INTO `booking` VALUES ('66', '159', '1', '97', '35', '9', '380576', '', '2018-03-30 15:53:53', '2018-03-30 15:53:53', null);
INSERT INTO `booking` VALUES ('67', '159', '1', '98', '35', '9', '653302', '', '2018-03-30 15:53:53', '2018-03-30 15:53:53', null);
INSERT INTO `booking` VALUES ('68', '159', '1', '100', '35', '9', '641013', '', '2018-03-30 15:53:53', '2018-03-30 15:53:53', null);
INSERT INTO `booking` VALUES ('69', '250', '1', '91', '38', '9', '239275', '', '2018-04-01 16:48:45', '2018-04-01 16:48:45', null);
INSERT INTO `booking` VALUES ('70', '250', '1', '92', '38', '9', '364285', '', '2018-04-01 16:48:45', '2018-04-01 16:48:45', null);
INSERT INTO `booking` VALUES ('71', '169', '1', '96', '35', '9', '771761', '', '2018-04-04 14:55:27', '2018-04-04 14:55:27', null);
INSERT INTO `booking` VALUES ('72', '169', '1', '100', '35', '9', '626682', '', '2018-04-04 15:02:26', '2018-04-04 15:02:26', null);
INSERT INTO `booking` VALUES ('73', '169', '1', '99', '35', '9', '765609', '', '2018-04-04 15:11:41', '2018-04-04 15:11:41', null);
INSERT INTO `booking` VALUES ('74', '169', '1', '93', '35', '9', '237559', '', '2018-04-04 15:13:44', '2018-04-04 15:13:44', null);
INSERT INTO `booking` VALUES ('75', '169', '1', '97', '35', '9', '632811', '', '2018-04-04 15:13:44', '2018-04-04 15:13:44', null);
INSERT INTO `booking` VALUES ('76', '169', '1', '94', '35', '9', '110498', '', '2018-04-04 16:46:02', '2018-04-04 16:46:02', null);
INSERT INTO `booking` VALUES ('77', '169', '1', '94', '35', '9', '513709', '', '2018-04-04 16:46:02', '2018-04-04 16:46:02', null);
INSERT INTO `booking` VALUES ('78', '169', '1', '94', '35', '9', '503786', '', '2018-04-04 16:46:02', '2018-04-04 16:46:02', null);
INSERT INTO `booking` VALUES ('79', '169', '1', '94', '35', '9', '626354', '', '2018-04-04 16:46:02', '2018-04-04 16:46:02', null);
INSERT INTO `booking` VALUES ('80', '169', '1', '94', '35', '9', '255971', '', '2018-04-04 16:46:02', '2018-04-04 16:46:02', null);
INSERT INTO `booking` VALUES ('81', '169', '1', '94', '35', '9', '501673', '', '2018-04-04 16:46:02', '2018-04-04 16:46:02', null);
INSERT INTO `booking` VALUES ('82', '169', '1', '94', '35', '9', '767981', '', '2018-04-04 16:46:02', '2018-04-04 16:46:02', null);
INSERT INTO `booking` VALUES ('83', '169', '1', '94', '35', '9', '755632', '', '2018-04-04 16:46:02', '2018-04-04 16:46:02', null);
INSERT INTO `booking` VALUES ('84', '169', '1', '94', '35', '9', '519929', '', '2018-04-04 16:46:02', '2018-04-04 16:46:02', null);
INSERT INTO `booking` VALUES ('85', '169', '1', '94', '35', '9', '513698', '', '2018-04-04 16:46:03', '2018-04-04 16:46:03', null);
INSERT INTO `booking` VALUES ('86', '169', '1', '94', '35', '9', '773882', '', '2018-04-04 16:46:03', '2018-04-04 16:46:03', null);
INSERT INTO `booking` VALUES ('87', '169', '1', '94', '35', '9', '364514', '', '2018-04-04 16:46:03', '2018-04-04 16:46:03', null);
INSERT INTO `booking` VALUES ('88', '169', '1', '94', '35', '9', '626686', '', '2018-04-04 16:46:03', '2018-04-04 16:46:03', null);
INSERT INTO `booking` VALUES ('89', '169', '1', '94', '35', '9', '376820', '', '2018-04-04 16:46:03', '2018-04-04 16:46:03', null);
INSERT INTO `booking` VALUES ('90', '169', '1', '94', '35', '9', '518114', '', '2018-04-04 16:46:03', '2018-04-04 16:46:03', null);
INSERT INTO `booking` VALUES ('91', '169', '1', '94', '35', '9', '251879', '', '2018-04-04 16:46:03', '2018-04-04 16:46:03', null);
INSERT INTO `booking` VALUES ('92', '169', '1', '94', '35', '9', '774049', '', '2018-04-04 16:46:03', '2018-04-04 16:46:03', null);
INSERT INTO `booking` VALUES ('93', '169', '1', '94', '35', '9', '755377', '', '2018-04-04 16:46:03', '2018-04-04 16:46:03', null);
INSERT INTO `booking` VALUES ('94', '169', '1', '94', '35', '9', '245744', '', '2018-04-04 16:46:03', '2018-04-04 16:46:03', null);
INSERT INTO `booking` VALUES ('95', '169', '1', '94', '35', '9', '364540', '', '2018-04-04 16:46:03', '2018-04-04 16:46:03', null);
INSERT INTO `booking` VALUES ('96', '169', '1', '94', '35', '9', '784298', '', '2018-04-04 16:46:03', '2018-04-04 16:46:03', null);
INSERT INTO `booking` VALUES ('97', '169', '1', '94', '35', '9', '780218', '', '2018-04-04 16:46:03', '2018-04-04 16:46:03', null);
INSERT INTO `booking` VALUES ('98', '169', '1', '94', '35', '9', '102131', '', '2018-04-04 16:46:03', '2018-04-04 16:46:03', null);
INSERT INTO `booking` VALUES ('99', '169', '1', '94', '35', '9', '507639', '', '2018-04-04 16:46:03', '2018-04-04 16:46:03', null);
INSERT INTO `booking` VALUES ('100', '169', '1', '94', '35', '9', '122605', '', '2018-04-04 16:46:03', '2018-04-04 16:46:03', null);
INSERT INTO `booking` VALUES ('101', '169', '1', '94', '35', '9', '509945', '', '2018-04-04 16:46:03', '2018-04-04 16:46:03', null);
INSERT INTO `booking` VALUES ('102', '169', '1', '94', '35', '9', '624616', '', '2018-04-04 16:46:03', '2018-04-04 16:46:03', null);
INSERT INTO `booking` VALUES ('103', '169', '1', '94', '35', '9', '100073', '', '2018-04-04 16:46:04', '2018-04-04 16:46:04', null);
INSERT INTO `booking` VALUES ('104', '169', '1', '94', '35', '9', '386982', '', '2018-04-04 16:46:04', '2018-04-04 16:46:04', null);
INSERT INTO `booking` VALUES ('105', '169', '1', '94', '35', '9', '233208', '', '2018-04-04 16:46:04', '2018-04-04 16:46:04', null);
INSERT INTO `booking` VALUES ('106', '169', '1', '94', '35', '9', '649187', '', '2018-04-04 16:46:04', '2018-04-04 16:46:04', null);
INSERT INTO `booking` VALUES ('107', '169', '1', '94', '35', '9', '130982', '', '2018-04-04 16:46:04', '2018-04-04 16:46:04', null);
INSERT INTO `booking` VALUES ('108', '169', '1', '94', '35', '9', '507647', '', '2018-04-04 16:46:04', '2018-04-04 16:46:04', null);
INSERT INTO `booking` VALUES ('109', '169', '1', '94', '35', '9', '380920', '', '2018-04-04 16:46:04', '2018-04-04 16:46:04', null);
INSERT INTO `booking` VALUES ('110', '169', '1', '94', '35', '9', '497655', '', '2018-04-04 16:46:04', '2018-04-04 16:46:04', null);
INSERT INTO `booking` VALUES ('111', '169', '1', '94', '35', '9', '249514', '', '2018-04-04 16:46:04', '2018-04-04 16:46:04', null);
INSERT INTO `booking` VALUES ('112', '169', '1', '94', '35', '9', '120821', '', '2018-04-04 16:46:04', '2018-04-04 16:46:04', null);
INSERT INTO `booking` VALUES ('113', '169', '1', '94', '35', '9', '364206', '', '2018-04-04 16:46:04', '2018-04-04 16:46:04', null);
INSERT INTO `booking` VALUES ('114', '169', '1', '94', '35', '9', '108264', '', '2018-04-04 16:46:04', '2018-04-04 16:46:04', null);
INSERT INTO `booking` VALUES ('115', '169', '1', '94', '35', '9', '894910', '', '2018-04-04 16:46:05', '2018-04-04 16:46:05', null);
INSERT INTO `booking` VALUES ('116', '169', '1', '94', '35', '9', '642801', '', '2018-04-04 16:46:05', '2018-04-04 16:46:05', null);
INSERT INTO `booking` VALUES ('117', '169', '1', '94', '35', '9', '651250', '', '2018-04-04 16:46:05', '2018-04-04 16:46:05', null);
INSERT INTO `booking` VALUES ('118', '169', '1', '94', '35', '9', '382704', '', '2018-04-04 16:46:05', '2018-04-04 16:46:05', null);
INSERT INTO `booking` VALUES ('119', '169', '1', '94', '35', '9', '782317', '', '2018-04-04 16:46:05', '2018-04-04 16:46:05', null);
INSERT INTO `booking` VALUES ('120', '169', '1', '94', '35', '9', '126965', '', '2018-04-04 16:46:05', '2018-04-04 16:46:05', null);
INSERT INTO `booking` VALUES ('121', '169', '1', '94', '35', '9', '775923', '', '2018-04-04 16:46:05', '2018-04-04 16:46:05', null);
INSERT INTO `booking` VALUES ('122', '169', '1', '94', '35', '9', '786161', '', '2018-04-04 16:46:05', '2018-04-04 16:46:05', null);
INSERT INTO `booking` VALUES ('123', '169', '1', '94', '35', '9', '780192', '', '2018-04-04 16:46:05', '2018-04-04 16:46:05', null);
INSERT INTO `booking` VALUES ('124', '169', '1', '92', '35', '9', '628466', '', '2018-04-04 16:48:35', '2018-04-04 16:48:35', null);
INSERT INTO `booking` VALUES ('125', '170', '1', '79', '35', '19', '253877', '', '2018-04-04 16:49:34', '2018-04-04 16:49:34', null);
INSERT INTO `booking` VALUES ('126', '179', '1', '98', '35', '9', '759798', '', '2018-04-09 21:47:14', '2018-04-09 21:47:14', null);
INSERT INTO `booking` VALUES ('127', '179', '1', '97', '35', '9', '370605', '', '2018-04-09 21:47:36', '2018-04-09 21:47:36', null);
INSERT INTO `booking` VALUES ('128', '179', '1', '93', '35', '9', '364200', '', '2018-04-09 21:47:36', '2018-04-09 21:47:36', null);
INSERT INTO `booking` VALUES ('129', '284', '1', '127', '35', '10', '128956', '', '2018-04-13 13:13:01', '2018-04-13 13:13:01', null);
INSERT INTO `booking` VALUES ('130', '284', '1', '128', '35', '10', '505589', '', '2018-04-13 13:13:01', '2018-04-13 13:13:01', null);
INSERT INTO `booking` VALUES ('131', '284', '1', '132', '35', '10', '120559', '', '2018-04-13 13:13:01', '2018-04-13 13:13:01', null);
INSERT INTO `booking` VALUES ('132', '284', '1', '133', '35', '10', '124580', '', '2018-04-13 13:13:01', '2018-04-13 13:13:01', null);
INSERT INTO `booking` VALUES ('133', '366', '1', '113', '72', '10', '909241', '', '2018-04-24 11:41:13', '2018-04-24 11:41:13', null);
INSERT INTO `booking` VALUES ('134', '366', '1', '114', '72', '10', '120503', '', '2018-04-24 11:41:13', '2018-04-24 11:41:13', null);
INSERT INTO `booking` VALUES ('135', '366', '1', '120', '72', '10', '628463', '', '2018-04-24 11:46:34', '2018-04-24 11:46:34', null);
INSERT INTO `booking` VALUES ('136', '366', '1', '119', '72', '10', '761846', '', '2018-04-24 11:46:34', '2018-04-24 11:46:34', null);
INSERT INTO `booking` VALUES ('137', '366', '1', '123', '72', '10', '653305', '', '2018-04-24 11:48:39', '2018-04-24 11:48:39', null);
INSERT INTO `booking` VALUES ('138', '366', '1', '122', '72', '10', '778158', '', '2018-04-24 11:48:39', '2018-04-24 11:48:39', null);
INSERT INTO `booking` VALUES ('139', '366', '1', '124', '72', '10', '384933', '', '2018-04-24 11:55:22', '2018-04-24 11:55:22', null);
INSERT INTO `booking` VALUES ('140', '366', '1', '125', '72', '10', '231139', '', '2018-04-24 11:55:22', '2018-04-24 11:55:22', null);
INSERT INTO `booking` VALUES ('141', '366', '1', '117', '72', '10', '655029', '', '2018-04-24 11:56:22', '2018-04-24 11:56:22', null);
INSERT INTO `booking` VALUES ('142', '366', '1', '127', '72', '10', '655344', '', '2018-04-24 11:57:05', '2018-04-24 11:57:05', null);
INSERT INTO `booking` VALUES ('143', '366', '1', '129', '72', '10', '786164', '', '2018-04-24 12:21:29', '2018-04-24 12:21:29', null);
INSERT INTO `booking` VALUES ('144', '366', '1', '130', '72', '10', '761770', '', '2018-04-24 12:21:29', '2018-04-24 12:21:29', null);
INSERT INTO `booking` VALUES ('145', '366', '1', '133', '72', '10', '630717', '', '2018-04-24 12:22:41', '2018-04-24 12:22:41', null);
INSERT INTO `booking` VALUES ('146', '366', '1', '133', '72', '10', '260077', '', '2018-04-24 12:23:45', '2018-04-24 12:23:45', null);
INSERT INTO `booking` VALUES ('147', '366', '1', '134', '72', '10', '917438', '', '2018-04-24 12:25:12', '2018-04-24 12:25:12', null);
INSERT INTO `booking` VALUES ('148', '366', '1', '134', '72', '10', '624381', '', '2018-04-24 12:26:44', '2018-04-24 12:26:44', null);
INSERT INTO `booking` VALUES ('149', '366', '1', '131', '72', '10', '241378', '', '2018-04-24 12:26:59', '2018-04-24 12:26:59', null);
INSERT INTO `booking` VALUES ('150', '366', '1', '126', '72', '10', '894910', '', '2018-04-24 12:28:27', '2018-04-24 12:28:27', null);
INSERT INTO `booking` VALUES ('151', '343', '1', '180', '71', '14', '380922', '', '2018-05-09 08:42:23', '2018-05-09 08:42:23', null);
INSERT INTO `booking` VALUES ('152', '375', '1', '93', '71', '9', '386812', '', '2018-05-09 10:09:19', '2018-05-09 10:09:19', null);
INSERT INTO `booking` VALUES ('153', '375', '1', '94', '71', '9', '915428', '', '2018-05-09 10:09:19', '2018-05-09 10:09:19', null);
INSERT INTO `booking` VALUES ('154', '375', '1', '91', '71', '9', '505789', '', '2018-05-09 10:10:25', '2018-05-09 10:10:25', null);
INSERT INTO `booking` VALUES ('155', '375', '1', '95', '71', '9', '786431', '', '2018-05-09 10:10:25', '2018-05-09 10:10:25', null);
INSERT INTO `booking` VALUES ('156', '1851', '1', '112', '70', '10', '235185', '', '2018-05-12 07:54:44', '2018-05-12 07:54:44', null);
INSERT INTO `booking` VALUES ('157', '1851', '1', '114', '70', '10', '362223', '', '2018-05-12 07:54:44', '2018-05-12 07:54:44', null);
INSERT INTO `booking` VALUES ('158', '1851', '1', '119', '70', '10', '761768', '', '2018-05-12 07:54:56', '2018-05-12 07:54:56', null);
INSERT INTO `booking` VALUES ('159', '1851', '1', '118', '70', '10', '645106', '', '2018-05-12 07:54:56', '2018-05-12 07:54:56', null);
INSERT INTO `booking` VALUES ('160', '1851', '1', '120', '70', '10', '231165', '', '2018-05-12 07:55:09', '2018-05-12 07:55:09', null);
INSERT INTO `booking` VALUES ('161', '1422', '1', '96', '70', '9', '241577', '', '2018-05-12 12:22:05', '2018-05-12 12:22:05', null);
INSERT INTO `booking` VALUES ('162', '1422', '1', '97', '70', '9', '235186', '', '2018-05-12 12:22:05', '2018-05-12 12:22:05', null);

-- ----------------------------
-- Table structure for `film`
-- ----------------------------
DROP TABLE IF EXISTS `film`;
CREATE TABLE `film` (
  `filmId` bigint(20) NOT NULL AUTO_INCREMENT,
  `filmName` varchar(255) NOT NULL,
  `englishName` varchar(255) DEFAULT NULL,
  `introduction` varchar(255) DEFAULT NULL,
  `createdAt` datetime NOT NULL,
  `updatedAt` datetime NOT NULL,
  `deletedAt` datetime DEFAULT NULL,
  `directors` varchar(255) DEFAULT NULL,
  `performers` varchar(255) DEFAULT NULL,
  `onTime` datetime DEFAULT NULL,
  `filmTime` varchar(255) DEFAULT NULL,
  PRIMARY KEY (`filmId`)
) ENGINE=InnoDB AUTO_INCREMENT=79 DEFAULT CHARSET=utf8;

-- ----------------------------
-- Records of film
-- ----------------------------
INSERT INTO `film` VALUES ('35', '', 'your name', '123', '2018-01-30 12:33:38', '2018-01-30 12:33:38', '2018-04-23 18:25:58', '1234-4343', '123123-3432423', '2018-01-25 12:27:58', '10');
INSERT INTO `film` VALUES ('36', '', 'your name', '13123123123123', '2018-01-30 12:34:19', '2018-01-30 12:34:19', '2018-01-31 21:20:28', '1234-4343', '123123-343434-45454', '2018-01-24 12:27:58', '10');
INSERT INTO `film` VALUES ('37', '', 'your name', '13123123123123', '2018-01-30 12:34:21', '2018-01-30 12:34:21', '2018-01-31 21:23:00', '1234-4343', '123123-343434-45454', '2018-01-24 12:27:58', '10');
INSERT INTO `film` VALUES ('38', '', 'your name', '13123123123123', '2018-01-30 12:34:21', '2018-01-30 12:34:21', '2018-04-23 18:27:59', '1234-4343', '123123-343434-45454', '2018-01-24 12:27:58', '10');
INSERT INTO `film` VALUES ('39', '', 'your name', '13123123123123', '2018-01-30 12:34:22', '2018-01-30 12:34:22', '2018-04-23 18:30:26', '1234-4343', '123123-343434-45454', '2018-01-24 12:27:58', '10');
INSERT INTO `film` VALUES ('40', '', 'your name', '13123123123123', '2018-01-30 12:34:23', '2018-01-30 12:34:23', '2018-04-23 18:30:29', '1234-4343', '123123-343434-45454', '2018-01-24 12:27:58', '10');
INSERT INTO `film` VALUES ('41', '', 'your name', '13123123123123', '2018-01-30 12:34:23', '2018-01-30 12:34:23', '2018-04-23 18:30:31', '1234-4343', '123123-343434-45454', '2018-01-24 12:27:58', '10');
INSERT INTO `film` VALUES ('42', '', 'your name', '13123123123123', '2018-01-30 12:34:24', '2018-01-30 12:34:24', '2018-04-23 18:30:33', '1234-4343', '123123-343434-45454', '2018-01-24 12:27:58', '10');
INSERT INTO `film` VALUES ('43', '', 'your name', '13123123123123', '2018-01-30 12:34:24', '2018-01-30 12:34:24', '2018-04-23 18:30:34', '1234-4343', '123123-343434-45454', '2018-01-24 12:27:58', '10');
INSERT INTO `film` VALUES ('44', '', 'your name', '13123123123123', '2018-01-30 12:34:25', '2018-01-30 12:34:25', '2018-04-23 18:30:36', '1234-4343', '123123-343434-45454', '2018-01-24 12:27:58', '10');
INSERT INTO `film` VALUES ('45', '', 'your name', '13123123123123', '2018-01-30 12:34:29', '2018-01-30 12:34:29', '2018-04-23 18:30:37', '1234-4343', '123123-343434-45454', '2018-01-24 12:27:58', '10');
INSERT INTO `film` VALUES ('46', '', 'your name', '13123123123123', '2018-01-30 12:34:29', '2018-01-30 12:34:29', '2018-04-23 18:30:40', '1234-4343', '123123-343434-45454', '2018-01-24 12:27:58', '10');
INSERT INTO `film` VALUES ('47', '', 'your name', '13123123123123', '2018-01-30 12:34:30', '2018-01-30 12:34:30', '2018-04-23 18:31:15', '1234-4343', '123123-343434-45454', '2018-01-24 12:27:58', '10');
INSERT INTO `film` VALUES ('48', '', 'your name', '13123123123123', '2018-01-30 12:34:30', '2018-01-30 12:34:30', '2018-04-23 18:31:16', '1234-4343', '123123-343434-45454', '2018-01-24 12:27:58', '10');
INSERT INTO `film` VALUES ('49', '', 'your name', '13123123123123', '2018-01-30 12:34:31', '2018-01-30 12:34:31', '2018-04-23 18:31:18', '1234-4343', '123123-343434-45454', '2018-01-24 12:27:58', '10');
INSERT INTO `film` VALUES ('50', '', 'your name', '13123123123123', '2018-01-30 12:34:32', '2018-01-30 12:34:32', '2018-04-23 18:31:20', '1234-4343', '123123-343434-45454', '2018-01-24 12:27:58', '10');
INSERT INTO `film` VALUES ('51', '', 'your name', '13123123123123', '2018-01-30 12:34:32', '2018-01-30 12:34:32', '2018-04-23 18:31:22', '1234-4343', '123123-343434-45454', '2018-01-24 12:27:58', '10');
INSERT INTO `film` VALUES ('52', '', 'your name', '13123123123123', '2018-01-30 12:34:33', '2018-01-30 12:34:33', '2018-04-23 18:31:23', '1234-4343', '123123-343434-45454', '2018-01-24 12:27:58', '10');
INSERT INTO `film` VALUES ('53', '', 'your name', '13123123123123', '2018-01-30 12:34:33', '2018-01-30 12:34:33', '2018-04-23 18:31:26', '1234-4343', '123123-343434-45454', '2018-01-24 12:27:58', '10');
INSERT INTO `film` VALUES ('54', '', 'your name', '13123123123123', '2018-01-30 12:34:34', '2018-01-30 12:34:34', '2018-04-23 18:31:25', '1234-4343', '123123-343434-45454', '2018-01-24 12:27:58', '10');
INSERT INTO `film` VALUES ('55', '', 'your name', '13123123123123', '2018-01-30 12:34:35', '2018-01-30 12:34:35', '2018-04-23 18:31:27', '1234-4343', '123123-343434-45454', '2018-01-24 12:27:58', '10');
INSERT INTO `film` VALUES ('56', '', 'your name', '13123123123123', '2018-01-30 12:34:35', '2018-01-30 12:34:35', '2018-04-23 18:31:29', '1234-4343', '123123-343434-45454', '2018-01-24 12:27:58', '10');
INSERT INTO `film` VALUES ('57', '', 'your name', '13123123123123', '2018-01-30 12:34:36', '2018-01-30 12:34:36', '2018-04-23 18:30:56', '1234-4343', '123123-343434-45454', '2018-01-24 12:27:58', '10');
INSERT INTO `film` VALUES ('58', '', 'your name', '13123123123123', '2018-01-30 12:34:36', '2018-01-30 12:34:36', '2018-04-23 18:30:57', '1234-4343', '123123-343434-45454', '2018-01-24 12:27:58', '10');
INSERT INTO `film` VALUES ('59', '', 'your name', '13123123123123', '2018-01-30 12:34:37', '2018-01-30 12:34:37', '2018-04-23 18:30:59', '1234-4343', '123123-343434-45454', '2018-01-24 12:27:58', '10');
INSERT INTO `film` VALUES ('60', '', 'your name', '13123123123123', '2018-01-30 12:34:37', '2018-01-30 12:34:37', '2018-04-23 18:31:01', '1234-4343', '123123-343434-45454', '2018-01-24 12:27:58', '10');
INSERT INTO `film` VALUES ('61', '', 'your name', '13123123123123', '2018-01-30 12:34:38', '2018-01-30 12:34:38', '2018-04-23 18:31:02', '1234-4343', '123123-343434-45454', '2018-01-24 12:27:58', '10');
INSERT INTO `film` VALUES ('62', '', 'your name', '13123123123123', '2018-01-30 12:34:38', '2018-01-30 12:34:38', '2018-04-23 18:31:04', '1234-4343', '123123-343434-45454', '2018-01-24 12:27:58', '10');
INSERT INTO `film` VALUES ('63', '', 'your name', '13123123123123', '2018-01-30 12:34:39', '2018-01-30 12:34:39', '2018-04-23 18:31:06', '1234-4343', '123123-343434-45454', '2018-01-24 12:27:58', '10');
INSERT INTO `film` VALUES ('64', '', 'your name', '13123123123123', '2018-01-30 12:34:40', '2018-01-30 12:34:40', '2018-04-23 18:31:07', '1234-4343', '123123-343434-45454', '2018-01-24 12:27:58', '10');
INSERT INTO `film` VALUES ('65', '', 'your name', '13123123123123', '2018-01-30 12:34:41', '2018-01-30 12:34:41', '2018-04-23 18:31:09', '1234-4343', '123123-343434-45454', '2018-01-24 12:27:58', '10');
INSERT INTO `film` VALUES ('66', '', '2', '12312312', '2018-02-01 15:40:00', '2018-02-01 15:40:00', '2018-04-23 18:30:46', '123', '123', '2018-02-19 15:37:25', '10');
INSERT INTO `film` VALUES ('67', '', 'shape of voice', '12312312', '2018-02-01 15:48:33', '2018-02-01 15:48:33', '2018-04-23 18:31:10', '1213', '12312', '2018-02-26 15:48:23', '10');
INSERT INTO `film` VALUES ('68', '', 'long of time', 'weqweqweqweqweqweqwe', '2018-02-01 16:03:44', '2018-02-01 16:03:44', '2018-04-23 18:30:52', '123123', '123123', '2018-02-04 16:03:30', '10');
INSERT INTO `film` VALUES ('69', '', 'long of time', 'weqweqweqweqweqweqwe', '2018-02-01 16:06:16', '2018-02-01 16:06:16', '2018-04-23 18:30:54', '123123', '123123', '2018-02-04 16:03:30', '10');
INSERT INTO `film` VALUES ('70', ' ', 'Rampage', '  , ', '2018-04-23 19:22:49', '2018-04-23 19:22:49', null, '', '---', '2018-04-14 19:22:00', '148');
INSERT INTO `film` VALUES ('71', '', 'Ready Player One', '2045VR  ', '2018-04-23 19:29:15', '2018-04-23 19:29:15', null, '', '---', '2018-04-01 03:28:48', '220');
INSERT INTO `film` VALUES ('72', '', 'Us and Them', '  ', '2018-04-23 19:35:52', '2018-04-23 19:35:52', null, '', '--', '2018-04-29 03:35:27', '20');
INSERT INTO `film` VALUES ('73', ' 21', '21 Karat', '  ', '2018-04-23 19:38:37', '2018-04-23 19:38:37', null, '', '---', '2018-04-21 03:38:15', '136');
INSERT INTO `film` VALUES ('74', '3', 'Avengers:Infinity War', '10', '2018-04-23 19:42:01', '2018-04-23 19:42:01', null, '', '---', '2018-05-12 03:40:51', '236');
INSERT INTO `film` VALUES ('75', ' ', 'Isle of Dogs', '2012', '2018-04-23 19:44:41', '2018-04-23 19:44:41', null, '', '---', '2018-04-21 03:42:39', '142');
INSERT INTO `film` VALUES ('76', '', 'A or B', '     ', '2018-04-23 19:47:28', '2018-04-23 19:47:28', null, ' ', '- -- ', '2018-04-29 03:45:35', '154');
INSERT INTO `film` VALUES ('77', '', 'DUDES MANUAL', '( )( )( )', '2018-04-23 19:49:56', '2018-04-23 19:49:56', null, '', '---', '2018-04-21 03:47:54', '141');
INSERT INTO `film` VALUES ('78', '3123123', '1231231231', '12312', '2018-04-23 21:02:44', '2018-04-23 21:02:44', '2018-04-23 21:04:31', '312312', '12321', '2018-04-24 21:02:34', '213');

-- ----------------------------
-- Table structure for `filmarea`
-- ----------------------------
DROP TABLE IF EXISTS `filmarea`;
CREATE TABLE `filmarea` (
  `areaId` int(11) NOT NULL AUTO_INCREMENT,
  `areaName` varchar(255) NOT NULL,
  `createdAt` datetime NOT NULL,
  `updatedAt` datetime NOT NULL,
  `deletedAt` datetime DEFAULT NULL,
  PRIMARY KEY (`areaId`)
) ENGINE=InnoDB AUTO_INCREMENT=37 DEFAULT CHARSET=utf8;

-- ----------------------------
-- Records of filmarea
-- ----------------------------
INSERT INTO `filmarea` VALUES ('19', '', '2018-01-16 05:51:39', '2018-01-16 05:51:39', null);
INSERT INTO `filmarea` VALUES ('20', '', '2018-01-16 05:51:39', '2018-01-16 05:51:39', null);
INSERT INTO `filmarea` VALUES ('21', '', '2018-01-16 05:51:39', '2018-01-16 05:51:39', null);
INSERT INTO `filmarea` VALUES ('22', '', '2018-01-16 05:51:39', '2018-01-16 05:51:39', null);
INSERT INTO `filmarea` VALUES ('23', '', '2018-01-16 05:51:39', '2018-01-16 05:51:39', null);
INSERT INTO `filmarea` VALUES ('24', '', '2018-01-16 05:51:39', '2018-01-16 05:51:39', null);
INSERT INTO `filmarea` VALUES ('25', '', '2018-01-16 05:51:39', '2018-01-16 05:51:39', null);
INSERT INTO `filmarea` VALUES ('26', '', '2018-01-16 05:51:39', '2018-01-16 05:51:39', null);
INSERT INTO `filmarea` VALUES ('27', '', '2018-01-16 05:51:39', '2018-01-16 05:51:39', null);
INSERT INTO `filmarea` VALUES ('28', '', '2018-01-16 05:51:39', '2018-01-16 05:51:39', null);
INSERT INTO `filmarea` VALUES ('29', '', '2018-01-16 05:51:39', '2018-01-16 05:51:39', null);
INSERT INTO `filmarea` VALUES ('30', '', '2018-01-16 05:51:39', '2018-01-16 05:51:39', null);
INSERT INTO `filmarea` VALUES ('31', '', '2018-01-16 05:51:39', '2018-01-16 05:51:39', null);
INSERT INTO `filmarea` VALUES ('32', '', '2018-01-16 05:51:39', '2018-01-16 05:51:39', null);
INSERT INTO `filmarea` VALUES ('33', '', '2018-01-16 05:51:39', '2018-01-16 05:51:39', null);
INSERT INTO `filmarea` VALUES ('34', '', '2018-01-16 05:51:39', '2018-01-16 05:51:39', null);
INSERT INTO `filmarea` VALUES ('35', '', '2018-01-16 05:51:39', '2018-01-16 05:51:39', null);
INSERT INTO `filmarea` VALUES ('36', '', '2018-01-16 05:51:39', '2018-01-16 05:51:39', null);

-- ----------------------------
-- Table structure for `filmclass`
-- ----------------------------
DROP TABLE IF EXISTS `filmclass`;
CREATE TABLE `filmclass` (
  `classId` int(11) NOT NULL AUTO_INCREMENT,
  `className` varchar(255) NOT NULL,
  `createdAt` datetime NOT NULL,
  `updatedAt` datetime NOT NULL,
  `deletedAt` datetime DEFAULT NULL,
  PRIMARY KEY (`classId`)
) ENGINE=InnoDB AUTO_INCREMENT=52 DEFAULT CHARSET=utf8;

-- ----------------------------
-- Records of filmclass
-- ----------------------------
INSERT INTO `filmclass` VALUES ('1', '', '2018-01-16 05:51:39', '2018-01-16 05:51:39', null);
INSERT INTO `filmclass` VALUES ('27', '', '2018-01-16 05:51:39', '2018-01-16 05:51:39', null);
INSERT INTO `filmclass` VALUES ('28', '', '2018-01-16 05:51:39', '2018-01-16 05:51:39', null);
INSERT INTO `filmclass` VALUES ('29', '', '2018-01-16 05:51:39', '2018-01-16 05:51:39', null);
INSERT INTO `filmclass` VALUES ('30', '', '2018-01-16 05:51:39', '2018-01-16 05:51:39', null);
INSERT INTO `filmclass` VALUES ('31', '', '2018-01-16 05:51:39', '2018-01-16 05:51:39', null);
INSERT INTO `filmclass` VALUES ('32', '', '2018-01-16 05:51:39', '2018-01-16 05:51:39', null);
INSERT INTO `filmclass` VALUES ('33', '', '2018-01-16 05:51:39', '2018-01-16 05:51:39', null);
INSERT INTO `filmclass` VALUES ('34', '', '2018-01-16 05:51:39', '2018-01-16 05:51:39', null);
INSERT INTO `filmclass` VALUES ('35', '', '2018-01-16 05:51:39', '2018-01-16 05:51:39', null);
INSERT INTO `filmclass` VALUES ('36', '', '2018-01-16 05:51:39', '2018-01-16 05:51:39', null);
INSERT INTO `filmclass` VALUES ('37', '', '2018-01-16 05:51:39', '2018-01-16 05:51:39', null);
INSERT INTO `filmclass` VALUES ('38', '', '2018-01-16 05:51:39', '2018-01-16 05:51:39', null);
INSERT INTO `filmclass` VALUES ('39', '', '2018-01-16 05:51:39', '2018-01-16 05:51:39', null);
INSERT INTO `filmclass` VALUES ('40', '', '2018-01-16 05:51:39', '2018-01-16 05:51:39', null);
INSERT INTO `filmclass` VALUES ('41', '', '2018-01-16 05:51:39', '2018-01-16 05:51:39', null);
INSERT INTO `filmclass` VALUES ('42', '', '2018-01-16 05:51:39', '2018-01-16 05:51:39', null);
INSERT INTO `filmclass` VALUES ('43', '', '2018-01-16 05:51:39', '2018-01-16 05:51:39', null);
INSERT INTO `filmclass` VALUES ('44', '', '2018-01-16 05:51:39', '2018-01-16 05:51:39', null);
INSERT INTO `filmclass` VALUES ('45', '', '2018-01-16 05:51:39', '2018-01-16 05:51:39', null);
INSERT INTO `filmclass` VALUES ('46', '', '2018-01-16 05:51:39', '2018-01-16 05:51:39', null);
INSERT INTO `filmclass` VALUES ('47', '', '2018-01-16 05:51:39', '2018-01-16 05:51:39', null);
INSERT INTO `filmclass` VALUES ('48', '', '2018-01-16 05:51:39', '2018-01-16 05:51:39', null);
INSERT INTO `filmclass` VALUES ('49', '', '2018-01-16 05:51:39', '2018-01-16 05:51:39', null);
INSERT INTO `filmclass` VALUES ('50', '', '2018-01-16 05:51:39', '2018-01-16 05:51:39', null);
INSERT INTO `filmclass` VALUES ('51', '', '2018-01-16 05:51:39', '2018-01-16 05:51:39', null);

-- ----------------------------
-- Table structure for `filmroom`
-- ----------------------------
DROP TABLE IF EXISTS `filmroom`;
CREATE TABLE `filmroom` (
  `roomId` int(11) NOT NULL AUTO_INCREMENT,
  `roomName` varchar(64) DEFAULT NULL,
  `number` int(11) DEFAULT NULL,
  `row` int(11) DEFAULT NULL,
  `column` int(11) DEFAULT NULL,
  `createdAt` datetime DEFAULT NULL,
  `updatedAt` datetime DEFAULT NULL,
  `deletedAt` datetime DEFAULT NULL,
  PRIMARY KEY (`roomId`)
) ENGINE=InnoDB AUTO_INCREMENT=21 DEFAULT CHARSET=utf8;

-- ----------------------------
-- Records of filmroom
-- ----------------------------
INSERT INTO `filmroom` VALUES ('9', '', '45', '5', '10', '2018-01-31 17:01:47', '2018-02-20 17:23:25', null);
INSERT INTO `filmroom` VALUES ('10', '', '20', '10', '5', '2018-01-31 17:03:36', '2018-02-26 12:15:06', null);
INSERT INTO `filmroom` VALUES ('11', '123', '123', '5', '5', '2018-02-05 09:28:14', '2018-02-05 09:28:14', '2018-02-08 17:30:56');
INSERT INTO `filmroom` VALUES ('12', '123', '12312', '5', '5', '2018-02-05 10:10:39', '2018-02-05 10:10:39', '2018-02-08 17:31:38');
INSERT INTO `filmroom` VALUES ('13', 'vip', '12', '5', '5', '2018-02-05 10:14:40', '2018-02-05 10:14:40', '2018-02-08 17:29:07');
INSERT INTO `filmroom` VALUES ('14', 'vip', '12', '5', '5', '2018-02-05 10:15:35', '2018-04-24 08:59:04', null);
INSERT INTO `filmroom` VALUES ('15', '12312312', '12312312', '5', '5', '2018-02-05 10:45:05', '2018-02-05 10:45:05', '2018-02-08 17:32:23');
INSERT INTO `filmroom` VALUES ('16', '12312', '12', '5', '5', '2018-02-05 11:49:04', '2018-02-05 11:49:04', '2018-02-08 17:36:53');
INSERT INTO `filmroom` VALUES ('17', '12312', '12', '5', '5', '2018-02-05 11:49:06', '2018-02-05 11:49:06', '2018-02-08 17:36:58');
INSERT INTO `filmroom` VALUES ('18', '12312', '12', '5', '5', '2018-02-05 11:49:06', '2018-02-05 11:49:06', '2018-02-13 09:14:04');
INSERT INTO `filmroom` VALUES ('19', '', '12', '5', '5', '2018-02-05 11:49:07', '2018-04-23 21:27:29', null);
INSERT INTO `filmroom` VALUES ('20', '', '20', '5', '10', '2018-02-20 15:53:20', '2018-04-23 21:27:40', '2018-04-24 08:58:20');

-- ----------------------------
-- Table structure for `filmtoarea`
-- ----------------------------
DROP TABLE IF EXISTS `filmtoarea`;
CREATE TABLE `filmtoarea` (
  `createdAt` datetime NOT NULL,
  `updatedAt` datetime NOT NULL,
  `filmId` bigint(20) NOT NULL,
  `areaId` int(11) NOT NULL,
  PRIMARY KEY (`filmId`,`areaId`),
  KEY `filmtoarea_ibfk2` (`areaId`),
  CONSTRAINT `filmtoarea_ibfk1` FOREIGN KEY (`filmId`) REFERENCES `film` (`filmId`) ON DELETE CASCADE ON UPDATE CASCADE,
  CONSTRAINT `filmtoarea_ibfk2` FOREIGN KEY (`areaId`) REFERENCES `filmarea` (`areaId`) ON DELETE CASCADE ON UPDATE CASCADE
) ENGINE=InnoDB DEFAULT CHARSET=utf8;

-- ----------------------------
-- Records of filmtoarea
-- ----------------------------
INSERT INTO `filmtoarea` VALUES ('2018-04-06 19:34:14', '2018-04-06 19:34:14', '35', '20');
INSERT INTO `filmtoarea` VALUES ('2018-04-06 19:34:14', '2018-04-06 19:34:14', '35', '21');
INSERT INTO `filmtoarea` VALUES ('2018-01-30 12:34:19', '2018-01-30 12:34:19', '36', '19');
INSERT INTO `filmtoarea` VALUES ('2018-01-30 12:34:19', '2018-01-30 12:34:19', '36', '20');
INSERT INTO `filmtoarea` VALUES ('2018-01-30 12:34:21', '2018-01-30 12:34:21', '37', '19');
INSERT INTO `filmtoarea` VALUES ('2018-01-30 12:34:21', '2018-01-30 12:34:21', '37', '20');
INSERT INTO `filmtoarea` VALUES ('2018-01-30 12:34:21', '2018-01-30 12:34:21', '38', '19');
INSERT INTO `filmtoarea` VALUES ('2018-01-30 12:34:21', '2018-01-30 12:34:21', '38', '20');
INSERT INTO `filmtoarea` VALUES ('2018-01-30 12:34:22', '2018-01-30 12:34:22', '39', '19');
INSERT INTO `filmtoarea` VALUES ('2018-01-30 12:34:22', '2018-01-30 12:34:22', '39', '20');
INSERT INTO `filmtoarea` VALUES ('2018-01-30 12:34:23', '2018-01-30 12:34:23', '40', '19');
INSERT INTO `filmtoarea` VALUES ('2018-01-30 12:34:23', '2018-01-30 12:34:23', '40', '20');
INSERT INTO `filmtoarea` VALUES ('2018-01-30 12:34:23', '2018-01-30 12:34:23', '41', '19');
INSERT INTO `filmtoarea` VALUES ('2018-01-30 12:34:23', '2018-01-30 12:34:23', '41', '20');
INSERT INTO `filmtoarea` VALUES ('2018-01-30 12:34:24', '2018-01-30 12:34:24', '42', '19');
INSERT INTO `filmtoarea` VALUES ('2018-01-30 12:34:24', '2018-01-30 12:34:24', '42', '20');
INSERT INTO `filmtoarea` VALUES ('2018-01-30 12:34:24', '2018-01-30 12:34:24', '43', '19');
INSERT INTO `filmtoarea` VALUES ('2018-01-30 12:34:24', '2018-01-30 12:34:24', '43', '20');
INSERT INTO `filmtoarea` VALUES ('2018-01-30 12:34:25', '2018-01-30 12:34:25', '44', '19');
INSERT INTO `filmtoarea` VALUES ('2018-01-30 12:34:25', '2018-01-30 12:34:25', '44', '20');
INSERT INTO `filmtoarea` VALUES ('2018-01-30 12:34:29', '2018-01-30 12:34:29', '45', '19');
INSERT INTO `filmtoarea` VALUES ('2018-01-30 12:34:29', '2018-01-30 12:34:29', '45', '20');
INSERT INTO `filmtoarea` VALUES ('2018-01-30 12:34:29', '2018-01-30 12:34:29', '46', '19');
INSERT INTO `filmtoarea` VALUES ('2018-01-30 12:34:29', '2018-01-30 12:34:29', '46', '20');
INSERT INTO `filmtoarea` VALUES ('2018-01-30 12:34:30', '2018-01-30 12:34:30', '47', '19');
INSERT INTO `filmtoarea` VALUES ('2018-01-30 12:34:30', '2018-01-30 12:34:30', '47', '20');
INSERT INTO `filmtoarea` VALUES ('2018-01-30 12:34:30', '2018-01-30 12:34:30', '48', '19');
INSERT INTO `filmtoarea` VALUES ('2018-01-30 12:34:30', '2018-01-30 12:34:30', '48', '20');
INSERT INTO `filmtoarea` VALUES ('2018-01-30 12:34:31', '2018-01-30 12:34:31', '49', '19');
INSERT INTO `filmtoarea` VALUES ('2018-01-30 12:34:31', '2018-01-30 12:34:31', '49', '20');
INSERT INTO `filmtoarea` VALUES ('2018-01-30 12:34:32', '2018-01-30 12:34:32', '50', '19');
INSERT INTO `filmtoarea` VALUES ('2018-01-30 12:34:32', '2018-01-30 12:34:32', '50', '20');
INSERT INTO `filmtoarea` VALUES ('2018-01-30 12:34:32', '2018-01-30 12:34:32', '51', '19');
INSERT INTO `filmtoarea` VALUES ('2018-01-30 12:34:32', '2018-01-30 12:34:32', '51', '20');
INSERT INTO `filmtoarea` VALUES ('2018-01-30 12:34:33', '2018-01-30 12:34:33', '52', '19');
INSERT INTO `filmtoarea` VALUES ('2018-01-30 12:34:33', '2018-01-30 12:34:33', '52', '20');
INSERT INTO `filmtoarea` VALUES ('2018-01-30 12:34:33', '2018-01-30 12:34:33', '53', '19');
INSERT INTO `filmtoarea` VALUES ('2018-01-30 12:34:33', '2018-01-30 12:34:33', '53', '20');
INSERT INTO `filmtoarea` VALUES ('2018-01-30 12:34:34', '2018-01-30 12:34:34', '54', '19');
INSERT INTO `filmtoarea` VALUES ('2018-01-30 12:34:34', '2018-01-30 12:34:34', '54', '20');
INSERT INTO `filmtoarea` VALUES ('2018-01-30 12:34:35', '2018-01-30 12:34:35', '55', '19');
INSERT INTO `filmtoarea` VALUES ('2018-01-30 12:34:35', '2018-01-30 12:34:35', '55', '20');
INSERT INTO `filmtoarea` VALUES ('2018-01-30 12:34:35', '2018-01-30 12:34:35', '56', '19');
INSERT INTO `filmtoarea` VALUES ('2018-01-30 12:34:35', '2018-01-30 12:34:35', '56', '20');
INSERT INTO `filmtoarea` VALUES ('2018-01-30 12:34:36', '2018-01-30 12:34:36', '57', '19');
INSERT INTO `filmtoarea` VALUES ('2018-01-30 12:34:36', '2018-01-30 12:34:36', '57', '20');
INSERT INTO `filmtoarea` VALUES ('2018-01-30 12:34:36', '2018-01-30 12:34:36', '58', '19');
INSERT INTO `filmtoarea` VALUES ('2018-01-30 12:34:36', '2018-01-30 12:34:36', '58', '20');
INSERT INTO `filmtoarea` VALUES ('2018-01-30 12:34:37', '2018-01-30 12:34:37', '59', '19');
INSERT INTO `filmtoarea` VALUES ('2018-01-30 12:34:37', '2018-01-30 12:34:37', '59', '20');
INSERT INTO `filmtoarea` VALUES ('2018-01-30 12:34:37', '2018-01-30 12:34:37', '60', '19');
INSERT INTO `filmtoarea` VALUES ('2018-01-30 12:34:37', '2018-01-30 12:34:37', '60', '20');
INSERT INTO `filmtoarea` VALUES ('2018-01-30 12:34:38', '2018-01-30 12:34:38', '61', '19');
INSERT INTO `filmtoarea` VALUES ('2018-01-30 12:34:38', '2018-01-30 12:34:38', '61', '20');
INSERT INTO `filmtoarea` VALUES ('2018-01-30 12:34:38', '2018-01-30 12:34:38', '62', '19');
INSERT INTO `filmtoarea` VALUES ('2018-01-30 12:34:38', '2018-01-30 12:34:38', '62', '20');
INSERT INTO `filmtoarea` VALUES ('2018-01-30 12:34:39', '2018-01-30 12:34:39', '63', '19');
INSERT INTO `filmtoarea` VALUES ('2018-01-30 12:34:39', '2018-01-30 12:34:39', '63', '20');
INSERT INTO `filmtoarea` VALUES ('2018-01-30 12:34:40', '2018-01-30 12:34:40', '64', '19');
INSERT INTO `filmtoarea` VALUES ('2018-01-30 12:34:40', '2018-01-30 12:34:40', '64', '20');
INSERT INTO `filmtoarea` VALUES ('2018-01-30 12:34:41', '2018-01-30 12:34:41', '65', '19');
INSERT INTO `filmtoarea` VALUES ('2018-01-30 12:34:41', '2018-01-30 12:34:41', '65', '20');
INSERT INTO `filmtoarea` VALUES ('2018-02-01 15:40:00', '2018-02-01 15:40:00', '66', '19');
INSERT INTO `filmtoarea` VALUES ('2018-02-01 15:40:00', '2018-02-01 15:40:00', '66', '20');
INSERT INTO `filmtoarea` VALUES ('2018-02-01 15:48:33', '2018-02-01 15:48:33', '67', '28');
INSERT INTO `filmtoarea` VALUES ('2018-02-01 15:48:33', '2018-02-01 15:48:33', '67', '29');
INSERT INTO `filmtoarea` VALUES ('2018-02-01 16:03:44', '2018-02-01 16:03:44', '68', '19');
INSERT INTO `filmtoarea` VALUES ('2018-02-01 16:03:44', '2018-02-01 16:03:44', '68', '28');
INSERT INTO `filmtoarea` VALUES ('2018-02-01 16:06:16', '2018-02-01 16:06:16', '69', '19');
INSERT INTO `filmtoarea` VALUES ('2018-02-01 16:06:16', '2018-02-01 16:06:16', '69', '28');
INSERT INTO `filmtoarea` VALUES ('2018-04-23 21:48:56', '2018-04-23 21:48:56', '70', '19');
INSERT INTO `filmtoarea` VALUES ('2018-04-23 21:50:05', '2018-04-23 21:50:05', '71', '19');
INSERT INTO `filmtoarea` VALUES ('2018-04-23 21:50:14', '2018-04-23 21:50:14', '72', '19');
INSERT INTO `filmtoarea` VALUES ('2018-04-23 21:50:23', '2018-04-23 21:50:23', '73', '19');
INSERT INTO `filmtoarea` VALUES ('2018-04-23 21:50:34', '2018-04-23 21:50:34', '74', '19');
INSERT INTO `filmtoarea` VALUES ('2018-04-23 21:50:34', '2018-04-23 21:50:34', '74', '20');
INSERT INTO `filmtoarea` VALUES ('2018-04-23 21:50:42', '2018-04-23 21:50:42', '75', '19');
INSERT INTO `filmtoarea` VALUES ('2018-04-23 21:50:42', '2018-04-23 21:50:42', '75', '20');
INSERT INTO `filmtoarea` VALUES ('2018-04-23 21:50:54', '2018-04-23 21:50:54', '76', '19');
INSERT INTO `filmtoarea` VALUES ('2018-04-23 21:51:02', '2018-04-23 21:51:02', '77', '19');
INSERT INTO `filmtoarea` VALUES ('2018-04-23 21:02:44', '2018-04-23 21:02:44', '78', '27');

-- ----------------------------
-- Table structure for `filmtoclass`
-- ----------------------------
DROP TABLE IF EXISTS `filmtoclass`;
CREATE TABLE `filmtoclass` (
  `createdAt` datetime NOT NULL,
  `updatedAt` datetime NOT NULL,
  `filmId` bigint(20) NOT NULL,
  `classId` int(11) NOT NULL,
  PRIMARY KEY (`filmId`,`classId`),
  KEY `classId` (`classId`),
  CONSTRAINT `filmtoclass_ibfk_1` FOREIGN KEY (`filmId`) REFERENCES `film` (`filmId`) ON DELETE CASCADE ON UPDATE CASCADE,
  CONSTRAINT `filmtoclass_ibfk_2` FOREIGN KEY (`classId`) REFERENCES `filmclass` (`classId`) ON DELETE CASCADE ON UPDATE CASCADE
) ENGINE=InnoDB DEFAULT CHARSET=utf8;

-- ----------------------------
-- Records of filmtoclass
-- ----------------------------
INSERT INTO `filmtoclass` VALUES ('2018-04-06 19:34:14', '2018-04-06 19:34:14', '35', '1');
INSERT INTO `filmtoclass` VALUES ('2018-04-06 19:34:14', '2018-04-06 19:34:14', '35', '30');
INSERT INTO `filmtoclass` VALUES ('2018-01-30 12:34:19', '2018-01-30 12:34:19', '36', '1');
INSERT INTO `filmtoclass` VALUES ('2018-01-30 12:34:19', '2018-01-30 12:34:19', '36', '27');
INSERT INTO `filmtoclass` VALUES ('2018-01-30 12:34:21', '2018-01-30 12:34:21', '37', '1');
INSERT INTO `filmtoclass` VALUES ('2018-01-30 12:34:21', '2018-01-30 12:34:21', '37', '27');
INSERT INTO `filmtoclass` VALUES ('2018-01-30 12:34:21', '2018-01-30 12:34:21', '38', '1');
INSERT INTO `filmtoclass` VALUES ('2018-01-30 12:34:21', '2018-01-30 12:34:21', '38', '27');
INSERT INTO `filmtoclass` VALUES ('2018-01-30 12:34:22', '2018-01-30 12:34:22', '39', '1');
INSERT INTO `filmtoclass` VALUES ('2018-01-30 12:34:22', '2018-01-30 12:34:22', '39', '27');
INSERT INTO `filmtoclass` VALUES ('2018-01-30 12:34:23', '2018-01-30 12:34:23', '40', '1');
INSERT INTO `filmtoclass` VALUES ('2018-01-30 12:34:23', '2018-01-30 12:34:23', '40', '27');
INSERT INTO `filmtoclass` VALUES ('2018-01-30 12:34:23', '2018-01-30 12:34:23', '41', '1');
INSERT INTO `filmtoclass` VALUES ('2018-01-30 12:34:23', '2018-01-30 12:34:23', '41', '27');
INSERT INTO `filmtoclass` VALUES ('2018-01-30 12:34:24', '2018-01-30 12:34:24', '42', '1');
INSERT INTO `filmtoclass` VALUES ('2018-01-30 12:34:24', '2018-01-30 12:34:24', '42', '27');
INSERT INTO `filmtoclass` VALUES ('2018-01-30 12:34:24', '2018-01-30 12:34:24', '43', '1');
INSERT INTO `filmtoclass` VALUES ('2018-01-30 12:34:24', '2018-01-30 12:34:24', '43', '27');
INSERT INTO `filmtoclass` VALUES ('2018-01-30 12:34:25', '2018-01-30 12:34:25', '44', '1');
INSERT INTO `filmtoclass` VALUES ('2018-01-30 12:34:25', '2018-01-30 12:34:25', '44', '27');
INSERT INTO `filmtoclass` VALUES ('2018-01-30 12:34:29', '2018-01-30 12:34:29', '45', '1');
INSERT INTO `filmtoclass` VALUES ('2018-01-30 12:34:29', '2018-01-30 12:34:29', '45', '27');
INSERT INTO `filmtoclass` VALUES ('2018-01-30 12:34:29', '2018-01-30 12:34:29', '46', '1');
INSERT INTO `filmtoclass` VALUES ('2018-01-30 12:34:29', '2018-01-30 12:34:29', '46', '27');
INSERT INTO `filmtoclass` VALUES ('2018-01-30 12:34:30', '2018-01-30 12:34:30', '47', '1');
INSERT INTO `filmtoclass` VALUES ('2018-01-30 12:34:30', '2018-01-30 12:34:30', '47', '27');
INSERT INTO `filmtoclass` VALUES ('2018-01-30 12:34:30', '2018-01-30 12:34:30', '48', '1');
INSERT INTO `filmtoclass` VALUES ('2018-01-30 12:34:30', '2018-01-30 12:34:30', '48', '27');
INSERT INTO `filmtoclass` VALUES ('2018-01-30 12:34:31', '2018-01-30 12:34:31', '49', '1');
INSERT INTO `filmtoclass` VALUES ('2018-01-30 12:34:31', '2018-01-30 12:34:31', '49', '27');
INSERT INTO `filmtoclass` VALUES ('2018-01-30 12:34:32', '2018-01-30 12:34:32', '50', '1');
INSERT INTO `filmtoclass` VALUES ('2018-01-30 12:34:32', '2018-01-30 12:34:32', '50', '27');
INSERT INTO `filmtoclass` VALUES ('2018-01-30 12:34:32', '2018-01-30 12:34:32', '51', '1');
INSERT INTO `filmtoclass` VALUES ('2018-01-30 12:34:32', '2018-01-30 12:34:32', '51', '27');
INSERT INTO `filmtoclass` VALUES ('2018-01-30 12:34:33', '2018-01-30 12:34:33', '52', '1');
INSERT INTO `filmtoclass` VALUES ('2018-01-30 12:34:33', '2018-01-30 12:34:33', '52', '27');
INSERT INTO `filmtoclass` VALUES ('2018-01-30 12:34:33', '2018-01-30 12:34:33', '53', '1');
INSERT INTO `filmtoclass` VALUES ('2018-01-30 12:34:33', '2018-01-30 12:34:33', '53', '27');
INSERT INTO `filmtoclass` VALUES ('2018-01-30 12:34:34', '2018-01-30 12:34:34', '54', '1');
INSERT INTO `filmtoclass` VALUES ('2018-01-30 12:34:34', '2018-01-30 12:34:34', '54', '27');
INSERT INTO `filmtoclass` VALUES ('2018-01-30 12:34:35', '2018-01-30 12:34:35', '55', '1');
INSERT INTO `filmtoclass` VALUES ('2018-01-30 12:34:35', '2018-01-30 12:34:35', '55', '27');
INSERT INTO `filmtoclass` VALUES ('2018-01-30 12:34:35', '2018-01-30 12:34:35', '56', '1');
INSERT INTO `filmtoclass` VALUES ('2018-01-30 12:34:35', '2018-01-30 12:34:35', '56', '27');
INSERT INTO `filmtoclass` VALUES ('2018-01-30 12:34:36', '2018-01-30 12:34:36', '57', '1');
INSERT INTO `filmtoclass` VALUES ('2018-01-30 12:34:36', '2018-01-30 12:34:36', '57', '27');
INSERT INTO `filmtoclass` VALUES ('2018-01-30 12:34:36', '2018-01-30 12:34:36', '58', '1');
INSERT INTO `filmtoclass` VALUES ('2018-01-30 12:34:36', '2018-01-30 12:34:36', '58', '27');
INSERT INTO `filmtoclass` VALUES ('2018-01-30 12:34:37', '2018-01-30 12:34:37', '59', '1');
INSERT INTO `filmtoclass` VALUES ('2018-01-30 12:34:37', '2018-01-30 12:34:37', '59', '27');
INSERT INTO `filmtoclass` VALUES ('2018-01-30 12:34:37', '2018-01-30 12:34:37', '60', '1');
INSERT INTO `filmtoclass` VALUES ('2018-01-30 12:34:37', '2018-01-30 12:34:37', '60', '27');
INSERT INTO `filmtoclass` VALUES ('2018-01-30 12:34:38', '2018-01-30 12:34:38', '61', '1');
INSERT INTO `filmtoclass` VALUES ('2018-01-30 12:34:38', '2018-01-30 12:34:38', '61', '27');
INSERT INTO `filmtoclass` VALUES ('2018-01-30 12:34:38', '2018-01-30 12:34:38', '62', '1');
INSERT INTO `filmtoclass` VALUES ('2018-01-30 12:34:38', '2018-01-30 12:34:38', '62', '27');
INSERT INTO `filmtoclass` VALUES ('2018-01-30 12:34:39', '2018-01-30 12:34:39', '63', '1');
INSERT INTO `filmtoclass` VALUES ('2018-01-30 12:34:39', '2018-01-30 12:34:39', '63', '27');
INSERT INTO `filmtoclass` VALUES ('2018-01-30 12:34:40', '2018-01-30 12:34:40', '64', '1');
INSERT INTO `filmtoclass` VALUES ('2018-01-30 12:34:40', '2018-01-30 12:34:40', '64', '27');
INSERT INTO `filmtoclass` VALUES ('2018-01-30 12:34:41', '2018-01-30 12:34:41', '65', '1');
INSERT INTO `filmtoclass` VALUES ('2018-01-30 12:34:41', '2018-01-30 12:34:41', '65', '27');
INSERT INTO `filmtoclass` VALUES ('2018-02-01 15:40:00', '2018-02-01 15:40:00', '66', '1');
INSERT INTO `filmtoclass` VALUES ('2018-02-01 15:40:00', '2018-02-01 15:40:00', '66', '36');
INSERT INTO `filmtoclass` VALUES ('2018-02-01 15:48:33', '2018-02-01 15:48:33', '67', '1');
INSERT INTO `filmtoclass` VALUES ('2018-02-01 16:03:44', '2018-02-01 16:03:44', '68', '1');
INSERT INTO `filmtoclass` VALUES ('2018-02-01 16:03:44', '2018-02-01 16:03:44', '68', '37');
INSERT INTO `filmtoclass` VALUES ('2018-02-01 16:06:16', '2018-02-01 16:06:16', '69', '1');
INSERT INTO `filmtoclass` VALUES ('2018-02-01 16:06:16', '2018-02-01 16:06:16', '69', '37');
INSERT INTO `filmtoclass` VALUES ('2018-04-23 21:48:56', '2018-04-23 21:48:56', '70', '32');
INSERT INTO `filmtoclass` VALUES ('2018-04-23 21:48:56', '2018-04-23 21:48:56', '70', '33');
INSERT INTO `filmtoclass` VALUES ('2018-04-23 21:48:56', '2018-04-23 21:48:56', '70', '36');
INSERT INTO `filmtoclass` VALUES ('2018-04-23 21:50:05', '2018-04-23 21:50:05', '71', '32');
INSERT INTO `filmtoclass` VALUES ('2018-04-23 21:50:05', '2018-04-23 21:50:05', '71', '33');
INSERT INTO `filmtoclass` VALUES ('2018-04-23 21:50:05', '2018-04-23 21:50:05', '71', '36');
INSERT INTO `filmtoclass` VALUES ('2018-04-23 21:50:14', '2018-04-23 21:50:14', '72', '1');
INSERT INTO `filmtoclass` VALUES ('2018-04-23 21:50:14', '2018-04-23 21:50:14', '72', '29');
INSERT INTO `filmtoclass` VALUES ('2018-04-23 21:50:23', '2018-04-23 21:50:23', '73', '1');
INSERT INTO `filmtoclass` VALUES ('2018-04-23 21:50:23', '2018-04-23 21:50:23', '73', '27');
INSERT INTO `filmtoclass` VALUES ('2018-04-23 21:50:34', '2018-04-23 21:50:34', '74', '32');
INSERT INTO `filmtoclass` VALUES ('2018-04-23 21:50:34', '2018-04-23 21:50:34', '74', '33');
INSERT INTO `filmtoclass` VALUES ('2018-04-23 21:50:34', '2018-04-23 21:50:34', '74', '36');
INSERT INTO `filmtoclass` VALUES ('2018-04-23 21:50:42', '2018-04-23 21:50:42', '75', '27');
INSERT INTO `filmtoclass` VALUES ('2018-04-23 21:50:42', '2018-04-23 21:50:42', '75', '28');
INSERT INTO `filmtoclass` VALUES ('2018-04-23 21:50:42', '2018-04-23 21:50:42', '75', '36');
INSERT INTO `filmtoclass` VALUES ('2018-04-23 21:50:54', '2018-04-23 21:50:54', '76', '29');
INSERT INTO `filmtoclass` VALUES ('2018-04-23 21:50:54', '2018-04-23 21:50:54', '76', '34');
INSERT INTO `filmtoclass` VALUES ('2018-04-23 21:50:54', '2018-04-23 21:50:54', '76', '35');
INSERT INTO `filmtoclass` VALUES ('2018-04-23 21:51:02', '2018-04-23 21:51:02', '77', '1');
INSERT INTO `filmtoclass` VALUES ('2018-04-23 21:51:02', '2018-04-23 21:51:02', '77', '27');
INSERT INTO `filmtoclass` VALUES ('2018-04-23 21:51:02', '2018-04-23 21:51:02', '77', '29');
INSERT INTO `filmtoclass` VALUES ('2018-04-23 21:02:44', '2018-04-23 21:02:44', '78', '27');
INSERT INTO `filmtoclass` VALUES ('2018-04-23 21:02:44', '2018-04-23 21:02:44', '78', '45');

-- ----------------------------
-- Table structure for `hotfilm`
-- ----------------------------
DROP TABLE IF EXISTS `hotfilm`;
CREATE TABLE `hotfilm` (
  `id` bigint(11) NOT NULL AUTO_INCREMENT,
  `filmId` bigint(11) DEFAULT NULL,
  `createdAt` datetime DEFAULT NULL,
  `updatedAt` datetime DEFAULT NULL,
  `deletedAt` datetime DEFAULT NULL,
  PRIMARY KEY (`id`),
  KEY `filmId` (`filmId`),
  CONSTRAINT `hotfilm_ibfk_1` FOREIGN KEY (`filmId`) REFERENCES `film` (`filmId`)
) ENGINE=InnoDB AUTO_INCREMENT=18 DEFAULT CHARSET=utf8;

-- ----------------------------
-- Records of hotfilm
-- ----------------------------
INSERT INTO `hotfilm` VALUES ('1', '35', '2018-01-30 12:33:38', '2018-01-30 12:33:38', null);
INSERT INTO `hotfilm` VALUES ('2', '36', '2018-01-30 12:33:38', '2018-01-30 12:33:38', null);
INSERT INTO `hotfilm` VALUES ('3', '37', '2018-01-30 12:33:38', '2018-01-30 12:33:38', null);
INSERT INTO `hotfilm` VALUES ('4', '38', '2018-01-30 12:33:38', '2018-01-30 12:33:38', null);
INSERT INTO `hotfilm` VALUES ('5', '39', '2018-01-30 12:33:38', '2018-01-30 12:33:38', null);
INSERT INTO `hotfilm` VALUES ('6', '40', '2018-01-30 12:33:38', '2018-01-30 12:33:38', null);
INSERT INTO `hotfilm` VALUES ('7', '41', '2018-01-30 12:33:38', '2018-01-30 12:33:38', null);
INSERT INTO `hotfilm` VALUES ('8', '42', '2018-01-30 12:33:38', '2018-01-30 12:33:38', null);
INSERT INTO `hotfilm` VALUES ('9', '43', '2018-01-30 12:33:38', '2018-01-30 12:33:38', null);
INSERT INTO `hotfilm` VALUES ('10', '44', '2018-01-30 12:33:38', '2018-01-30 12:33:38', null);
INSERT INTO `hotfilm` VALUES ('11', '45', '2018-01-30 12:33:38', '2018-01-30 12:33:38', null);
INSERT INTO `hotfilm` VALUES ('12', '46', '2018-01-30 12:33:38', '2018-01-30 12:33:38', null);
INSERT INTO `hotfilm` VALUES ('13', '69', '2018-03-31 20:24:44', '2018-03-31 20:24:44', null);
INSERT INTO `hotfilm` VALUES ('14', '70', '2018-04-23 20:34:37', '2018-04-23 20:34:37', null);
INSERT INTO `hotfilm` VALUES ('15', '71', '2018-04-23 21:53:12', '2018-04-23 21:53:12', null);
INSERT INTO `hotfilm` VALUES ('16', '72', '2018-04-23 21:55:52', '2018-04-23 21:55:52', null);
INSERT INTO `hotfilm` VALUES ('17', '73', '2018-04-23 21:56:40', '2018-04-23 21:56:40', null);

-- ----------------------------
-- Table structure for `indexcarousel`
-- ----------------------------
DROP TABLE IF EXISTS `indexcarousel`;
CREATE TABLE `indexcarousel` (
  `id` bigint(20) NOT NULL AUTO_INCREMENT,
  `href` varchar(255) DEFAULT NULL,
  `title` varchar(128) DEFAULT NULL,
  `imgUrl` varchar(255) DEFAULT NULL,
  `createdAt` datetime DEFAULT NULL,
  `updatedAt` datetime DEFAULT NULL,
  `deletedAt` datetime DEFAULT NULL,
  PRIMARY KEY (`id`)
) ENGINE=InnoDB AUTO_INCREMENT=20 DEFAULT CHARSET=utf8;

-- ----------------------------
-- Records of indexcarousel
-- ----------------------------
INSERT INTO `indexcarousel` VALUES ('1', '#', '1', '/uploads/banner1.jpg', '2018-03-09 15:21:06', '2018-03-09 15:21:08', null);
INSERT INTO `indexcarousel` VALUES ('2', '#', '2', '/uploads/banner2.jpg', '2018-03-09 15:21:33', '2018-03-09 15:21:37', null);
INSERT INTO `indexcarousel` VALUES ('3', '#', '3', '/uploads/banner3.jpg', '2018-03-09 15:22:12', '2018-03-09 15:22:15', null);
INSERT INTO `indexcarousel` VALUES ('4', '#', '', '/uploads/banner1.jpg', '2018-03-09 16:44:53', '2018-03-09 16:44:53', '2018-03-11 10:05:36');
INSERT INTO `indexcarousel` VALUES ('5', '#', '1', '/uploads/banner1.jpg', '2018-03-09 16:50:17', '2018-03-09 16:50:17', '2018-03-11 10:06:49');
INSERT INTO `indexcarousel` VALUES ('6', '#', '', '/uploads/banner1.jpg', '2018-03-09 16:50:49', '2018-03-09 16:50:49', '2018-03-09 16:54:13');
INSERT INTO `indexcarousel` VALUES ('7', '#', '', '/uploads/banner1.jpg', '2018-03-09 17:05:08', '2018-03-09 17:05:08', '2018-03-11 09:50:13');
INSERT INTO `indexcarousel` VALUES ('8', '#', '1111', '', '2018-03-11 10:05:24', '2018-03-11 10:05:24', '2018-03-11 10:07:40');
INSERT INTO `indexcarousel` VALUES ('9', '#', '2222', '', '2018-03-11 10:06:38', '2018-03-11 10:06:38', '2018-03-11 10:11:36');
INSERT INTO `indexcarousel` VALUES ('10', '#', '2232', '', '2018-03-11 10:07:27', '2018-03-11 10:07:27', '2018-03-11 10:09:58');
INSERT INTO `indexcarousel` VALUES ('11', '#', '', '', '2018-03-11 10:09:52', '2018-03-11 10:09:52', '2018-03-11 10:12:58');
INSERT INTO `indexcarousel` VALUES ('12', '123123123123123', '12312312312312312321', '/uploads/1520752404612.jpg', '2018-03-11 10:11:08', '2018-03-11 10:11:08', '2018-04-13 15:14:39');
INSERT INTO `indexcarousel` VALUES ('13', '132123123123123', '1312312321', '', '2018-03-11 10:14:53', '2018-03-11 10:14:53', '2018-03-11 10:15:01');
INSERT INTO `indexcarousel` VALUES ('14', '', '', '', '2018-03-11 10:16:15', '2018-03-11 10:16:15', '2018-03-11 10:17:31');
INSERT INTO `indexcarousel` VALUES ('15', '12312312312', '1', '/uploads/1520753105335.jpg', '2018-03-11 10:17:10', '2018-03-11 10:17:10', '2018-03-11 15:25:28');
INSERT INTO `indexcarousel` VALUES ('16', '#', '', '', '2018-03-11 10:19:36', '2018-03-11 10:19:36', '2018-03-11 10:19:40');
INSERT INTO `indexcarousel` VALUES ('17', '#', '2', '/uploads/1520753108891.jpg', '2018-03-11 10:21:49', '2018-03-11 10:21:49', '2018-04-13 15:14:42');
INSERT INTO `indexcarousel` VALUES ('18', '#', '3', '/uploads/1520753112347.jpg', '2018-03-11 10:27:17', '2018-03-11 10:27:17', '2018-03-11 15:25:32');
INSERT INTO `indexcarousel` VALUES ('19', '#', '4', '/uploads/1520753115609.jpg', '2018-03-11 10:29:25', '2018-03-11 10:29:25', '2018-03-11 15:25:34');

-- ----------------------------
-- Table structure for `modle`
-- ----------------------------
DROP TABLE IF EXISTS `modle`;
CREATE TABLE `modle` (
  `modleId` int(11) NOT NULL AUTO_INCREMENT,
  `modleName` varchar(64) DEFAULT NULL,
  `createdAt` datetime DEFAULT NULL,
  `updatedAt` datetime DEFAULT NULL,
  `deletedAt` datetime DEFAULT NULL,
  PRIMARY KEY (`modleId`)
) ENGINE=InnoDB AUTO_INCREMENT=7 DEFAULT CHARSET=utf8;

-- ----------------------------
-- Records of modle
-- ----------------------------
INSERT INTO `modle` VALUES ('1', '', '2018-01-16 05:51:39', '2018-01-16 05:51:39', null);
INSERT INTO `modle` VALUES ('2', '', '2018-01-16 05:51:39', '2018-01-16 05:51:39', null);
INSERT INTO `modle` VALUES ('3', '', '2018-03-08 16:34:18', '2018-03-08 16:34:22', null);
INSERT INTO `modle` VALUES ('4', '', '2018-03-08 16:34:48', '2018-03-08 16:34:51', null);
INSERT INTO `modle` VALUES ('5', '', '2018-03-08 16:35:09', '2018-03-08 16:35:12', null);
INSERT INTO `modle` VALUES ('6', '', '2018-03-11 15:26:19', '2018-03-11 15:26:23', null);

-- ----------------------------
-- Table structure for `permission`
-- ----------------------------
DROP TABLE IF EXISTS `permission`;
CREATE TABLE `permission` (
  `id` int(11) NOT NULL AUTO_INCREMENT,
  `roleId` int(11) DEFAULT NULL,
  `modleId` int(11) DEFAULT NULL,
  `create` int(1) DEFAULT '0',
  `delete` int(1) DEFAULT '0',
  `update` int(1) DEFAULT '0',
  `read` int(1) DEFAULT '0',
  `createdAt` datetime DEFAULT NULL,
  `updatedAt` datetime DEFAULT NULL,
  `deletedAt` datetime DEFAULT NULL,
  PRIMARY KEY (`id`),
  KEY `roleId` (`roleId`),
  KEY `modleId` (`modleId`),
  CONSTRAINT `permission_ibfk_1` FOREIGN KEY (`roleId`) REFERENCES `role` (`roleId`),
  CONSTRAINT `permission_ibfk_2` FOREIGN KEY (`modleId`) REFERENCES `modle` (`modleId`)
) ENGINE=InnoDB AUTO_INCREMENT=41 DEFAULT CHARSET=utf8;

-- ----------------------------
-- Records of permission
-- ----------------------------
INSERT INTO `permission` VALUES ('1', '1', '1', '1', '1', '1', '1', '2018-01-16 05:51:39', '2018-01-16 05:51:39', '2018-03-09 11:12:09');
INSERT INTO `permission` VALUES ('2', '1', '2', '1', '1', '1', '1', '2018-01-16 05:51:39', '2018-01-16 05:51:39', '2018-03-09 11:12:09');
INSERT INTO `permission` VALUES ('3', '4', '1', '1', '1', '1', '1', '2018-03-08 17:46:46', '2018-03-08 17:46:46', null);
INSERT INTO `permission` VALUES ('4', '4', '2', '0', '1', '1', '0', '2018-03-08 17:46:46', '2018-03-08 17:46:46', null);
INSERT INTO `permission` VALUES ('5', '6', '1', '1', '0', '1', '1', '2018-03-09 09:31:44', '2018-03-09 09:31:44', '2018-03-09 11:05:29');
INSERT INTO `permission` VALUES ('6', '6', '2', '0', '1', '0', '0', '2018-03-09 09:31:44', '2018-03-09 09:31:44', '2018-03-09 11:05:29');
INSERT INTO `permission` VALUES ('7', '6', '3', '0', '1', '1', '0', '2018-03-09 09:31:44', '2018-03-09 09:31:44', '2018-03-09 11:05:29');
INSERT INTO `permission` VALUES ('8', '6', '4', '1', '0', '0', '0', '2018-03-09 09:31:44', '2018-03-09 09:31:44', '2018-03-09 11:05:29');
INSERT INTO `permission` VALUES ('9', '6', '5', '0', '1', '0', '1', '2018-03-09 09:31:44', '2018-03-09 09:31:44', '2018-03-09 11:05:29');
INSERT INTO `permission` VALUES ('10', '6', '1', '1', '1', '1', '1', '2018-03-09 11:05:29', '2018-03-09 11:05:29', null);
INSERT INTO `permission` VALUES ('11', '6', '2', '0', '1', '1', '0', '2018-03-09 11:05:29', '2018-03-09 11:05:29', null);
INSERT INTO `permission` VALUES ('12', '1', '1', '1', '1', '1', '1', '2018-03-09 11:12:09', '2018-03-09 11:12:09', '2018-03-09 11:12:39');
INSERT INTO `permission` VALUES ('13', '1', '2', '1', '1', '1', '1', '2018-03-09 11:12:09', '2018-03-09 11:12:09', '2018-03-09 11:12:39');
INSERT INTO `permission` VALUES ('14', '1', '3', '1', '0', '0', '0', '2018-03-09 11:12:09', '2018-03-09 11:12:09', '2018-03-09 11:12:39');
INSERT INTO `permission` VALUES ('15', '1', '4', '0', '1', '0', '0', '2018-03-09 11:12:09', '2018-03-09 11:12:09', '2018-03-09 11:12:39');
INSERT INTO `permission` VALUES ('16', '1', '1', '1', '1', '1', '1', '2018-03-09 11:12:39', '2018-03-09 11:12:39', '2018-03-09 11:12:48');
INSERT INTO `permission` VALUES ('17', '1', '2', '1', '1', '1', '1', '2018-03-09 11:12:39', '2018-03-09 11:12:39', '2018-03-09 11:12:48');
INSERT INTO `permission` VALUES ('18', '1', '3', '1', '0', '0', '0', '2018-03-09 11:12:39', '2018-03-09 11:12:39', '2018-03-09 11:12:48');
INSERT INTO `permission` VALUES ('19', '1', '4', '1', '1', '0', '0', '2018-03-09 11:12:39', '2018-03-09 11:12:39', '2018-03-09 11:12:48');
INSERT INTO `permission` VALUES ('20', '1', '1', '1', '1', '1', '1', '2018-03-09 11:12:48', '2018-03-09 11:12:48', '2018-03-09 11:12:54');
INSERT INTO `permission` VALUES ('21', '1', '2', '1', '1', '1', '1', '2018-03-09 11:12:48', '2018-03-09 11:12:48', '2018-03-09 11:12:54');
INSERT INTO `permission` VALUES ('22', '1', '3', '1', '0', '0', '0', '2018-03-09 11:12:48', '2018-03-09 11:12:48', '2018-03-09 11:12:54');
INSERT INTO `permission` VALUES ('23', '1', '4', '1', '1', '0', '0', '2018-03-09 11:12:48', '2018-03-09 11:12:48', '2018-03-09 11:12:54');
INSERT INTO `permission` VALUES ('24', '1', '5', '0', '1', '0', '0', '2018-03-09 11:12:48', '2018-03-09 11:12:48', '2018-03-09 11:12:54');
INSERT INTO `permission` VALUES ('25', '1', '1', '1', '1', '1', '1', '2018-03-09 11:12:54', '2018-03-09 11:12:54', '2018-04-23 22:19:02');
INSERT INTO `permission` VALUES ('26', '1', '2', '1', '1', '1', '1', '2018-03-09 11:12:54', '2018-03-09 11:12:54', '2018-04-23 22:19:02');
INSERT INTO `permission` VALUES ('27', '1', '3', '1', '1', '1', '1', '2018-03-09 11:12:54', '2018-03-09 11:12:54', '2018-04-23 22:19:02');
INSERT INTO `permission` VALUES ('28', '1', '4', '1', '1', '1', '1', '2018-03-09 11:12:54', '2018-03-09 11:12:54', '2018-04-23 22:19:02');
INSERT INTO `permission` VALUES ('29', '1', '5', '1', '1', '1', '1', '2018-03-09 11:12:54', '2018-03-09 11:12:54', '2018-04-23 22:19:02');
INSERT INTO `permission` VALUES ('30', '7', '1', '0', '0', '1', '0', '2018-04-06 18:47:28', '2018-04-06 18:47:28', '2018-04-23 21:57:17');
INSERT INTO `permission` VALUES ('31', '7', '2', '0', '0', '1', '0', '2018-04-06 18:47:28', '2018-04-06 18:47:28', '2018-04-23 21:57:17');
INSERT INTO `permission` VALUES ('32', '1', '6', '1', '1', '1', '1', null, null, '2018-04-23 22:19:02');
INSERT INTO `permission` VALUES ('33', '7', '1', '0', '0', '1', '0', '2018-04-23 21:57:17', '2018-04-23 21:57:17', null);
INSERT INTO `permission` VALUES ('34', '7', '2', '0', '0', '1', '0', '2018-04-23 21:57:17', '2018-04-23 21:57:17', null);
INSERT INTO `permission` VALUES ('35', '1', '1', '1', '1', '1', '1', '2018-04-23 22:19:02', '2018-04-23 22:19:02', null);
INSERT INTO `permission` VALUES ('36', '1', '2', '1', '1', '1', '1', '2018-04-23 22:19:02', '2018-04-23 22:19:02', null);
INSERT INTO `permission` VALUES ('37', '1', '3', '1', '1', '1', '1', '2018-04-23 22:19:02', '2018-04-23 22:19:02', null);
INSERT INTO `permission` VALUES ('38', '1', '4', '1', '1', '1', '1', '2018-04-23 22:19:02', '2018-04-23 22:19:02', null);
INSERT INTO `permission` VALUES ('39', '1', '5', '1', '1', '1', '1', '2018-04-23 22:19:02', '2018-04-23 22:19:02', null);
INSERT INTO `permission` VALUES ('40', '1', '6', '1', '1', '1', '1', '2018-04-23 22:19:02', '2018-04-23 22:19:02', null);

-- ----------------------------
-- Table structure for `posterimg`
-- ----------------------------
DROP TABLE IF EXISTS `posterimg`;
CREATE TABLE `posterimg` (
  `posterId` bigint(20) NOT NULL AUTO_INCREMENT,
  `url` varchar(256) NOT NULL,
  `createdAt` datetime NOT NULL,
  `updatedAt` datetime NOT NULL,
  `filmId` bigint(20) NOT NULL,
  PRIMARY KEY (`posterId`),
  KEY `filmtoposter_ibfk` (`filmId`),
  CONSTRAINT `filmtoposter_ibfk` FOREIGN KEY (`filmId`) REFERENCES `film` (`filmId`) ON DELETE CASCADE ON UPDATE CASCADE
) ENGINE=InnoDB AUTO_INCREMENT=53 DEFAULT CHARSET=utf8;

-- ----------------------------
-- Records of posterimg
-- ----------------------------
INSERT INTO `posterimg` VALUES ('9', '/uploads/1517286489398.jpg', '2018-01-30 12:33:38', '2018-01-30 12:33:38', '35');
INSERT INTO `posterimg` VALUES ('10', '/uploads/1517286489398.jpg', '2018-01-30 12:34:19', '2018-01-30 12:34:19', '36');
INSERT INTO `posterimg` VALUES ('11', '/uploads/1517286489398.jpg', '2018-01-30 12:34:21', '2018-01-30 12:34:21', '37');
INSERT INTO `posterimg` VALUES ('12', '/uploads/1517286489398.jpg', '2018-01-30 12:34:21', '2018-01-30 12:34:21', '38');
INSERT INTO `posterimg` VALUES ('13', '/uploads/1517286489398.jpg', '2018-01-30 12:34:22', '2018-01-30 12:34:22', '39');
INSERT INTO `posterimg` VALUES ('14', '/uploads/1517286489398.jpg', '2018-01-30 12:34:23', '2018-01-30 12:34:23', '40');
INSERT INTO `posterimg` VALUES ('15', '/uploads/1517286489398.jpg', '2018-01-30 12:34:23', '2018-01-30 12:34:23', '41');
INSERT INTO `posterimg` VALUES ('16', '/uploads/1517286489398.jpg', '2018-01-30 12:34:24', '2018-01-30 12:34:24', '42');
INSERT INTO `posterimg` VALUES ('17', '/uploads/1517286489398.jpg', '2018-01-30 12:34:24', '2018-01-30 12:34:24', '43');
INSERT INTO `posterimg` VALUES ('18', '/uploads/1517286489398.jpg', '2018-01-30 12:34:25', '2018-01-30 12:34:25', '44');
INSERT INTO `posterimg` VALUES ('19', '/uploads/1517286489398.jpg', '2018-01-30 12:34:29', '2018-01-30 12:34:29', '45');
INSERT INTO `posterimg` VALUES ('20', '/uploads/1517286489398.jpg', '2018-01-30 12:34:29', '2018-01-30 12:34:29', '46');
INSERT INTO `posterimg` VALUES ('21', '/uploads/1517286489398.jpg', '2018-01-30 12:34:30', '2018-01-30 12:34:30', '47');
INSERT INTO `posterimg` VALUES ('22', '/uploads/1517286489398.jpg', '2018-01-30 12:34:30', '2018-01-30 12:34:30', '48');
INSERT INTO `posterimg` VALUES ('23', '/uploads/1517286489398.jpg', '2018-01-30 12:34:31', '2018-01-30 12:34:31', '49');
INSERT INTO `posterimg` VALUES ('24', '/uploads/1517286489398.jpg', '2018-01-30 12:34:32', '2018-01-30 12:34:32', '50');
INSERT INTO `posterimg` VALUES ('25', '/uploads/1517286489398.jpg', '2018-01-30 12:34:32', '2018-01-30 12:34:32', '51');
INSERT INTO `posterimg` VALUES ('26', '/uploads/1517286489398.jpg', '2018-01-30 12:34:33', '2018-01-30 12:34:33', '52');
INSERT INTO `posterimg` VALUES ('27', '/uploads/1517286489398.jpg', '2018-01-30 12:34:33', '2018-01-30 12:34:33', '53');
INSERT INTO `posterimg` VALUES ('28', '/uploads/1517286489398.jpg', '2018-01-30 12:34:34', '2018-01-30 12:34:34', '54');
INSERT INTO `posterimg` VALUES ('29', '/uploads/1517286489398.jpg', '2018-01-30 12:34:35', '2018-01-30 12:34:35', '55');
INSERT INTO `posterimg` VALUES ('30', '/uploads/1517286489398.jpg', '2018-01-30 12:34:35', '2018-01-30 12:34:35', '56');
INSERT INTO `posterimg` VALUES ('31', '/uploads/1517286489398.jpg', '2018-01-30 12:34:36', '2018-01-30 12:34:36', '57');
INSERT INTO `posterimg` VALUES ('32', '/uploads/1517286489398.jpg', '2018-01-30 12:34:36', '2018-01-30 12:34:36', '58');
INSERT INTO `posterimg` VALUES ('33', '/uploads/1517286489398.jpg', '2018-01-30 12:34:37', '2018-01-30 12:34:37', '59');
INSERT INTO `posterimg` VALUES ('34', '/uploads/1517286489398.jpg', '2018-01-30 12:34:37', '2018-01-30 12:34:37', '60');
INSERT INTO `posterimg` VALUES ('35', '/uploads/1517286489398.jpg', '2018-01-30 12:34:38', '2018-01-30 12:34:38', '61');
INSERT INTO `posterimg` VALUES ('36', '/uploads/1517286489398.jpg', '2018-01-30 12:34:38', '2018-01-30 12:34:38', '62');
INSERT INTO `posterimg` VALUES ('37', '/uploads/1517286489398.jpg', '2018-01-30 12:34:39', '2018-01-30 12:34:39', '63');
INSERT INTO `posterimg` VALUES ('38', '/uploads/1517286489398.jpg', '2018-01-30 12:34:40', '2018-01-30 12:34:40', '64');
INSERT INTO `posterimg` VALUES ('39', '/uploads/1517286489398.jpg', '2018-01-30 12:34:41', '2018-01-30 12:34:41', '65');
INSERT INTO `posterimg` VALUES ('40', '/uploads/1517470787375.jpg', '2018-02-01 15:40:00', '2018-02-01 15:40:00', '66');
INSERT INTO `posterimg` VALUES ('41', '/uploads/1517471310573.jpg', '2018-02-01 15:48:33', '2018-02-01 15:48:33', '67');
INSERT INTO `posterimg` VALUES ('42', '/uploads/1517472219383.jpg', '2018-02-01 16:03:44', '2018-02-01 16:03:44', '68');
INSERT INTO `posterimg` VALUES ('43', '/uploads/1517472219383.jpg', '2018-02-01 16:06:16', '2018-02-01 16:06:16', '69');
INSERT INTO `posterimg` VALUES ('44', '/uploads/1524491071417.jpg', '2018-04-23 19:22:49', '2018-04-23 19:22:49', '70');
INSERT INTO `posterimg` VALUES ('45', '/uploads/1524491346899.jpg', '2018-04-23 19:29:15', '2018-04-23 19:29:15', '71');
INSERT INTO `posterimg` VALUES ('46', '/uploads/1524491413319.jpg', '2018-04-23 19:35:52', '2018-04-23 19:35:52', '72');
INSERT INTO `posterimg` VALUES ('47', '/uploads/1524491422653.jpg', '2018-04-23 19:38:37', '2018-04-23 19:38:37', '73');
INSERT INTO `posterimg` VALUES ('48', '/uploads/1524491432887.jpg', '2018-04-23 19:42:01', '2018-04-23 19:42:01', '74');
INSERT INTO `posterimg` VALUES ('49', '/uploads/1524491441736.jpg', '2018-04-23 19:44:41', '2018-04-23 19:44:41', '75');
INSERT INTO `posterimg` VALUES ('50', '/uploads/1524491453463.jpg', '2018-04-23 19:47:28', '2018-04-23 19:47:28', '76');
INSERT INTO `posterimg` VALUES ('51', '/uploads/1524491461409.jpg', '2018-04-23 19:49:56', '2018-04-23 19:49:56', '77');
INSERT INTO `posterimg` VALUES ('52', '/uploads/1524488563306.jpg', '2018-04-23 21:02:44', '2018-04-23 21:02:44', '78');

-- ----------------------------
-- Table structure for `role`
-- ----------------------------
DROP TABLE IF EXISTS `role`;
CREATE TABLE `role` (
  `roleId` int(11) NOT NULL AUTO_INCREMENT,
  `roleName` varchar(256) DEFAULT NULL,
  `createdAt` datetime DEFAULT NULL,
  `updatedAt` datetime DEFAULT NULL,
  `deletedAt` datetime DEFAULT NULL,
  PRIMARY KEY (`roleId`)
) ENGINE=InnoDB AUTO_INCREMENT=8 DEFAULT CHARSET=utf8;

-- ----------------------------
-- Records of role
-- ----------------------------
INSERT INTO `role` VALUES ('1', '', '2018-01-16 05:51:39', '2018-04-23 22:19:02', null);
INSERT INTO `role` VALUES ('2', '', '2018-01-16 05:51:39', '2018-01-16 05:51:39', null);
INSERT INTO `role` VALUES ('4', '', '2018-03-08 17:46:46', '2018-03-08 17:46:46', null);
INSERT INTO `role` VALUES ('6', '', '2018-03-09 09:31:44', '2018-03-09 11:05:29', '2018-03-09 10:20:42');
INSERT INTO `role` VALUES ('7', '', '2018-04-06 18:47:28', '2018-04-23 21:57:17', '2018-04-24 09:00:12');

-- ----------------------------
-- Table structure for `seatinfo`
-- ----------------------------
DROP TABLE IF EXISTS `seatinfo`;
CREATE TABLE `seatinfo` (
  `seatId` int(11) NOT NULL AUTO_INCREMENT,
  `roomId` int(11) DEFAULT NULL,
  `seatCode` varchar(64) DEFAULT NULL,
  `row` int(11) DEFAULT NULL,
  `column` int(11) DEFAULT NULL,
  `createdAt` datetime DEFAULT NULL,
  `updatedAt` datetime DEFAULT NULL,
  `deletedAt` datetime DEFAULT NULL,
  PRIMARY KEY (`seatId`),
  KEY `seatinfo_ibfk_1` (`roomId`),
  CONSTRAINT `seatinfo_ibfk_1` FOREIGN KEY (`roomId`) REFERENCES `filmroom` (`roomId`)
) ENGINE=InnoDB AUTO_INCREMENT=184 DEFAULT CHARSET=utf8;

-- ----------------------------
-- Records of seatinfo
-- ----------------------------
INSERT INTO `seatinfo` VALUES ('7', '9', '11', '1', '1', '2018-01-31 17:01:47', '2018-01-31 17:01:47', '2018-02-20 17:23:25');
INSERT INTO `seatinfo` VALUES ('8', '9', '12', '1', '2', '2018-01-31 17:01:47', '2018-01-31 17:01:47', '2018-02-20 17:23:25');
INSERT INTO `seatinfo` VALUES ('9', '9', '13', '1', '3', '2018-01-31 17:01:47', '2018-01-31 17:01:47', '2018-02-20 17:23:25');
INSERT INTO `seatinfo` VALUES ('10', '9', '21', '2', '1', '2018-01-31 17:01:47', '2018-01-31 17:01:47', '2018-02-20 17:23:25');
INSERT INTO `seatinfo` VALUES ('11', '9', '22', '2', '2', '2018-01-31 17:01:47', '2018-01-31 17:01:47', '2018-02-20 17:23:25');
INSERT INTO `seatinfo` VALUES ('12', '9', '23', '2', '3', '2018-01-31 17:01:47', '2018-01-31 17:01:47', '2018-02-20 17:23:25');
INSERT INTO `seatinfo` VALUES ('13', '10', '11', '1', '1', '2018-01-31 17:03:36', '2018-01-31 17:03:36', '2018-02-26 12:15:06');
INSERT INTO `seatinfo` VALUES ('14', '10', '12', '1', '2', '2018-01-31 17:03:36', '2018-01-31 17:03:36', '2018-02-26 12:15:06');
INSERT INTO `seatinfo` VALUES ('15', '10', '13', '1', '3', '2018-01-31 17:03:36', '2018-01-31 17:03:36', '2018-02-26 12:15:06');
INSERT INTO `seatinfo` VALUES ('16', '10', '21', '2', '1', '2018-01-31 17:03:36', '2018-01-31 17:03:36', '2018-02-26 12:15:06');
INSERT INTO `seatinfo` VALUES ('17', '10', '22', '2', '2', '2018-01-31 17:03:36', '2018-01-31 17:03:36', '2018-02-26 12:15:06');
INSERT INTO `seatinfo` VALUES ('18', '10', '23', '2', '3', '2018-01-31 17:03:36', '2018-01-31 17:03:36', '2018-02-26 12:15:06');
INSERT INTO `seatinfo` VALUES ('19', '12', '11', '1', '1', '2018-02-05 10:10:39', '2018-02-05 10:10:39', null);
INSERT INTO `seatinfo` VALUES ('20', '12', '21', '2', '1', '2018-02-05 10:10:39', '2018-02-05 10:10:39', null);
INSERT INTO `seatinfo` VALUES ('21', '13', '11', '1', '2', '2018-02-05 10:14:40', '2018-02-05 10:14:40', null);
INSERT INTO `seatinfo` VALUES ('22', '13', '12', '1', '4', '2018-02-05 10:14:40', '2018-02-05 10:14:40', null);
INSERT INTO `seatinfo` VALUES ('23', '13', '21', '2', '1', '2018-02-05 10:14:40', '2018-02-05 10:14:40', null);
INSERT INTO `seatinfo` VALUES ('24', '13', '22', '2', '2', '2018-02-05 10:14:40', '2018-02-05 10:14:40', null);
INSERT INTO `seatinfo` VALUES ('25', '13', '23', '2', '3', '2018-02-05 10:14:40', '2018-02-05 10:14:40', null);
INSERT INTO `seatinfo` VALUES ('26', '13', '24', '2', '4', '2018-02-05 10:14:40', '2018-02-05 10:14:40', null);
INSERT INTO `seatinfo` VALUES ('27', '13', '31', '3', '1', '2018-02-05 10:14:40', '2018-02-05 10:14:40', null);
INSERT INTO `seatinfo` VALUES ('28', '13', '32', '3', '2', '2018-02-05 10:14:40', '2018-02-05 10:14:40', null);
INSERT INTO `seatinfo` VALUES ('29', '13', '33', '3', '3', '2018-02-05 10:14:40', '2018-02-05 10:14:40', null);
INSERT INTO `seatinfo` VALUES ('30', '13', '34', '3', '4', '2018-02-05 10:14:40', '2018-02-05 10:14:40', null);
INSERT INTO `seatinfo` VALUES ('31', '13', '41', '4', '1', '2018-02-05 10:14:40', '2018-02-05 10:14:40', null);
INSERT INTO `seatinfo` VALUES ('32', '13', '42', '4', '2', '2018-02-05 10:14:40', '2018-02-05 10:14:40', null);
INSERT INTO `seatinfo` VALUES ('33', '14', '11', '1', '2', '2018-02-05 10:15:35', '2018-02-05 10:15:35', '2018-04-24 08:59:04');
INSERT INTO `seatinfo` VALUES ('34', '14', '12', '1', '3', '2018-02-05 10:15:35', '2018-02-05 10:15:35', '2018-04-24 08:59:04');
INSERT INTO `seatinfo` VALUES ('35', '14', '21', '3', '2', '2018-02-05 10:15:35', '2018-02-05 10:15:35', '2018-04-24 08:59:04');
INSERT INTO `seatinfo` VALUES ('36', '14', '22', '3', '3', '2018-02-05 10:15:35', '2018-02-05 10:15:35', '2018-04-24 08:59:04');
INSERT INTO `seatinfo` VALUES ('37', '14', '31', '4', '3', '2018-02-05 10:15:35', '2018-02-05 10:15:35', '2018-04-24 08:59:04');
INSERT INTO `seatinfo` VALUES ('38', '14', '32', '4', '4', '2018-02-05 10:15:35', '2018-02-05 10:15:35', '2018-04-24 08:59:04');
INSERT INTO `seatinfo` VALUES ('39', '15', '11', '4', '2', '2018-02-05 10:45:05', '2018-02-05 10:45:05', null);
INSERT INTO `seatinfo` VALUES ('40', '15', '12', '4', '4', '2018-02-05 10:45:05', '2018-02-05 10:45:05', null);
INSERT INTO `seatinfo` VALUES ('41', '16', '11', '1', '3', '2018-02-05 11:49:04', '2018-02-05 11:49:04', null);
INSERT INTO `seatinfo` VALUES ('42', '16', '21', '2', '2', '2018-02-05 11:49:04', '2018-02-05 11:49:04', null);
INSERT INTO `seatinfo` VALUES ('43', '16', '22', '2', '3', '2018-02-05 11:49:04', '2018-02-05 11:49:04', null);
INSERT INTO `seatinfo` VALUES ('44', '16', '31', '3', '2', '2018-02-05 11:49:04', '2018-02-05 11:49:04', null);
INSERT INTO `seatinfo` VALUES ('45', '16', '32', '3', '3', '2018-02-05 11:49:04', '2018-02-05 11:49:04', null);
INSERT INTO `seatinfo` VALUES ('46', '16', '33', '3', '4', '2018-02-05 11:49:04', '2018-02-05 11:49:04', null);
INSERT INTO `seatinfo` VALUES ('47', '16', '41', '4', '1', '2018-02-05 11:49:04', '2018-02-05 11:49:04', null);
INSERT INTO `seatinfo` VALUES ('48', '16', '42', '4', '2', '2018-02-05 11:49:04', '2018-02-05 11:49:04', null);
INSERT INTO `seatinfo` VALUES ('49', '16', '43', '4', '3', '2018-02-05 11:49:04', '2018-02-05 11:49:04', null);
INSERT INTO `seatinfo` VALUES ('50', '16', '44', '4', '4', '2018-02-05 11:49:04', '2018-02-05 11:49:04', null);
INSERT INTO `seatinfo` VALUES ('51', '16', '51', '5', '2', '2018-02-05 11:49:04', '2018-02-05 11:49:04', null);
INSERT INTO `seatinfo` VALUES ('52', '17', '11', '1', '3', '2018-02-05 11:49:06', '2018-02-05 11:49:06', null);
INSERT INTO `seatinfo` VALUES ('53', '17', '21', '2', '2', '2018-02-05 11:49:06', '2018-02-05 11:49:06', null);
INSERT INTO `seatinfo` VALUES ('54', '17', '22', '2', '3', '2018-02-05 11:49:06', '2018-02-05 11:49:06', null);
INSERT INTO `seatinfo` VALUES ('55', '17', '31', '3', '2', '2018-02-05 11:49:06', '2018-02-05 11:49:06', null);
INSERT INTO `seatinfo` VALUES ('56', '17', '32', '3', '3', '2018-02-05 11:49:06', '2018-02-05 11:49:06', null);
INSERT INTO `seatinfo` VALUES ('57', '17', '33', '3', '4', '2018-02-05 11:49:06', '2018-02-05 11:49:06', null);
INSERT INTO `seatinfo` VALUES ('58', '17', '41', '4', '1', '2018-02-05 11:49:06', '2018-02-05 11:49:06', null);
INSERT INTO `seatinfo` VALUES ('59', '17', '42', '4', '2', '2018-02-05 11:49:06', '2018-02-05 11:49:06', null);
INSERT INTO `seatinfo` VALUES ('60', '17', '43', '4', '3', '2018-02-05 11:49:06', '2018-02-05 11:49:06', null);
INSERT INTO `seatinfo` VALUES ('61', '17', '44', '4', '4', '2018-02-05 11:49:06', '2018-02-05 11:49:06', null);
INSERT INTO `seatinfo` VALUES ('62', '17', '51', '5', '2', '2018-02-05 11:49:06', '2018-02-05 11:49:06', null);
INSERT INTO `seatinfo` VALUES ('63', '18', '11', '1', '3', '2018-02-05 11:49:06', '2018-02-05 11:49:06', null);
INSERT INTO `seatinfo` VALUES ('64', '18', '21', '2', '2', '2018-02-05 11:49:06', '2018-02-05 11:49:06', null);
INSERT INTO `seatinfo` VALUES ('65', '18', '22', '2', '3', '2018-02-05 11:49:06', '2018-02-05 11:49:06', null);
INSERT INTO `seatinfo` VALUES ('66', '18', '31', '3', '2', '2018-02-05 11:49:06', '2018-02-05 11:49:06', null);
INSERT INTO `seatinfo` VALUES ('67', '18', '32', '3', '3', '2018-02-05 11:49:06', '2018-02-05 11:49:06', null);
INSERT INTO `seatinfo` VALUES ('68', '18', '33', '3', '4', '2018-02-05 11:49:06', '2018-02-05 11:49:06', null);
INSERT INTO `seatinfo` VALUES ('69', '18', '41', '4', '1', '2018-02-05 11:49:06', '2018-02-05 11:49:06', null);
INSERT INTO `seatinfo` VALUES ('70', '18', '42', '4', '2', '2018-02-05 11:49:06', '2018-02-05 11:49:06', null);
INSERT INTO `seatinfo` VALUES ('71', '18', '43', '4', '3', '2018-02-05 11:49:06', '2018-02-05 11:49:06', null);
INSERT INTO `seatinfo` VALUES ('72', '18', '44', '4', '4', '2018-02-05 11:49:06', '2018-02-05 11:49:06', null);
INSERT INTO `seatinfo` VALUES ('73', '18', '51', '5', '2', '2018-02-05 11:49:06', '2018-02-05 11:49:06', null);
INSERT INTO `seatinfo` VALUES ('74', '19', '11', '1', '3', '2018-02-05 11:49:07', '2018-02-05 11:49:07', '2018-04-23 21:27:29');
INSERT INTO `seatinfo` VALUES ('75', '19', '21', '2', '2', '2018-02-05 11:49:07', '2018-02-05 11:49:07', '2018-04-23 21:27:29');
INSERT INTO `seatinfo` VALUES ('76', '19', '22', '2', '3', '2018-02-05 11:49:07', '2018-02-05 11:49:07', '2018-04-23 21:27:29');
INSERT INTO `seatinfo` VALUES ('77', '19', '31', '3', '2', '2018-02-05 11:49:07', '2018-02-05 11:49:07', '2018-04-23 21:27:29');
INSERT INTO `seatinfo` VALUES ('78', '19', '32', '3', '3', '2018-02-05 11:49:07', '2018-02-05 11:49:07', '2018-04-23 21:27:29');
INSERT INTO `seatinfo` VALUES ('79', '19', '33', '3', '4', '2018-02-05 11:49:07', '2018-02-05 11:49:07', '2018-04-23 21:27:29');
INSERT INTO `seatinfo` VALUES ('80', '19', '41', '4', '1', '2018-02-05 11:49:07', '2018-02-05 11:49:07', '2018-04-23 21:27:29');
INSERT INTO `seatinfo` VALUES ('81', '19', '42', '4', '2', '2018-02-05 11:49:07', '2018-02-05 11:49:07', '2018-04-23 21:27:29');
INSERT INTO `seatinfo` VALUES ('82', '19', '43', '4', '3', '2018-02-05 11:49:07', '2018-02-05 11:49:07', '2018-04-23 21:27:29');
INSERT INTO `seatinfo` VALUES ('83', '19', '44', '4', '4', '2018-02-05 11:49:07', '2018-02-05 11:49:07', '2018-04-23 21:27:29');
INSERT INTO `seatinfo` VALUES ('84', '19', '51', '5', '2', '2018-02-05 11:49:07', '2018-02-05 11:49:07', '2018-04-23 21:27:29');
INSERT INTO `seatinfo` VALUES ('85', '20', '11', '1', '1', '2018-02-20 15:53:20', '2018-02-20 15:53:20', '2018-04-23 21:27:40');
INSERT INTO `seatinfo` VALUES ('86', '20', '12', '1', '2', '2018-02-20 15:53:20', '2018-02-20 15:53:20', '2018-04-23 21:27:40');
INSERT INTO `seatinfo` VALUES ('87', '20', '13', '1', '3', '2018-02-20 15:53:20', '2018-02-20 15:53:20', '2018-04-23 21:27:40');
INSERT INTO `seatinfo` VALUES ('88', '20', '21', '2', '1', '2018-02-20 15:53:20', '2018-02-20 15:53:20', '2018-04-23 21:27:40');
INSERT INTO `seatinfo` VALUES ('89', '20', '22', '2', '2', '2018-02-20 15:53:20', '2018-02-20 15:53:20', '2018-04-23 21:27:40');
INSERT INTO `seatinfo` VALUES ('90', '20', '23', '2', '3', '2018-02-20 15:53:20', '2018-02-20 15:53:20', '2018-04-23 21:27:40');
INSERT INTO `seatinfo` VALUES ('91', '9', '11', '1', '1', '2018-02-20 17:23:25', '2018-02-20 17:23:25', null);
INSERT INTO `seatinfo` VALUES ('92', '9', '12', '1', '2', '2018-02-20 17:23:25', '2018-02-20 17:23:25', null);
INSERT INTO `seatinfo` VALUES ('93', '9', '13', '1', '3', '2018-02-20 17:23:25', '2018-02-20 17:23:25', null);
INSERT INTO `seatinfo` VALUES ('94', '9', '14', '1', '4', '2018-02-20 17:23:25', '2018-02-20 17:23:25', null);
INSERT INTO `seatinfo` VALUES ('95', '9', '21', '2', '1', '2018-02-20 17:23:25', '2018-02-20 17:23:25', null);
INSERT INTO `seatinfo` VALUES ('96', '9', '22', '2', '2', '2018-02-20 17:23:25', '2018-02-20 17:23:25', null);
INSERT INTO `seatinfo` VALUES ('97', '9', '23', '2', '3', '2018-02-20 17:23:25', '2018-02-20 17:23:25', null);
INSERT INTO `seatinfo` VALUES ('98', '9', '24', '2', '7', '2018-02-20 17:23:25', '2018-02-20 17:23:25', null);
INSERT INTO `seatinfo` VALUES ('99', '9', '31', '3', '1', '2018-02-20 17:23:25', '2018-02-20 17:23:25', null);
INSERT INTO `seatinfo` VALUES ('100', '9', '32', '3', '3', '2018-02-20 17:23:25', '2018-02-20 17:23:25', null);
INSERT INTO `seatinfo` VALUES ('101', '9', '33', '3', '7', '2018-02-20 17:23:25', '2018-02-20 17:23:25', null);
INSERT INTO `seatinfo` VALUES ('102', '9', '41', '4', '7', '2018-02-20 17:23:25', '2018-02-20 17:23:25', null);
INSERT INTO `seatinfo` VALUES ('103', '10', '11', '1', '3', '2018-02-26 12:11:58', '2018-02-26 12:11:58', '2018-02-26 12:15:06');
INSERT INTO `seatinfo` VALUES ('104', '10', '12', '1', '4', '2018-02-26 12:11:58', '2018-02-26 12:11:58', '2018-02-26 12:15:06');
INSERT INTO `seatinfo` VALUES ('105', '10', '11', '1', '3', '2018-02-26 12:12:24', '2018-02-26 12:12:24', '2018-02-26 12:15:06');
INSERT INTO `seatinfo` VALUES ('106', '10', '12', '1', '4', '2018-02-26 12:12:24', '2018-02-26 12:12:24', '2018-02-26 12:15:06');
INSERT INTO `seatinfo` VALUES ('107', '10', '11', '1', '3', '2018-02-26 12:12:29', '2018-02-26 12:12:29', '2018-02-26 12:15:06');
INSERT INTO `seatinfo` VALUES ('108', '10', '12', '1', '4', '2018-02-26 12:12:29', '2018-02-26 12:12:29', '2018-02-26 12:15:06');
INSERT INTO `seatinfo` VALUES ('109', '10', '21', '2', '1', '2018-02-26 12:12:29', '2018-02-26 12:12:29', '2018-02-26 12:15:06');
INSERT INTO `seatinfo` VALUES ('110', '10', '22', '2', '2', '2018-02-26 12:12:29', '2018-02-26 12:12:29', '2018-02-26 12:15:06');
INSERT INTO `seatinfo` VALUES ('111', '10', '11', '1', '1', '2018-02-26 12:15:06', '2018-02-26 12:15:06', null);
INSERT INTO `seatinfo` VALUES ('112', '10', '12', '1', '2', '2018-02-26 12:15:06', '2018-02-26 12:15:06', null);
INSERT INTO `seatinfo` VALUES ('113', '10', '13', '1', '3', '2018-02-26 12:15:06', '2018-02-26 12:15:06', null);
INSERT INTO `seatinfo` VALUES ('114', '10', '14', '1', '4', '2018-02-26 12:15:06', '2018-02-26 12:15:06', null);
INSERT INTO `seatinfo` VALUES ('115', '10', '15', '1', '5', '2018-02-26 12:15:06', '2018-02-26 12:15:06', null);
INSERT INTO `seatinfo` VALUES ('116', '10', '21', '2', '1', '2018-02-26 12:15:06', '2018-02-26 12:15:06', null);
INSERT INTO `seatinfo` VALUES ('117', '10', '22', '2', '2', '2018-02-26 12:15:06', '2018-02-26 12:15:06', null);
INSERT INTO `seatinfo` VALUES ('118', '10', '23', '2', '3', '2018-02-26 12:15:06', '2018-02-26 12:15:06', null);
INSERT INTO `seatinfo` VALUES ('119', '10', '24', '2', '4', '2018-02-26 12:15:06', '2018-02-26 12:15:06', null);
INSERT INTO `seatinfo` VALUES ('120', '10', '25', '2', '5', '2018-02-26 12:15:06', '2018-02-26 12:15:06', null);
INSERT INTO `seatinfo` VALUES ('121', '10', '31', '3', '1', '2018-02-26 12:15:06', '2018-02-26 12:15:06', null);
INSERT INTO `seatinfo` VALUES ('122', '10', '32', '3', '2', '2018-02-26 12:15:06', '2018-02-26 12:15:06', null);
INSERT INTO `seatinfo` VALUES ('123', '10', '33', '3', '3', '2018-02-26 12:15:06', '2018-02-26 12:15:06', null);
INSERT INTO `seatinfo` VALUES ('124', '10', '34', '3', '4', '2018-02-26 12:15:06', '2018-02-26 12:15:06', null);
INSERT INTO `seatinfo` VALUES ('125', '10', '35', '3', '5', '2018-02-26 12:15:06', '2018-02-26 12:15:06', null);
INSERT INTO `seatinfo` VALUES ('126', '10', '41', '4', '1', '2018-02-26 12:15:06', '2018-02-26 12:15:06', null);
INSERT INTO `seatinfo` VALUES ('127', '10', '42', '4', '2', '2018-02-26 12:15:06', '2018-02-26 12:15:06', null);
INSERT INTO `seatinfo` VALUES ('128', '10', '43', '4', '3', '2018-02-26 12:15:06', '2018-02-26 12:15:06', null);
INSERT INTO `seatinfo` VALUES ('129', '10', '44', '4', '4', '2018-02-26 12:15:06', '2018-02-26 12:15:06', null);
INSERT INTO `seatinfo` VALUES ('130', '10', '45', '4', '5', '2018-02-26 12:15:06', '2018-02-26 12:15:06', null);
INSERT INTO `seatinfo` VALUES ('131', '10', '51', '5', '1', '2018-02-26 12:15:06', '2018-02-26 12:15:06', null);
INSERT INTO `seatinfo` VALUES ('132', '10', '52', '5', '2', '2018-02-26 12:15:06', '2018-02-26 12:15:06', null);
INSERT INTO `seatinfo` VALUES ('133', '10', '53', '5', '3', '2018-02-26 12:15:06', '2018-02-26 12:15:06', null);
INSERT INTO `seatinfo` VALUES ('134', '10', '54', '5', '4', '2018-02-26 12:15:06', '2018-02-26 12:15:06', null);
INSERT INTO `seatinfo` VALUES ('135', '10', '55', '5', '5', '2018-02-26 12:15:06', '2018-02-26 12:15:06', null);
INSERT INTO `seatinfo` VALUES ('136', '10', '61', '6', '1', '2018-02-26 12:15:06', '2018-02-26 12:15:06', null);
INSERT INTO `seatinfo` VALUES ('137', '10', '62', '6', '2', '2018-02-26 12:15:06', '2018-02-26 12:15:06', null);
INSERT INTO `seatinfo` VALUES ('138', '10', '63', '6', '3', '2018-02-26 12:15:06', '2018-02-26 12:15:06', null);
INSERT INTO `seatinfo` VALUES ('139', '10', '64', '6', '4', '2018-02-26 12:15:06', '2018-02-26 12:15:06', null);
INSERT INTO `seatinfo` VALUES ('140', '10', '65', '6', '5', '2018-02-26 12:15:06', '2018-02-26 12:15:06', null);
INSERT INTO `seatinfo` VALUES ('141', '10', '71', '7', '1', '2018-02-26 12:15:06', '2018-02-26 12:15:06', null);
INSERT INTO `seatinfo` VALUES ('142', '10', '72', '7', '2', '2018-02-26 12:15:06', '2018-02-26 12:15:06', null);
INSERT INTO `seatinfo` VALUES ('143', '10', '73', '7', '3', '2018-02-26 12:15:06', '2018-02-26 12:15:06', null);
INSERT INTO `seatinfo` VALUES ('144', '10', '74', '7', '4', '2018-02-26 12:15:06', '2018-02-26 12:15:06', null);
INSERT INTO `seatinfo` VALUES ('145', '10', '75', '7', '5', '2018-02-26 12:15:06', '2018-02-26 12:15:06', null);
INSERT INTO `seatinfo` VALUES ('146', '10', '81', '8', '1', '2018-02-26 12:15:06', '2018-02-26 12:15:06', null);
INSERT INTO `seatinfo` VALUES ('147', '10', '82', '8', '2', '2018-02-26 12:15:06', '2018-02-26 12:15:06', null);
INSERT INTO `seatinfo` VALUES ('148', '10', '83', '8', '3', '2018-02-26 12:15:06', '2018-02-26 12:15:06', null);
INSERT INTO `seatinfo` VALUES ('149', '10', '84', '8', '4', '2018-02-26 12:15:06', '2018-02-26 12:15:06', null);
INSERT INTO `seatinfo` VALUES ('150', '10', '85', '8', '5', '2018-02-26 12:15:06', '2018-02-26 12:15:06', null);
INSERT INTO `seatinfo` VALUES ('151', '10', '91', '9', '1', '2018-02-26 12:15:06', '2018-02-26 12:15:06', null);
INSERT INTO `seatinfo` VALUES ('152', '10', '92', '9', '2', '2018-02-26 12:15:06', '2018-02-26 12:15:06', null);
INSERT INTO `seatinfo` VALUES ('153', '10', '93', '9', '3', '2018-02-26 12:15:06', '2018-02-26 12:15:06', null);
INSERT INTO `seatinfo` VALUES ('154', '10', '94', '9', '4', '2018-02-26 12:15:06', '2018-02-26 12:15:06', null);
INSERT INTO `seatinfo` VALUES ('155', '10', '95', '9', '5', '2018-02-26 12:15:06', '2018-02-26 12:15:06', null);
INSERT INTO `seatinfo` VALUES ('156', '10', '101', '10', '1', '2018-02-26 12:15:06', '2018-02-26 12:15:06', null);
INSERT INTO `seatinfo` VALUES ('157', '10', '102', '10', '2', '2018-02-26 12:15:06', '2018-02-26 12:15:06', null);
INSERT INTO `seatinfo` VALUES ('158', '10', '103', '10', '3', '2018-02-26 12:15:06', '2018-02-26 12:15:06', null);
INSERT INTO `seatinfo` VALUES ('159', '10', '104', '10', '4', '2018-02-26 12:15:06', '2018-02-26 12:15:06', null);
INSERT INTO `seatinfo` VALUES ('160', '10', '105', '10', '5', '2018-02-26 12:15:06', '2018-02-26 12:15:06', null);
INSERT INTO `seatinfo` VALUES ('161', '19', '11', '1', '3', '2018-04-23 21:27:29', '2018-04-23 21:27:29', null);
INSERT INTO `seatinfo` VALUES ('162', '19', '21', '2', '2', '2018-04-23 21:27:29', '2018-04-23 21:27:29', null);
INSERT INTO `seatinfo` VALUES ('163', '19', '22', '2', '3', '2018-04-23 21:27:29', '2018-04-23 21:27:29', null);
INSERT INTO `seatinfo` VALUES ('164', '19', '31', '3', '2', '2018-04-23 21:27:29', '2018-04-23 21:27:29', null);
INSERT INTO `seatinfo` VALUES ('165', '19', '32', '3', '3', '2018-04-23 21:27:29', '2018-04-23 21:27:29', null);
INSERT INTO `seatinfo` VALUES ('166', '19', '33', '3', '4', '2018-04-23 21:27:29', '2018-04-23 21:27:29', null);
INSERT INTO `seatinfo` VALUES ('167', '19', '41', '4', '1', '2018-04-23 21:27:29', '2018-04-23 21:27:29', null);
INSERT INTO `seatinfo` VALUES ('168', '19', '42', '4', '2', '2018-04-23 21:27:29', '2018-04-23 21:27:29', null);
INSERT INTO `seatinfo` VALUES ('169', '19', '43', '4', '3', '2018-04-23 21:27:29', '2018-04-23 21:27:29', null);
INSERT INTO `seatinfo` VALUES ('170', '19', '44', '4', '4', '2018-04-23 21:27:29', '2018-04-23 21:27:29', null);
INSERT INTO `seatinfo` VALUES ('171', '19', '51', '5', '2', '2018-04-23 21:27:29', '2018-04-23 21:27:29', null);
INSERT INTO `seatinfo` VALUES ('172', '20', '11', '1', '1', '2018-04-23 21:27:40', '2018-04-23 21:27:40', null);
INSERT INTO `seatinfo` VALUES ('173', '20', '12', '1', '2', '2018-04-23 21:27:40', '2018-04-23 21:27:40', null);
INSERT INTO `seatinfo` VALUES ('174', '20', '13', '1', '3', '2018-04-23 21:27:40', '2018-04-23 21:27:40', null);
INSERT INTO `seatinfo` VALUES ('175', '20', '21', '2', '1', '2018-04-23 21:27:40', '2018-04-23 21:27:40', null);
INSERT INTO `seatinfo` VALUES ('176', '20', '22', '2', '2', '2018-04-23 21:27:40', '2018-04-23 21:27:40', null);
INSERT INTO `seatinfo` VALUES ('177', '20', '23', '2', '3', '2018-04-23 21:27:40', '2018-04-23 21:27:40', null);
INSERT INTO `seatinfo` VALUES ('178', '14', '11', '1', '2', '2018-04-24 08:59:04', '2018-04-24 08:59:04', null);
INSERT INTO `seatinfo` VALUES ('179', '14', '12', '1', '3', '2018-04-24 08:59:04', '2018-04-24 08:59:04', null);
INSERT INTO `seatinfo` VALUES ('180', '14', '21', '3', '2', '2018-04-24 08:59:04', '2018-04-24 08:59:04', null);
INSERT INTO `seatinfo` VALUES ('181', '14', '22', '3', '3', '2018-04-24 08:59:04', '2018-04-24 08:59:04', null);
INSERT INTO `seatinfo` VALUES ('182', '14', '31', '4', '3', '2018-04-24 08:59:04', '2018-04-24 08:59:04', null);
INSERT INTO `seatinfo` VALUES ('183', '14', '32', '4', '4', '2018-04-24 08:59:04', '2018-04-24 08:59:04', null);

-- ----------------------------
-- Table structure for `user`
-- ----------------------------
DROP TABLE IF EXISTS `user`;
CREATE TABLE `user` (
  `userId` int(11) NOT NULL AUTO_INCREMENT,
  `userName` varchar(255) NOT NULL,
  `password` varchar(255) NOT NULL,
  `name` varchar(255) DEFAULT NULL,
  `phone` varchar(255) DEFAULT NULL,
  `email` varchar(255) DEFAULT NULL,
  `avatar` varchar(255) DEFAULT NULL,
  `createdAt` datetime NOT NULL,
  `updatedAt` datetime NOT NULL,
  `deletedAt` datetime DEFAULT NULL,
  PRIMARY KEY (`userId`)
) ENGINE=InnoDB AUTO_INCREMENT=27 DEFAULT CHARSET=utf8;

-- ----------------------------
-- Records of user
-- ----------------------------
INSERT INTO `user` VALUES ('1', 'admin', '123', '', '13823473856', '13823473856@qq.com', '/avatar/1519721286967.jpg', '2018-01-16 05:51:39', '2018-04-13 14:35:40', null);
INSERT INTO `user` VALUES ('2', 'zhangsan', '123', '', '13823473856', '13823473856@qq.com', null, '2018-01-30 13:40:51', '2018-01-30 13:40:51', '2018-03-08 10:48:17');
INSERT INTO `user` VALUES ('4', 'zhangsan1', '123', '', '13823473856', '13823473856@qq.com', null, '2018-01-30 13:43:02', '2018-01-30 13:43:02', '2018-03-08 10:50:30');
INSERT INTO `user` VALUES ('5', 'zhangsan2', '123', '', '13823473856', '13823473856@qq.com', null, '2018-01-30 13:44:16', '2018-01-30 13:44:16', '2018-03-08 10:51:56');
INSERT INTO `user` VALUES ('6', 'zhangsan3', '123', '', '13823473856', '13823473856@qq.com', null, '2018-01-30 16:34:03', '2018-01-30 16:34:03', '2018-03-09 09:44:28');
INSERT INTO `user` VALUES ('7', '123456', '111111', '', '13823473856', '13823473856@qq.com', null, '2018-02-07 16:51:43', '2018-02-07 16:51:43', '2018-03-09 09:44:31');
INSERT INTO `user` VALUES ('8', '122222', '222222', '', '13823473856', '13823473856@qq.com', null, '2018-02-08 09:42:52', '2018-02-08 09:42:52', '2018-03-08 10:52:12');
INSERT INTO `user` VALUES ('9', '333333', '333333', '', '13823473856', '13823473856@qq.com', null, '2018-02-08 09:43:39', '2018-02-08 09:43:39', '2018-03-09 09:44:34');
INSERT INTO `user` VALUES ('10', '444444', '444444', '', '13823473856', '13823473856@qq.com', null, '2018-02-08 10:07:53', '2018-02-08 10:07:53', '2018-03-09 09:44:38');
INSERT INTO `user` VALUES ('11', 'yong1', '555555', '', '13823473856', '13823473856@qq.com', null, '2018-02-08 10:19:54', '2018-04-24 09:06:46', null);
INSERT INTO `user` VALUES ('12', '123', '123', '', '13823473856', '13823473856@qq.com', null, '2018-03-07 16:19:50', '2018-03-07 16:19:50', '2018-04-24 09:06:34');
INSERT INTO `user` VALUES ('13', '123', '123', '', '13823473856', '13823473856@qq.com', null, '2018-03-07 17:32:31', '2018-03-07 17:32:31', '2018-04-24 09:06:31');
INSERT INTO `user` VALUES ('15', '123', '123', '', '13823473856', '13823473856@qq.com', null, '2018-03-08 14:58:22', '2018-03-08 14:58:22', '2018-04-24 09:06:29');
INSERT INTO `user` VALUES ('16', '123', '123', '', '13823473856', '13823473856@qq.com', null, '2018-03-08 14:58:49', '2018-03-08 14:58:49', '2018-04-24 09:06:32');
INSERT INTO `user` VALUES ('17', 'test1', '123', '', '13823473856', '13823473856@qq.com', null, '2018-03-18 09:51:20', '2018-03-18 09:51:20', '2018-04-24 09:06:27');
INSERT INTO `user` VALUES ('18', 'test2', '123', '', '13823473856', '13823473856@qq.com', null, '2018-03-18 09:54:22', '2018-03-18 09:54:22', '2018-04-24 09:06:25');
INSERT INTO `user` VALUES ('19', '112312', '123456', '', '13823473856', '13823473856@qq.com', null, '2018-04-01 16:21:52', '2018-04-01 16:21:52', '2018-04-24 09:06:23');
INSERT INTO `user` VALUES ('20', '1231434545', '123456', '', '13823473856', '13823473856@qq.com', null, '2018-04-01 16:27:29', '2018-04-01 16:27:29', '2018-04-24 09:06:08');
INSERT INTO `user` VALUES ('21', '12356673', '123123', '', '13823473856', '13823473856@qq.com', null, '2018-04-01 16:41:48', '2018-04-01 16:41:48', '2018-04-24 09:06:10');
INSERT INTO `user` VALUES ('22', '12354656', '123123', '', '13823473856', '13823473856@qq.com', null, '2018-04-01 16:42:17', '2018-04-01 16:42:17', '2018-04-24 09:06:13');
INSERT INTO `user` VALUES ('23', '12312454', '123123', '', '13823473856', '13823473856@qq.com', null, '2018-04-01 16:48:10', '2018-04-01 16:48:10', '2018-04-24 09:06:14');
INSERT INTO `user` VALUES ('24', 'dfg24324', '123123', '', '13823473856', '13823473856@qq.com', null, '2018-04-01 17:29:47', '2018-04-01 17:29:47', '2018-04-24 09:06:17');
INSERT INTO `user` VALUES ('25', 'ggh1234', '123123', '', '13823473856', '13823473856@qq.com', null, '2018-04-01 17:42:51', '2018-04-01 17:42:51', '2018-04-24 09:06:20');
INSERT INTO `user` VALUES ('26', 'kkkk12314', '123123', '', '13823473856', '13823473856@qq.com', null, '2018-04-09 21:54:56', '2018-04-09 21:54:56', '2018-04-24 09:06:22');

-- ----------------------------
-- Table structure for `usertorole`
-- ----------------------------
DROP TABLE IF EXISTS `usertorole`;
CREATE TABLE `usertorole` (
  `id` int(20) NOT NULL AUTO_INCREMENT,
  `userId` int(11) DEFAULT NULL,
  `roleId` int(11) DEFAULT NULL,
  `createdAt` datetime DEFAULT NULL,
  `updatedAt` datetime DEFAULT NULL,
  `deletedAt` datetime DEFAULT NULL,
  PRIMARY KEY (`id`),
  KEY `userId` (`userId`),
  KEY `roleId` (`roleId`),
  CONSTRAINT `usertorole_ibfk_1` FOREIGN KEY (`userId`) REFERENCES `user` (`userId`),
  CONSTRAINT `usertorole_ibfk_2` FOREIGN KEY (`roleId`) REFERENCES `role` (`roleId`)
) ENGINE=InnoDB AUTO_INCREMENT=52 DEFAULT CHARSET=utf8;

-- ----------------------------
-- Records of usertorole
-- ----------------------------
INSERT INTO `usertorole` VALUES ('1', '1', '1', '2018-03-07 17:32:31', '2018-03-07 17:32:31', '2018-03-08 15:49:54');
INSERT INTO `usertorole` VALUES ('2', '2', '1', '2018-03-07 17:32:31', '2018-03-07 17:32:31', null);
INSERT INTO `usertorole` VALUES ('3', '4', '1', '2018-03-08 14:14:21', '2018-03-08 14:14:25', null);
INSERT INTO `usertorole` VALUES ('4', '5', '2', '2018-03-08 14:14:46', '2018-03-08 14:14:49', null);
INSERT INTO `usertorole` VALUES ('5', '6', '2', '2018-03-08 14:15:12', '2018-03-08 14:15:15', null);
INSERT INTO `usertorole` VALUES ('6', '7', '2', '2018-03-08 14:15:32', '2018-03-08 14:15:35', null);
INSERT INTO `usertorole` VALUES ('7', '8', '2', '2018-03-08 14:15:55', '2018-03-08 14:16:00', null);
INSERT INTO `usertorole` VALUES ('8', '9', '2', '2018-03-08 14:16:19', '2018-03-08 14:16:22', null);
INSERT INTO `usertorole` VALUES ('9', '10', '2', '2018-03-08 14:16:38', '2018-03-08 14:16:41', null);
INSERT INTO `usertorole` VALUES ('10', '11', '2', '2018-03-08 14:16:58', '2018-03-08 14:17:02', '2018-04-24 09:00:04');
INSERT INTO `usertorole` VALUES ('11', '12', '1', '2018-03-08 14:17:18', '2018-03-08 14:17:21', null);
INSERT INTO `usertorole` VALUES ('12', '13', '2', '2018-03-08 14:17:38', '2018-03-08 14:17:41', null);
INSERT INTO `usertorole` VALUES ('13', '15', '2', '2018-03-08 14:58:22', '2018-03-08 14:58:22', null);
INSERT INTO `usertorole` VALUES ('14', '15', '1', '2018-03-08 14:58:22', '2018-03-08 14:58:22', null);
INSERT INTO `usertorole` VALUES ('15', '16', '2', '2018-03-08 14:58:49', '2018-03-08 14:58:49', null);
INSERT INTO `usertorole` VALUES ('16', '16', '1', '2018-03-08 14:58:49', '2018-03-08 14:58:49', null);
INSERT INTO `usertorole` VALUES ('17', '1', '1', '2018-03-08 15:49:46', '2018-03-08 15:49:46', '2018-04-06 16:40:30');
INSERT INTO `usertorole` VALUES ('18', '1', '2', '2018-03-08 15:49:46', '2018-03-08 15:49:46', '2018-03-08 15:49:54');
INSERT INTO `usertorole` VALUES ('19', '1', '1', '2018-03-08 15:49:54', '2018-03-08 15:49:54', '2018-03-08 16:00:55');
INSERT INTO `usertorole` VALUES ('32', '1', '1', '2018-03-08 16:00:55', '2018-03-08 16:00:55', '2018-03-08 16:01:00');
INSERT INTO `usertorole` VALUES ('33', '1', '2', '2018-03-08 16:00:55', '2018-03-08 16:00:55', '2018-03-08 16:01:00');
INSERT INTO `usertorole` VALUES ('34', '1', '2', '2018-03-08 16:01:00', '2018-03-08 16:01:00', '2018-03-11 15:35:53');
INSERT INTO `usertorole` VALUES ('35', '1', '2', '2018-03-11 15:35:53', '2018-03-11 15:35:53', '2018-03-11 15:35:57');
INSERT INTO `usertorole` VALUES ('36', '1', '1', '2018-03-11 15:35:57', '2018-03-11 15:35:57', '2018-04-13 14:35:40');
INSERT INTO `usertorole` VALUES ('37', '4', '4', '2018-03-18 09:51:20', '2018-03-18 09:51:20', null);
INSERT INTO `usertorole` VALUES ('38', '18', '2', '2018-03-18 09:54:22', '2018-03-18 09:54:22', null);
INSERT INTO `usertorole` VALUES ('39', '19', '2', '2018-04-01 16:21:52', '2018-04-01 16:21:52', null);
INSERT INTO `usertorole` VALUES ('40', '20', '2', '2018-04-01 16:27:29', '2018-04-01 16:27:29', null);
INSERT INTO `usertorole` VALUES ('41', '21', '2', '2018-04-01 16:41:48', '2018-04-01 16:41:48', null);
INSERT INTO `usertorole` VALUES ('42', '22', '2', '2018-04-01 16:42:17', '2018-04-01 16:42:17', null);
INSERT INTO `usertorole` VALUES ('43', '23', '2', '2018-04-01 16:48:10', '2018-04-01 16:48:10', null);
INSERT INTO `usertorole` VALUES ('44', '24', '2', '2018-04-01 17:29:47', '2018-04-01 17:29:47', null);
INSERT INTO `usertorole` VALUES ('45', '25', '2', '2018-04-01 17:42:51', '2018-04-01 17:42:51', null);
INSERT INTO `usertorole` VALUES ('46', '26', '2', '2018-04-09 21:54:56', '2018-04-09 21:54:56', null);
INSERT INTO `usertorole` VALUES ('47', '1', '1', '2018-04-13 14:35:40', '2018-04-13 14:35:40', null);
INSERT INTO `usertorole` VALUES ('48', '11', '2', '2018-04-24 09:00:04', '2018-04-24 09:00:04', '2018-04-24 09:06:46');
INSERT INTO `usertorole` VALUES ('49', '11', '7', '2018-04-24 09:00:04', '2018-04-24 09:00:04', '2018-04-24 09:06:46');
INSERT INTO `usertorole` VALUES ('50', '11', '2', '2018-04-24 09:06:46', '2018-04-24 09:06:46', null);
INSERT INTO `usertorole` VALUES ('51', '11', '7', '2018-04-24 09:06:46', '2018-04-24 09:06:46', null);
